image_id,model,baseline_caption,grounded_caption,reference_captions
000000105156,Qwen2.5-VL-3B,"A white horse is harnessed to a cart with colorful blankets, standing on a street next to a sign with Chinese characters. The background features trees and mountains under a clear sky.","The image shows a white horse harnessed to a cart. The horse is adorned with red and black harnesses and is standing on a paved road. The cart has a colorful canopy with red and yellow fabric, and there is a blue sign with white text in the background. The setting appears to be outdoors, possibly in a rural area, with trees and mountains visible in the distance.",A horse stands still attached to a passenger coach.  | A white horse is saddled to a cart that contains a sitting bench that is covered with a curtained tarp. | A horse is attached to a carriage that is decorated in pretty fabrics and colorful paint.  | a horse drawn carriage on a city street | A white horse hocked up to a covered cart.
000000022861,Qwen2.5-VL-3B,A pepperoni pizza in a cast iron pan with a spatula.,The image shows a pepperoni pizza in a black pan with a spatula on top. The pizza is topped with melted cheese and pepperoni slices. There is another plate of pizza in the background.,"A fresh pepperoni pizza seems to have a couple of slices missing.  | A pizza is shown on a platter with a serving knife. | Hot, cheesy pizza is waiting to be eaten. | Thick crust pepperoni pizza in a pan with serving utensil on a table. | a pan pizza with pepperonis and a spatula"
000000258529,Qwen2.5-VL-3B,A small cabin sits in the woods with a stone path leading up to it.,"The image depicts a small wooden structure with a thatched roof, situated in a lush, green forested area. The structure has a simple design with a small window and a bench inside. The ground around the structure is covered with a mix of grass and rocks, leading up to a stone pathway that winds through the trees. The surrounding foliage is dense, creating a serene and secluded atmosphere.",A pathway leading to an outdoor open shed. | this is a small shed on a grassy lawn | Small lean-to with covered seating in a garden path. | The park has a stone rock trail leading to structures.  | A small building and a thin large tree.
000000229840,Qwen2.5-VL-3B,A dog is sniffing the leg of a horse through a wire fence.,A black and white dog with a brown patch on its face is sniffing the ground through a wire fence. The fence has barbed wire and is surrounded by green grass and some yellow flowers.,A dog touches noses with a horse through a fence. | A dog standing close to a metal fence. | A dog and a horse are getting to know each other. | A dog and a horse touching noses through a wire fence  | A horse and a dog are touches noses between a barbed wire fence.
000000209747,Qwen2.5-VL-3B,"A small kitten is sitting inside a white sink, looking at the camera. The kitten has gray and white fur with blue eyes. There is a green and orange scrub brush on the left side of the sink. The background features tiled walls.","A small kitten with gray and white fur is sitting inside a white sink. The kitten has large, round eyes and a pink nose. To the left of the kitten, there is a green and orange scrubbing brush. The sink is placed against a tiled wall, and a faucet is visible above the sink.",A gray and white kitten sitting in a bathroom sink. | The tiny kitten looks sad sitting in the bathroom sink with a scrub brush on the rim. | A gray and white kitten in a white bathroom sink.  | A kitten sitting in a skin with a green brush with green bristles. | Kitten looking puzzled sitting in a bathroom sink
000000132210,Qwen2.5-VL-3B,"A white fire truck with red accents is parked on the side of a road, surrounded by grass and trees. The truck has a large orange sign attached to its back, which appears to be a directional or informational sign. The scene suggests that the fire truck might be on a break or waiting for instructions.","The image shows a white fire truck with the words ""Northern Grimes County"" written on its side. The truck has a red and yellow sign attached to its back. The background features a grassy area with trees and a clear blue sky.",An old fire truck with an old sign in the back of the truck bed. | The truck is hauling a sign used to promote business. | A red and white utility truck with a sign in the truck bed. | A truck is carrying a sign with an arrow on it. | A fire truck with a sign in its bed parked on the grass.
000000096459,Qwen2.5-VL-3B,A duck is swimming in the water with its reflection visible below it.,"A duck is swimming in a body of water. The duck has brown feathers with some darker spots and a yellow beak. The water appears calm, with some small ripples around the duck. There are some floating leaves on the water surface.",A duck paddling through a shallow body of water. | A mallard duck wading on top of a lake. | A brown duck with a white tail floating in the water. | The duck floated on the water among the leaves and branches. | The duck is swimming in the glassy water.
000000513727,Qwen2.5-VL-3B,A hamburger is being cut in half with a knife.,"The image shows a large hamburger on a metal stand with a knife cutting into it. The hamburger is cut in half, revealing the layers of meat, cheese, and vegetables inside. The top bun has sesame seeds on it. There is also a smaller piece of the hamburger on a black plate next to the stand. The background includes a person wearing a red shirt and a glass of water.","Quarter of a giant burger served on a plastic plate | A family size hamburger to be cut into slices. | A huge hamburger with lettuce and tomato on a round plate. | a knife on a tray with a giant sandwich | A cheeseburger the size of a cake, with one slice missing shown on a separate plate."
000000081779,Qwen2.5-VL-3B,A person is holding a box of doughnuts with their hands.,"A person wearing gloves is holding a box containing three large, round doughnuts with powdered sugar on top. The doughnuts are stacked in the box, with the bottom one being partially cut off by the edge of the box. The person's hands are visible, with one hand resting on the doughnuts and the other hand supporting the box from below. The background includes a purple object and part of a blue surface.",a person presents some big doughnuts in a box | A person is standing in front of a box of large doughnuts. | Box with two large doughnuts and someones hands beside them.  | Two hands displaying two very large glazed doughnuts | a box with some big doughnuts inside of it 
000000556462,Qwen2.5-VL-3B,"A plate with a sandwich and french fries, a glass of water, and a bottle of hot sauce.","The image shows a plate of food on a table. The plate contains a sandwich cut in half with toothpicks holding the halves together, along with a side of French fries. There is a glass of water to the left of the plate and a bottle of hot sauce to the right. The background includes a person wearing a shirt with the text ""barclay London 4"" and part of another person's arm.",Panini and fries are are on a lunch platter are served with dressings. | A sandwich with toothpicks and french fries are on a plate. | A grilled sandwich and french fries on a white plate. | Closeup of a table with a plate of food that includes a sandwich and fries. | This person ordered some sandwich melts with fries on the side.
000000397101,Qwen2.5-VL-3B,"A woman in a red shirt and white visor is playing tennis, reaching up to hit the ball with her racket.","A woman in a red tank top and white visor is playing tennis on a blue court. She is reaching up with her right hand to hit the ball, while her left arm is extended upwards. The tennis racket is held in her right hand, positioned above her head.",A young woman gets ready to serve the ball. | The woman is playing tennis with a racquet. | A tennis player lines her racket up to hit the ball. | A woman is holding a tennis racquet preparing to serve the ball. | A female tennis player swinging at a tennis ball.
000000029125,Qwen2.5-VL-3B,A clock tower with a pointed roof and a clock face at the top.,"The image shows a tall brick clock tower against a clear blue sky. The tower has a pointed roof and is illuminated from within, casting a warm glow. There is a circular clock face at the top of the tower, which is also lit up. The tower features vertical windows and a small balcony on the upper level. In the foreground, there are some trees with dark silhouettes against the bright sky.",A large clock tower illuminated by lights and topped with a pyramid.. | A well lit church steeple with a clock on it | An illuminated clock tower behind a tree against a dusky sky. | A large clock tower sitting in the shadows. | There is a tall clock tower lit by lights
000000027438,Qwen2.5-VL-3B,"Two sheep are standing in a grassy field, with one looking at the camera and the other grazing on the grass.","The image shows two sheep in a grassy field. The sheep on the left is standing and looking towards the camera, while the sheep on the right is grazing on the grass. Both sheep have fluffy white wool and are wearing identification tags around their necks. The background consists of a mix of green grass and some dry patches.",Two sheep one with a bell tied to its neck walking in a green field. | Two sheep stand near each other on the grassy pasture. | Two sheep walking in the grass on a sunny day.  | Two sheep that are grazing in a field. | Sheep in a meadow with bells around their necks
000000088412,Qwen2.5-VL-3B,A baseball player is swinging a bat at a pitch while the catcher and umpire watch from behind him.,"A baseball player in a blue uniform with the number 18 is at bat, preparing to swing. The catcher, wearing a grey uniform and a black helmet, is crouched behind the batter, ready to catch the ball. The umpire, dressed in a light blue shirt and dark pants, stands behind the catcher, closely observing the play. The scene takes place on a baseball field with green grass and brown dirt, featuring the home plate and part of the infield.",A baseball player swinging a bat during a game. | Uniformed baseball players playing ball at home plate. | A baseball player is standing in front of a catcher preparing to hit a ball.  | A batter takes a swing at an oncoming baseball. | People playing baseball on a baseball field; a man batting.
000000205498,Qwen2.5-VL-3B,A vase with flowers sits on a table in front of a round window.,"The image shows a round window with white curtains on either side, allowing natural light to enter the room. Through the window, green trees can be seen outside. In front of the window, there is a wooden table with a vase containing a single yellow flower and some greenery. The table is positioned in front of two chairs, one on each side. The overall scene suggests a cozy and serene atmosphere.",A window above a wooden table with a vase containing a white flower. | A kitchen table with a vase and flower and window overlooking it. | vase with flowers make up the center piece of table in front of window | A vase with flowers in it on a table.  | round porthole window in dining room with flower vase
000000218388,Qwen2.5-VL-3B,A stop sign with graffiti on it is in front of a building.,"The image shows a red stop sign with graffiti on it. The sign is attached to a pole in front of a building with multiple windows. There are some bushes and flower beds visible in the foreground, and a street sign indicating ""2100 C St"" can be seen in the background.",A large red sign on a metal pole. | A stop sign sits on a road with graffiti.  | A Stop sign with some potted plants next to some buildings | The stop sign has words painted on it. | a stop sign sits in front of a building 
000000475856,Qwen2.5-VL-3B,A man in a suit stands with his hands in his pockets.,"A man stands in a room with his hands in his pockets. He is wearing a black suit, white dress shirt, and red tie. The room has a wooden door, a wall socket, and a rack of shoes.",A very nicely dressed man standing by a door. | A MAN STANDING NEAR A BROWN DOOR POSING FOR A PICTURE. | A man in a suit poses with his chin up in front of the door. | A man in a suit and a tie is standing by a door. | Man poses for the camera in suit and tie.
000000567198,Qwen2.5-VL-3B,Two giraffes standing next to each other in front of rocks and trees.,"The image shows two giraffes in an outdoor setting. The giraffe on the left is standing with its head down, possibly grazing, while the giraffe on the right is standing upright, facing slightly to the side. Both giraffes have long necks and distinctive spotted coats. The background includes rocks and some greenery, suggesting a natural habitat or zoo environment.",Two giraffe standing on a dirt road next to a jungle | Group of giraffes leaning forward to eat out of a feeding area.  | Two giraffes investigating something inside of an enclosure. | Two giraffes are positioned on both sides of a much larger animal who is taking the lead. | Two giraffes foraging for food along the wall
000000024480,Qwen2.5-VL-3B,"A black cow with white markings is standing in a grassy field near the water, looking at the camera.",A black cow with white markings on its tail and legs stands in a grassy field near a body of water. The cow has yellow ear tags and is facing the camera. The background features green foliage and a clear sky.,A black cow with horns standing on a field. | A black and white cow standing in the grass next to a body of water. | a close up of a cow in a field near a bush | A very mean looking steer grazing in a field. | A cow grazing in a field by a body of water.
000000528811,Qwen2.5-VL-3B,"A green train with yellow doors is parked at a station, and there are other trains in the background.","The image shows two trains at a train station. The train on the left is white with green accents, while the train on the right is green with yellow accents. Both trains have doors open, indicating they might be boarding or disembarking passengers. The background includes other trains and a red platform structure.",a green train that is sitting on a train track | Two green trains stop in front of a warning guard. | a group of trains parked side by side next to a sidewalk | Some very big pretty bright colored trains parked. | two trains are parked side by side at the station
000000187187,Qwen2.5-VL-3B,"A man in a red shirt is using a laptop while standing next to a computer monitor. There are two paintings on the wall behind him, and another person is visible in the background.","A man in a red shirt stands next to a laptop on a stand, with another laptop on a separate stand behind him. The background features colorful abstract paintings and a white wall.","A person and a laptop in a room. | a guy checking out a laptop computer in a store | A man using a laptop at work  | A man using a laptop, while holding it. | A man standing in front of a laptop computer."
000000513381,Qwen2.5-VL-3B,A toddler is sitting at a table with a cup and bowl in front of them.,"The image shows a young child with light-colored hair wearing an orange shirt, sitting at a wooden table. The child is holding a large, colorful toy that resembles a stack of green and yellow bottles. In front of the child on the table is a bowl containing food. The background includes a kitchen setting with white cabinets, a refrigerator, and various kitchen items.","A little girl standing in front of a stack of items. | a child at a table sitting next to stacked items. | A child beside a stack of parmesan cheese containers and a sippy cup. | A young child claps his hands at the ""sculpture"" he made. | A little girl is all happy as she sits at the table with her cup sitting on the containers of cheese. "
000000394478,Qwen2.5-VL-3B,A cat is sitting on a chair next to a green laptop and a small white device with a screen.,A cat sits on a chair behind a green laptop with a white screen displaying a blue icon. To the right of the laptop is a small white device with a blue screen showing a white airplane icon. The background features a beige wall and part of a window with vertical blinds.,a furry cat sits behind a child's laptop | A cat sitting behind a laptop on a desk. | A cat that is sitting on a table that has electronics on it. | A cat is posing next to a laptop computer. | a cat is standing near a tiny computer
000000207180,Qwen2.5-VL-3B,"The image depicts a large, spacious room with high ceilings and arched windows. The room is adorned with several benches and chairs arranged in rows along the walls. There are also a few people visible in the scene, some standing and others sitting on the furniture. The overall atmosphere appears to be that of a public gathering place or a waiting area.","The image depicts the interior of a grand, spacious building with high ceilings and large windows. The focal point is an ornate clock mounted on the wall above a grand archway. The room features several wooden benches arranged in rows along the walls, some of which have magazines placed on them. People are scattered throughout the space, some standing and others sitting on the benches. The lighting is warm and natural, coming from the large windows, which allow sunlight to flood into the room. The architecture suggests a",A group of people walking around a train station. | an ornate bus station with a grand clock in it | A large long hallway with many doors to the sides and a large window at the end with a clock. | A terminal with benches and several people walking around | A very large building with the sun shining through the windows.
000000422755,Qwen2.5-VL-3B,"A young woman is riding a horse on a dirt road in a rural setting. She is wearing a white t-shirt and brown pants, and the horse has a saddle and bridle. The background features a grassy field with a fence and some trees.","A person is riding a horse on a dirt path in a rural setting. The rider is wearing a white t-shirt with the number 17 and brown pants. The horse has a saddle and a bridle. In the background, there are fields, a fence, and a mountain range under a clear sky.",A woman riding on the back of a brown horse. | a teenage girl rides a horse down a dirt road | A woman with a smile on her face riding a horse. | She loves riding her favorite horse as much as she can. | a girl in a white shirt sitting on a brown and black horse
000000555346,Qwen2.5-VL-3B,"A large fishing boat named ""Kulshan"" is docked in the water, with two people in orange vests working on it. The boat has a white cabin and a black hull, and there are several other boats visible in the background.","The image shows a large fishing boat named ""Kulshan"" with the number 40846 on its side. The boat is docked in calm water with a person in an orange life jacket standing near the bow. In the background, there is another smaller boat and some distant landmasses under a cloudy sky.",A tugboat in the water has two occupants.  | A tug boat floating on a large body of water. | Two men in rain gear pull ropes on a fishing boat. | A fishing boat sailing in the ocean with two men. | A small fishing boat with two people on deck
000000261757,Qwen2.5-VL-3B,A pizza with chicken and cheese on a wooden board.,"The image shows a freshly baked pizza with a thin crust, topped with tomato sauce, cheese, and what appears to be chicken pieces. The pizza is placed on a wooden pizza peel, which is resting on a countertop. In the background, there are some kitchen items, including a stack of plates, a container of butter, and a plastic bag. The setting suggests a home kitchen environment.",a pizza on a wooden table ready to be cooked | A pie sitting on top of a wooden board near  stack of plates. | An oven fired traditional pizza sits on a board in the kitchen. | A pizza is sitting on a pizza stone fully cooked. | A whole uncut pizza on a pizza paddle.
000000006005,Qwen2.5-VL-3B,"A group of giraffes, including two adults and two young ones, are standing in an enclosure with a dirt ground and some rocks scattered around. There is a wooden fence in the background, and a person wearing a white shirt and blue jeans is walking behind the giraffes.","The image shows four giraffes in an enclosure with a dirt ground and some rocks. The giraffes are of varying sizes, indicating different ages. There is a wooden fence in the background, and two people are visible walking near the fence. The setting appears to be a zoo or wildlife park.",a couple of giraffes that are walking around | A herd of giraffe standing on top of a dirt field. | Several smaller giraffes that are in an enclosure. | The giraffes are walking in different directions outside. | A giraffe standing next to three baby giraffes in a zoo exhibit.
000000150284,Qwen2.5-VL-3B,A man in a leather jacket stands next to a motorcycle with a blue saddlebag.,"A person in a dark jacket stands next to a parked motorcycle with a red and black color scheme. The motorcycle has a saddlebag attached to the left side. In the background, there is a storefront with a sign that reads ""Victorinox"" and an advertisement for Swiss Army Knives. The scene appears to be set on a city street at night.",A man stands beside his motorcycle in front of a store. | A red and black motorcycle with shiny chrome. | a close up of a motorcycle parked on a street | A motorcycle parked on the side of a road next to a man. | A man stand next to a motorcycle with a bag on the back.
000000397658,Qwen2.5-VL-3B,A woman is talking on her cell phone while walking down the street.,"The image is a black and white photograph of a busy street scene. The main subject is a woman in the foreground who is talking on her phone. She has glasses, a scarf, and is wearing a striped sweater. She appears to be walking down the street. In the background, there are other people walking, some carrying bags, and a few buildings with balconies. There is also a signpost with multiple signs attached to it. The overall atmosphere suggests a bustling urban environment.",A woman with glasses and holding a cell phone on the street | A woman is looking to the side while talking on her phone. | A woman talking on a cell phone while talking past people. | A woman walking down the street talking on a cell phone. | A woman in a scarf and sweater talks on her cell phone in a large city.
000000319607,Qwen2.5-VL-3B,A cyclist rides down the street near a traffic light with a yellow arrow pointing to the right.,"The image depicts an urban street scene with several key elements:

1. **Traffic Light**: A red traffic light is prominently displayed in the foreground, showing a yellow arrow indicating a right turn.
2. **Bicycle**: A cyclist is visible on the sidewalk, riding away from the camera.
3. **Buildings**: The background features a large building under construction, with scaffolding covering its facade.
4. **Street Sign**: There is a street sign near the cyclist, though the text is not","A bent traffic light next to the side of a street. | A man is riding on bicycle alongside a new construction building. | A street light shows a yellow are point right. | A sign post with an electric traffic signal attached. | A traffic light on the intersection of a city, with a large building and a bicyclist in the background."
000000261426,Qwen2.5-VL-3B,"A sandwich with lettuce, tomato, and chicken is cut in half and placed on a black tray.","The image shows a sandwich with visible layers of bread, lettuce, tomato, and possibly chicken or turkey, held together by toothpicks. The sandwich is placed on a black tray, and there is a small bowl of red sauce next to it. In the background, there are some fries and a person's hand, suggesting a casual dining setting.",A black square plate topped with a cut in half chicken sandwich. | THERE IS A SANDWICH WITH MEAT AND LETTUCE | A sandwich sits on a plate on the table.  | Several sandwiches are on a black square plate. | A sandwich is sitting on a black plate.
000000146568,Qwen2.5-VL-3B,A toddler is standing in the middle of a room with toys scattered around him.,"The image shows a child standing on a wooden floor scattered with various toys. The child is wearing a red shirt and blue jeans. There is a basket of toys in the background, along with a yellow toy cart and other colorful toys. The room has a fireplace and a television mounted on the wall.",A little boy is standing near a lot of toys. | the young boy has played with all of his toys. | A toddler playing in a room with many toys all over the floor. | A small child stand amidst many primary-colored toys in front of a fireplace. | A young child is standing in a room with toys on the floor.
000000202445,Qwen2.5-VL-3B,A cat is laying on a bed with a white and gray blanket.,A cat is lying on a bed with a striped blanket. The cat has light brown fur and is resting its head on the bed. The bed is covered with a white and gray striped blanket. There is a dark curtain in the background.,"A cat facing away from the camera, among blankets on a bed. | A  cat sleeping on a blanket on someone's bed | A brown cat is curled up on some bed sheets. | A cat laying in bed on top of a blanket. | A cat is lying covered in bed with white sheets"
000000315976,Qwen2.5-VL-3B,A red double-decker bus is driving down a street with trees and buildings in the background.,"The image shows a red double-decker bus with the destination sign displaying ""Hampstead Heath."" The bus is on a street with trees lining the background. There is a person walking on the sidewalk to the right of the bus. The bus has the number ""24"" displayed on its front window.",a red double decker bus is seen coming up the street | A red double bus is traveling down the road.  | A double decker bus is on a street. | A red double decker bus driving down a street. | A red double decker bus is riding down the road.  
000000096097,Qwen2.5-VL-3B,"A cat is sitting on a wooden chair with its head resting on the seat. The chair has a curved backrest and four legs, and there is a piece of paper or a receipt on the floor next to the chair.",A cat is sitting on a wooden chair with a curved backrest and four turned-up legs. The cat has a black and orange coat and is looking up at the camera. There is a piece of paper on the floor to the right of the chair.,there is a cat sitting on a wooden chair | A cat is sitting on the wooden chair.  | A small cat sitting down on a chair. | A cat is sitting on a chair looking up. | A black cat playing on top of a wooden chair.
000000087456,Qwen2.5-VL-3B,A cat is sitting on a chair in front of a television that is displaying an image of birds flying.,"A cat sits on a desk next to a television displaying birds in flight. The TV is placed on a shelf with various items around it, including a box of tissues, a lamp, and a picture frame. There is also a remote control on the desk.",A cat sitting next to a television watching a bird on the screen.  | A cat watching birds flying on a Sony TV screen. | a cat is looking at a television with birds on it | Cat sits staring at birds that are actually only on the tv screen | A cat drooling at a TV with an image of flying birds on display.
000000357402,Qwen2.5-VL-3B,"A woman is playing tennis on a blue court, wearing a white shirt and black skirt. She is in motion, possibly hitting the ball with her racket. There are several people watching from the stands behind a blue wall.","A woman in a white shirt and black skirt is playing tennis on a blue court. She is holding a tennis racket and appears to be in motion, possibly after hitting the ball. The background shows a crowd of spectators seated in blue chairs, some wearing sunglasses. There is a banner with the text ""Cincy Open"" and ""cincytennis.com.""",The woman has swung her tennis racket behind her back. | a woman holding her tennis racket behind her  | a woman is swinging a teniis racket at a game | A woman playing tennis at a tournament  | A woman swinging a tennis racket at a tennis match.
000000091304,Qwen2.5-VL-3B,"A room with a white couch, a wooden chest, and framed pictures on the wall.","The image depicts a cozy living room setting. The focal point is a white couch adorned with a blue pillow and a white blanket. In front of the couch, there's a wooden chest on a patterned rug. To the left of the couch, a tall floor lamp stands next to a framed picture of a cat. Above the couch, another framed picture hangs on the wall, showcasing a diploma. On the right side of the image, a mirror reflects part of the room.",A living room has a couch and a rustic chest for a coffee table. | A PHOTO OF A LIVING ROOM WITH COUCHES AND A TABLE  | The couch is tidy but empty of people. | A living room with a wooden crate coffee table | A white couch sitting in a living room next to a wooden table.
000000337275,Qwen2.5-VL-3B,A cat is being fed an apple by a person wearing a blue shirt.,"A person in a light blue shirt is holding an apple near a tabby cat's mouth. The cat is sitting on the person's lap, and it appears to be trying to eat the apple.",A man laying on a chair feeding a cat. | A cat in a mans lap investigating an apple. | A brown and white cat eating an apple from a persons hand. | A cat standing on someones lap sniffing an apple | a small black brown and white cat a person and an apple
000000323231,Qwen2.5-VL-3B,"A person in an orange jacket is skiing down a snowy slope, while another person in a black jacket stands nearby holding ski poles. The background features snow-covered trees and a clear blue sky.","The image shows two people skiing on a snowy slope. The person in the foreground is wearing an orange jacket and black pants, while the person in the background is wearing a black jacket with red accents and black pants. Both individuals are using ski poles and skis. The background features snow-covered trees and a clear blue sky.",A pair of ski emergency responders transporting an injured skier. | Two skiers slide across a snowy landscape.  | Two men on skis are going down a snowy slope. | Two people on skis in a wooded snowy area. | Two skiers traveling on a snowy path in a forested area. 
000000568814,Qwen2.5-VL-3B,A man with a beard and a green backpack is looking at the camera.,A man with long hair and a beard is wearing a dark shirt and a green backpack. He is standing in an indoor space with orange walls and ceiling lights. There is another person visible in the background.,A man with a bear sitting with his arms crossed and his tie over his left shoulder. | A man with a beard in a tie sits with his arms crossed. | a man with a beard and a gray shirt and tie | A man with a tie is staring at something. | Man with beard folding arms with tie over shoulder.
000000248400,Qwen2.5-VL-3B,"A man is holding a pizza box with a note that says ""I went to a wishing well, it sank to the ocean floor.""","A man in a kitchen is holding a cardboard pizza box with a humorous message written on it. The message reads: ""I went to a wishing well. It sank to the ocean floor."" The kitchen has white cabinets, a window with blinds, and a wall socket. There is a cactus plant in the background.",A man opens pizza box and stares at the camera. | Man displaying open pizza box with message written on inside. | A man is pointing at a pizza box with a some words on the inner side. | A boy holding open and gesturing towards a pizza box kid with a message written on it. | a kid is showing a pizza with a joke written inside the box cover
000000039726,Qwen2.5-VL-3B,A half-eaten pastry with white icing on top.,"The image shows a partially eaten pastry with a golden-brown exterior and a creamy filling. The pastry is placed on a white plate, and there is a blurred background featuring a green object and some indistinct shapes.",A danish dessert with frosting that is partially eaten | A close up of a round pastry topped with icing. | a delicious donut with white icing on it  | A frosted donut with a bite taken out. | a frosted donut with a bite out of it
000000432547,Qwen2.5-VL-3B,A man is cutting wrapping paper at a table with other people in the background.,"The image shows a man in a dark jacket cutting wrapping paper with scissors at a table. The table is covered with various items, including wrapped gifts, scissors, and a roll of wrapping paper. In the background, there are other people, some of whom appear to be a police officer, and a brick wall. The setting seems to be indoors, possibly during a holiday event.",A man at a table rolling out wrapping paper. | A man unraveling paper on top of a table. | A man cuts wrapping paper on a cluttered table. | an image of a man using wrapping paper | Several people wrapping items with seasonal wrapping paper.
000000504977,Qwen2.5-VL-3B,"An elderly woman is sitting on a bench in a park, wearing a light-colored dress and a head wrap. She has her hands clasped together and appears to be looking down at them. The bench is made of dark wood and is situated in a grassy area with some bushes and trees in the background.",An elderly woman with gray hair is sitting on a green bench in a park. She is wearing a light-colored dress with small blue patterns and has a black purse placed beside her on the bench. The background features tall grasses and bushes.,A lady sitting on a bench in a very open field. | older woman sitting and waiting on a park bench | The lady is sitting on the bench holding her handbag. | An old woman sitting at a bench with her purse. | a lady sitting on a park bench in a park
000000117899,Qwen2.5-VL-3B,"The kitchen has a tile floor and is equipped with wooden cabinets, a microwave, refrigerator, and sink. There is also a dining table set up for four people.","The image depicts a well-lit kitchen with a dining area. The kitchen features wooden cabinets, a stainless steel refrigerator, and a microwave. The dining table is set with place mats and candles, and there is a lamp on the table. The floor is tiled, and the walls are painted in a light color. There is a clock on the wall near the refrigerator. The kitchen has a modern design with a combination of wood and metal elements.",A kitchen filled with wooden cabinets and a table. | A KITCHEN WITH A TABLE AND A SINK IN IT  | This is an empty kitchen with wooden cabinets and a breakfast area. | A large kitchen with light wooden cabinets and plenty of light. | Kitchen with an island stove and a large grandfather clock in corner. 
000000356351,Qwen2.5-VL-3B,"The image depicts an old, dilapidated bathroom with peeling paint and worn-out fixtures. The toilet is positioned against the wall, and there is a sink attached to the wall above it. The floor appears to be made of concrete or tile, and the overall condition suggests neglect and disrepair.","The image depicts an old, dilapidated bathroom with peeling paint and worn-out fixtures. The main features include:

1. **Toilet**: Positioned against the wall, it has a blue cistern and a white porcelain seat.
2. **Sink**: Attached to the wall, it is a small, white ceramic basin.
3. **Walls**: The walls are made of concrete blocks with visible cracks and patches of green mold.
4. **Floor**: The floor appears to be made","This bathroom is so filthy it probably doesn't work anymore | this is a toilet with blue paint on it | a white toilet and sink in a bathroom  | The remains of a washroom lies in a neglected house | An old, dirty restroom is seen in this picture."
000000073773,Qwen2.5-VL-3B,"A man is sitting on a bench reading a newspaper. He is wearing sunglasses and has a blue strap over his shoulder. The bench is made of wood and metal, and there is a pole nearby. The background shows a paved area with some leaves scattered on the ground.","A man is sitting on a wooden bench, reading a newspaper. He wears sunglasses and a black jacket with a blue strap over his shoulder. The bench has a metal frame and is situated in an outdoor area with a paved ground and a column nearby.",a guy that is sitting on a park bench with a news paper | A man sits on a park bench while reading the paper.  | A man sitting on top of a wooden bench. | A PICTURE OF A MAN READING THE NEWSPAPER ON A SIDEWALK  | A man sits alone reading a newspaper on a bench.
000000520232,Qwen2.5-VL-3B,A kite is flying in the sky above two traffic lights that are lit up red.,"The image depicts a serene coastal scene at dusk. Two traffic lights are visible, both displaying red signals, indicating a stop for vehicles. The sky is a gradient of dark blue to purple hues, suggesting the time is either early morning or late evening. A kite is flying in the distance, adding a touch of whimsy to the otherwise tranquil setting. The ocean stretches out into the horizon, its surface calm and undisturbed.",A bird flying between to stop lights in the evening. | A sea gull flying over two traffic lights by the ocean. | The bird is flying above the red lights on the beach. | Two different red lights on poles on opposite sides of a street. | A couple of red traffic lights by a beach and a kite.
000000276149,Qwen2.5-VL-3B,"The image depicts a snowy ski resort with multiple people skiing and snowboarding down the slopes. There is a mix of skiers and snowboarders, some standing on their boards while others are in motion. The scene includes various equipment such as skis, snowboards, and backpacks scattered around the area. The background features a forested hillside and a clear blue sky, creating a picturesque winter landscape.","The image depicts a snowy ski resort with multiple skiers and snowboarders on the slopes. There are several people standing and moving around, some of them are wearing winter clothing such as jackets, hats, and gloves. The ground is covered in snow, and there are various skiing equipment scattered around, including skis and snowboards. In the background, there are trees lining the ski slope, and a few ski lifts can be seen operating. The sky appears to be clear, suggesting it might be",many people on a snowy slope riding skis and snowboards | many people and snowboards at the bottom of a snowy mountain | Skiers and Snowboarders on the bottom of a ski hill | A lot of people that are in the snow. | snowboards and snowboarders standing at the bottom of a run.
000000340278,Qwen2.5-VL-3B,A woman in a plaid shirt is taking a picture with her phone.,"The image depicts a nighttime scene with a group of people gathered on a sidewalk. The background features illuminated trees, possibly cherry blossoms, and streetlights. The people are dressed in winter clothing, suggesting cold weather. One person in the foreground is holding a phone, possibly taking a photo or video. The overall atmosphere appears to be festive or social, with people engaged in various activities.",A man and woman are standing outside holding a cell phone. | A woman in a couple takes a picture of them while the man looks away.   | A woman taking a picture while a man looks away. | A man standing next to a woman in the street. | Two people taking a picture together next to a crowd of people.
000000543836,Qwen2.5-VL-3B,A man is sleeping on a bed with a blue blanket and a cat sitting next to him.,"A man is sleeping on a bed with a blue blanket. There is a black cat lying next to him. The bed has a metal headboard, and there is a pillow behind the man's head. A blue pillow is also visible on the bed.",a gray and black cat and a male sleeping and pillows | A man laying in bed with a gray cat laying on top of him. | A MAN ON HIS BED IS SLEEPING WITH HIS CAT | A picture of a black cat sitting on a young man.  | a man sleeping in bed with a cat lying on him.
000000181446,Qwen2.5-VL-3B,"A man is standing in front of an open refrigerator, looking inside. The refrigerator is filled with various food items and condiments. The man appears to be searching for something specific within the fridge.","A man in a black shirt is standing in front of an open refrigerator filled with various condiments and bottles. The refrigerator door is slightly ajar, revealing the contents inside. The man appears to be reaching for something inside the fridge. The kitchen has wooden cabinets and a countertop with a few items on it.",A man scowling while looking in a refrigerator  | A black man holding open the door of a refrigerator.  | A man standing next to an open freezer door in a kitchen. | A black man holding a refrigerator door wide open. | The man is looking into a messy fridge.
000000064710,Qwen2.5-VL-3B,A woman walking her dog on a sandy trail with red rock cliffs in the background.,"The image depicts a person walking along a sandy trail in a desert-like environment. The person is wearing a backpack and appears to be accompanied by two dogs. The landscape features red rock formations on both sides of the trail, with sparse vegetation. The sky is clear with some scattered clouds.",a person and a dog are standing near some cliffs | A person walks with a backpack being followed by a dog. | A hiker and dogs are walking in a canyon. | A person walks along on a patch of sand near some rocks. | A person walking across a desert filled surrounded by mountains.
000000042204,Qwen2.5-VL-3B,"The image depicts a busy street scene with numerous people walking and shopping in an outdoor market or bazaar. There are several colorful umbrellas providing shade for the vendors and their goods, as well as various flags hanging from the buildings. The atmosphere appears lively and bustling, with a mix of locals and tourists exploring the area.","The image depicts a bustling outdoor market scene with numerous people walking around. There are several colorful umbrellas providing shade to various stalls and food vendors. The stalls are adorned with flags and banners, creating a vibrant and lively atmosphere. The market appears to be located in an urban area, with buildings lining the sides of the street. The people are dressed casually, suggesting a relaxed and informal shopping environment.",Many people are walking along a crowded market place. | Many people are gathered to shop and eat. | A group of people walking through a street with many umbrellas. | many tents on the sides of buildings with people walking near | A OPEN MARKET PEOPLE ARE WALKING EVERY WHERE
000000214123,Qwen2.5-VL-3B,"Four women standing in a kitchen, two of them holding wine glasses.","In the image, four women are standing in a kitchen with wooden cabinets and a white countertop. They are engaged in conversation while holding drinks. The kitchen features a sink, a coffee maker, and a refrigerator. There is a framed picture on the wall, and various kitchen items such as a bowl, a wine glass, and a bottle are visible on the counter.",Group of women socializing with alcohol in house | a couple of women sits around a counter top  | Four people standing around a kitchen bar drinking. | Adults enjoying each others company in residential kitchen. | a number of people standing in a kitchen near one another 
000000272566,Qwen2.5-VL-3B,"A man sits on the ground surrounded by baskets filled with various fruits, including bananas and apples. He appears to be selling these items at an outdoor market.","The image depicts a street vendor selling fruits and vegetables. There is a man sitting on the ground, surrounded by baskets of bananas, apples, and other produce. He appears to be taking a break, holding a cup to his mouth. A young child sits next to him, and another person stands behind the vendor, partially obscured by the produce. The scene suggests a bustling market environment with various fruits and vegetables displayed for sale.",A man and young girl surrounded by various fruits. | A man and child sitting on a street with fruits in baskets. | two people siting on the ground near many different fruits | A man and young girl sit behind a display of fruits. | A couple of people sitting next to piles of fruit.
000000074711,Qwen2.5-VL-3B,Two geese swimming in a green pond.,"The image shows two Canadian geese swimming in a body of water with greenish-brown water. The geese have black heads, necks, and tails, with brown bodies and white underbellies. They appear to be moving slowly through the water, creating gentle ripples around them. The background is a calm, reflective surface of the water, suggesting it might be a pond or a lake.",Two ducks floating together on a body of water.  | Two ducks are swimming in the green colored pond. | Two Canadian geese swim in a green pond. | Two ducks swim in a pond with green water. | Two swam swimming next to each other on a lake.
000000218494,Qwen2.5-VL-3B,A laptop computer is open on a desk with a mouse to the right and a lamp to the left.,"The image shows a laptop on a desk with a computer screen displaying a list of files. The laptop is open and turned on, with the screen showing a file explorer window. To the right of the laptop, there is a white computer mouse. On the left side of the laptop, there is a speaker and a lamp. There is also a pen holder with several pens in it, a stapler, and some papers scattered around the desk.",A laptop computer with a wireless mouse sitting on a desk | An open laptop computer sitting on a wooden desk. | a laptop sitting open on a desk in front of other stuff | A computer with itunes open is on a desk. | mac book on a desk with itunes open
000000094774,Qwen2.5-VL-3B,"A group of people, including both men and women, are standing behind a wooden table in an office setting. They are dressed in business attire, with some wearing ties. The individuals appear to be posing for a photograph.","The image shows a group of people posing for a photograph in what appears to be an office setting. There is a wooden table in the foreground with four individuals seated around it. The individuals are dressed in business attire, including suits, ties, and dress shirts. Some are wearing name tags, indicating they might be employees or professionals. The background features a white wall with a door and some framed pictures or artwork hanging on it. The overall atmosphere suggests a professional environment, possibly a corporate or legal office.",Group of people in dress clothes sitting around a conference table.  | a number of people wearing suits around a table | Men and women are posing for a photo in a conference room. | A group of people sitting around a wooden table. | A bunch of people posing for a group photo in business attire. 
000000357542,Qwen2.5-VL-3B,"A man and his dog are sitting in the snow next to their car, with the dog looking up at him.","A man wearing a black beanie and gloves is sitting in the snow next to his car, which is covered in snow. He is holding a large, white dog with a thick coat of fur. The scene appears to be set in a residential area with other cars parked nearby and snow-covered trees in the background.",A man kneeling with his dog in the snow. | A man kneeling by its dog on the snowy ground. | A man pets his dog while squatting in deep snow. | A man and a dog sitting in a street covered in deep snow. | A man pets a dog while sitting in the snow.
000000261558,Qwen2.5-VL-3B,"A man is looking into an open refrigerator, which contains various food items such as jars and bottles. The refrigerator door has a sign that reads ""Nice or Leave Thank You.""","A man is looking into an open refrigerator filled with various food items. The refrigerator door has a sign that reads ""PLEASE NICE OR LEAVE."" The man is wearing a dark-colored shirt.",A man peering into a refrigerator full of food. | A man is looking into a home refrigerator | A guy opens the refrigerator to look inside.  | A man is looking inside of a refrigerator. | Man with a black shirt on opening the door to a refrigerator. 
000000426795,Qwen2.5-VL-3B,A man is eating a sandwich in a restaurant booth.,"A person with glasses is holding a large sandwich in front of their face. They are wearing a gray t-shirt with a graphic design on it. The setting appears to be a diner or a casual dining establishment, as indicated by the background elements such as a counter, a menu board, and a phone. There is also a reflection of another person in a mirror behind the main subject.",A man eating a giant piece of bread. | A guy is hold up a big pastry to is mouth.  | A person is eating a gigantic pastry next to a chair. | A young man with long hair taking a bite out of a full loaf of bread. | Man in a hotel room about to bite into a large pastry.
000000343455,Qwen2.5-VL-3B,"A slice of pizza with cheese, pepperoni, and green peppers on a purple plate.","The image shows two slices of pizza on a purple plate. The pizza has a golden-brown crust and is topped with melted cheese, chunks of meat (possibly pepperoni), and green bell peppers. The cheese appears to be slightly browned in some areas, indicating it has been baked. The pizza slices are placed side by side on the plate, with one slice slightly overlapping the other. The background is blurred, focusing attention on the pizza slices.",The featured dish contains several unusual fresh ingredients. | A close up of a plate with two slices of pizza. | A purple plate holding two slices of pizza. | A couple of slices of pizza on a purple plate. | A close up of a piece of pizza with bacon on a plate.
000000153072,Qwen2.5-VL-3B,"The image depicts a vibrant kite festival with various colorful kites flying in the sky, including a large octopus-shaped kite and a bird-shaped kite. The scene is set on a sandy beach with trees in the background and people enjoying the event.","The image depicts a vibrant kite festival with various colorful kites flying in the sky. The kites include a large, multicolored kite shaped like a fish, a blue octopus kite, and several smaller kites of different shapes and colors. The background features a clear blue sky, green trees, and a sandy beach area where people are gathered to watch and participate in the event. There are also some vehicles parked near the beach.",Some very colorful and large kites being flown on a beach. | A group of large kites and balloon floats flying in the sky. | People are on the beach while several kites are flying. | Colorful kites flying over a beach on a sunny day | A crowd of people flying colorful intricate kites.
000000348379,Qwen2.5-VL-3B,"A group of people holding signs that say ""Stop Foreclosures"" and ""Stop Evictions.""","The image shows a group of people holding signs that read ""STAND TOGETHER STOP FORECLOSURES STOP EVICTIONS."" The signs are red with white text and black arrows pointing to the right. The individuals are standing on steps, and one person is wearing a red shirt and a black beanie. The background includes other people and a building.","Group of protesters with red and white signs on concrete steps.  | A number of people standing around with signs. | A group of people standing on steps holding signs. | A protest to ""stand together and stop evictions."" | A man standing near a group of people with picket signs."
000000333845,Qwen2.5-VL-3B,"A basket of bananas and apples with the word ""Amendoas"" written on it.","The image shows a basket filled with bananas and apples. The bananas have some brown spots, indicating they might be overripe. The apples are yellow and appear to be fresh. The background is a plain, light-colored wall.",A basket fill with different types of fruit. | There are bananas and other fruit that is inside if the basket | Pears and bananas are in a wooden bowl. | Some bananas and pears are in the basket | a basket of bananas and some apples on a table
000000196799,Qwen2.5-VL-3B,A train is coming out of a tunnel.,"The image depicts a train emerging from a brick tunnel. The train is black with the number ""70007"" visible on its front. The tunnel has a metal roof and is surrounded by greenery, including bushes and trees. The ground outside the tunnel is covered in grass.",A train engine parked under a passage way on some tracks. | a train that is parked on a track that is  under a overpass  | A train sitting on the track under a bridge  | A train that is going through a tunnel. | Locomotive parked under a brick bridge in a secluded spot.
000000250917,Qwen2.5-VL-3B,"A man and a woman are sitting at a table, each using their cell phones. The man is wearing a green striped shirt, while the woman is wearing a pink sweater. They appear to be in a restaurant or café with large windows behind them.","An older man in a green striped polo shirt is holding a flip phone, while an older woman in a pink sweater is also holding a flip phone. They are seated on a red cushioned bench with a patterned backrest. The setting appears to be indoors, possibly a restaurant, with large windows behind them showing trees outside. There is a cup of coffee on the table in front of the man.",There are two people sitting in a restaurant looking at cell phones. | A couple both looking at their cell phones while sitting in a booth at a cafe | An older man and woman sit in a restaurant booth using a cell phone. | a male and a female and their cellphones | Two people are sitting at a table at a restaurant.  The man in green is holding his cell phone and the woman in pink is holding hers.
000000066427,Qwen2.5-VL-3B,"A stop sign is hanging from a pole with two street signs above it, indicating the intersection of Virginia St and 7th Ave. The sky is clear blue in the background.","The image shows a stop sign with the word ""DRIVING"" written on it in white letters. The sign is attached to a pole at an intersection where two streets intersect. The street signs above the stop sign indicate that the intersection is between Virginia Street and 7th Street. The sky is clear and blue, suggesting a sunny day. There are trees and buildings visible in the background, indicating an urban or suburban setting.",A road sign on top of a stop sign  | A stop sign at the corner of two streets. | Stop sign at the corner of Virginia Street. | A stop sign under a street sign on a corner. | Altered STOP sign with street signs attached to it. 
000000574015,Qwen2.5-VL-3B,A train is traveling through a forested area.,"The image shows a train traveling through a lush, green forested area. The train is composed of multiple passenger cars, with the front car visible on the right side of the image. The surrounding landscape is dense with trees and foliage, creating a serene and natural environment. The train appears to be moving along a track that is partially obscured by vegetation.",A train traveling past a forest filled with green trees. | A train is coming around a bend in a wooded area. | Wooden train passing through a forested hilly area. | A long view of the side of a train as it snakes along a track. | A train passing by a heavily wooded area.
000000160828,Qwen2.5-VL-3B,"A woman in a blue bikini is surfing on a wave, with her left arm extended and her right leg bent as she rides the surfboard.","A woman in a blue bikini is surfing on a wave. She is standing on a white surfboard, riding the crest of the wave. The water around her is dark blue, indicating it might be early morning or late evening. The waves are breaking behind her, creating a splash.",there is a woman that is riding a surf board in the water | Woman surfing small wave in open ocean area. | The woman in the bikini is surfing through a wave.  | A young woman is having fun surfing a small wave. | A woman is surfing on a wave on the ocean.
000000503148,Qwen2.5-VL-3B,A hand is reaching for a slice of pizza on a piece of tinfoil.,"A hand is reaching out to grab a slice of pizza covered in pepperoni, which is placed on a piece of aluminum foil. The pizza is resting on a white surface with a black border, possibly an oven door. There is a bottle of red pepper flakes nearby.",This slice of pizza is rather large and ready to eat.  | A person holds their hand in front of a slice of pizza laying on tin foil. | Outstretched hand and large pizza sliced shown in comparison. | A palm-up hand in front of a giant slice of pizza. | A open palm hovers above a slice of pizza.  
000000229740,Qwen2.5-VL-3B,"A cat is sitting on a bathroom counter next to a sink, with a bottle of water and a bowl of food nearby.","A light orange cat sits on a bathroom countertop next to a sink. The cat is looking up at the camera with wide eyes. To the left of the cat, there is a blue bowl and a white bowl filled with cat food. On the right side of the sink, there is a bottle of water and a hand soap dispenser. Above the sink, there is a mirror reflecting part of the room.",A yellow striped cat sitting on a bathroom sink. | A cat makes a face as it sits on a bathroom counter. | A cat is sitting on a bathroom sink near a water bottle. | A cat is sitting on top of a bathroom sink. | Close up of a cat sitting on countertop in a bathroom
000000153697,Qwen2.5-VL-3B,A close up of the face of an old clock with ornate designs and numbers.,"The image shows a close-up of an ornate clock face with a wooden frame. The clock has a traditional design with Roman numerals from 1 to 12 around the outer edge. The center of the clock features intricate designs, including a circular pattern with floral motifs. The background behind the clock is dark, which makes the clock stand out prominently. The clock appears to be part of a larger piece of furniture, possibly a grandfather clock, given its size and style.",An ornate wood clock with carvings on the face. | A gold and brown clock shows 6:39 for the time. | This antique and ornate clock is displaying the time | This clock is only the face part of a grandfather clock  | A clock face where it is indicating it is almost six forty.
000000435185,Qwen2.5-VL-3B,"A green glass dish, vase with flowers and green glass bowl on a table.","The image shows a kitchen countertop with several items arranged on it. There is a green glass square container, a green glass rectangular dish, and a green glass oval dish. A white cloth with floral patterns serves as the tablecloth. In the center of the arrangement, there is a clear glass vase holding a bouquet of flowers, which includes a red rose and some green leaves. The background features a kitchen setting with cabinets and an oven.",a collection of green tinted glass with some flowers in the vase | Four pieces of green glass kitchen ware on a counter. | A table with three glass bowls and a vase. | A table with flowers in a vase and three glass dishes. | There are three dishes and a vase with two roses on the table. 
000000357041,Qwen2.5-VL-3B,A bluebird is perched on a branch in the winter.,"The image shows a bluebird perched on a branch with a blurred background of trees and branches. The bird has a blue head, orange breast, and black wings.","A lone, blue and orange bird sits on a bare tree. | The colorful bird is perched on the delicate branch. | A small blue, brown and white bird sitting on a branch. | A SMALL ORANGE AND BLUE BIRD HANGING ON A BRANCH  | A small blue bird sits in a leafless tree"
000000253770,Qwen2.5-VL-3B,"Two men are playing a video game, one in a white shirt and the other in a black shirt, both holding Wii remotes. They are standing in front of a large screen displaying a game. The setting appears to be an indoor gaming area with other people in the background.","Two men are standing in front of a video game machine, each holding a white game controller. The man on the left is wearing glasses, a black shirt with a graphic design, and jeans. The man on the right is wearing glasses, a white jacket, and brown pants. They appear to be engaged in playing a video game. In the background, there is a television screen displaying a game interface, and other people are visible in the distance.",Two young men holding Nintendo Wii controllers standing next to each other. | Two men wearing glasses are playing the video game wii. | Two men holding Wii controllers in a bar. | Two men hold video game remote controllers at a convention. | Two young men are playing a game on the Wii.
000000524962,Qwen2.5-VL-3B,"A man is skateboarding on a beach, wearing a surfboard-shaped helmet and shorts with a surfboard attached to his back. He is surrounded by people watching the event.","A man wearing a surfboard-shaped helmet is skateboarding on a beach. He is holding a surfboard in his left hand. There are several people sitting on chairs in the background, watching him. The scene includes palm trees, a house with a green roof, and a cloudy sky.","Surfer is on rollerblades, holding a surf board. | A man holding a lie surfboard while riding a skateboard. | A man wearing roller skates, a helmet, and a surfboard holding a rope. | The surfer is being towed on his skateboard. | A person with a surfboard and skateboard on a street."
000000206433,Qwen2.5-VL-3B,"Two men are standing next to each other, one wearing a red tie and the other wearing a gray tie.","The image shows two men standing side by side. The man on the left is wearing a gray checkered shirt with a red tie and a brown cap. The man on the right is wearing a dark jacket over a pink shirt and has curly hair. Both men appear to be smiling at the camera. In the background, there is another person partially visible, wearing a leather jacket. There is also a refrigerator in the background.",a close up of two people wearing ties  | Two men wearing ties pose for a picture | A couple of men standing next to each other. | A couple of men with ties and suits. | Two persons in formal dress posing for a photograph.
000000304389,Qwen2.5-VL-3B,"The image shows a bathroom with a blue countertop and a window above it. There is a toilet to the right side of the image, and various items such as bottles, a box, and toys on the countertop. The bathroom has a modern design with light-colored walls and a tiled backsplash.","The image depicts a bathroom with a light blue countertop and a window above it. The window has a white frame and is divided into three panes. Below the window, there is a small shelf with various items on it, including a small figurine, a candle holder, and a small box. To the right of the window, there is a toilet with a blue seat cover. The walls are painted in a light color, and there is a light fixture on the ceiling.","A bathroom depicting a vanity, window and a toilet. | There are items on this bathroom shelf and a window is above the shelf.  | Massage tools sit on the counter of the clean bathroom. | A dresser drawer that has toys on top of it. | A window in a house sitting over a counter top."
000000051258,Qwen2.5-VL-3B,"A baseball player in a white uniform is running towards home plate, with his bat raised above him. He is wearing a red helmet and has a number 4 on his jersey. The catcher, dressed in black, is crouched behind the batter, ready to catch the ball. The umpire is positioned behind the catcher, observing the play. The scene takes place on a dirt field with grassy areas around the bases.","A baseball player in a white uniform with the number 4 is running towards home plate. The player has just hit the ball with a bat that is visible in the air above them. The catcher, wearing a black uniform, is crouched behind the home plate, ready to catch the ball. The umpire, also in black, is positioned behind the catcher, observing the play. The scene takes place on a dirt infield with grass in the background.","A baseball player tossing a bat next to home plate. | The bat flies away from the batter at home plate.  | The batter threw the bat after he hit the ball. | a man is throwing a bat at a baseball game | A man playing baseball, swinging his bat at the plate"
000000215062,Qwen2.5-VL-3B,Two plates of food with broccoli and potatoes on them.,"The image shows two plates of food on a wooden table. The plate on the left contains roasted vegetables, including broccoli, potatoes, and possibly some dried fruits or berries. The plate on the right has roasted vegetables similar to those on the left, along with what appears to be a piece of bread or flatbread. Between the plates is a glass filled with a dark liquid, likely a beverage.",Two white plates topped with food on a wooden table. | Lunch consists of bright green and yellow vegetables. | Prepared salads and bread sit on a table. | Plates of food with vegetables sitting on a wooden counter. | Two Two white plates of food with mixed vegetables and meat. 
000000029430,Qwen2.5-VL-3B,A cell phone is sitting in a bowl full of blue beads.,The image shows a pink bowl filled with blue beads. A black flip phone is placed on top of the beads. The beads have a pattern of small holes and blue dots.,a close up of a pot with a cell phone  | A cell phone in a bowl of blue beads.  | A cell phone is sitting in a bowl filled with blue things. | a cell phone laying in a bowl of beads | A cell phone sitting in a clay pot full of beads.
000000296745,Qwen2.5-VL-3B,"A group of people, including tourists, are gathered around an elephant in front of a temple-like structure. The elephant is being led by a handler, and the tourists are taking pictures and observing the animal. The scene appears to be set in a warm climate, possibly during the day.","The image depicts an elephant standing in front of a stone structure with columns. Several people are gathered around the elephant, some taking photos. The setting appears to be a historical or cultural site, possibly a temple or ancient ruins. The people are dressed casually, and one person is wearing an orange shirt. There is a bell hanging from the elephant's trunk.",A very large elephant reaching its trunk out to a crowd. | An elephant greeting tourists at an old temple | there are many people looking at a elephant  | Elephant using its trunk to interact with tourists. | A group of people standing next to a elephant.
000000376939,Qwen2.5-VL-3B,"A young boy in a red shirt is surfing on a white surfboard with a red triangle design, while an adult in a black wetsuit stands behind him, clapping and cheering. The scene takes place in the ocean with waves crashing around them.","A man in a black wetsuit stands behind a young boy in a red shirt, both on a surfboard. The boy is riding a wave, while the man claps his hands. The ocean waves are visible in the background.",a little boy in shallow water on a surf board | A boy is surfing while a man cheers him on. | A young boy who is surfing on a surfboard. | This is a man teaching a smaller child to surf. | A man is behind a young boy trying to ride a surfboard.
000000251736,Qwen2.5-VL-3B,"The image shows a street sign for Cesar Chavez Avenue with a sign for a burger restaurant above it. The sky is clear and blue, indicating it's daytime.","The image depicts a street scene with several notable elements:

1. **Signage**: 
   - A large, colorful signboard for ""Bolo Burger"" is prominently displayed.
   - Below the signboard, there is a blue street sign indicating ""Cesar E. Chavez Av."" and ""2000 E.""
   - Another smaller signboard is visible on the right side of the image.

2. **Traffic Light**: 
   - There is a traffic light mounted on a pole",A sign on top of a restaurant next to a traffic light. | A variety of signs on a street corner. | A sign advertising an eatery in which people can eat burgers. | A street sign with a traffic light and store signs behind it | A display sign of a food joint and Cesar E Chavez Av
000000061520,Qwen2.5-VL-3B,"The image depicts a busy city street with tall buildings and various signs, including a blue sign pointing to the right and a red sign indicating no left turn. There is also a traffic light visible in the scene.","The image depicts an urban street scene with several notable features:

1. **Buildings**: There are tall buildings in the background, including a prominent red-brick building with large windows and a sign that reads ""新光三越"" (Shin Kong Three越). Another building to the left has a blue sign with white text, indicating directions to ""臺北車站"" (Taipei Station).

2. **Street Signs**: There is a blue directional sign pointing towards Taipei Station, along with","A street going through a city with tall buildings. | Shot of various traffic signs and traffic light in city area. | A street intersection in some Asian city somewhere in Asia. | street signs and a street light hanging on a metal pole above a street. | Large, tall buildings stand close together in an Asian city."
000000198204,Qwen2.5-VL-3B,A row of vintage ovens on display in a store.,"The image shows several vintage-style ovens arranged on a yellow shelf in what appears to be a store or a showroom. The ovens vary in color and design, including white, black, and brown. They have a retro aesthetic with dials and knobs for control settings. The ovens are positioned side by side, with some having glass doors that reveal the interior cooking surfaces. The floor is concrete, and there are other kitchen appliances visible in the background.",A row of ovens sitting inside of a warehouse. | Several ovens lined up together in a room. | A number of models and colors of stoves.  | A row of different kind of kitchen stoves with different styles and colors. | A warehouse lined with many different colored stoves.
000000534127,Qwen2.5-VL-3B,A man is playing frisbee in a grassy field with two other people nearby.,"In the image, there is a man in the foreground wearing a backpack, a white shirt, and blue jeans, attempting to catch a white frisbee that is flying towards him. He has dark hair and is looking up at the frisbee. In the background, there are two other people: one person is wearing a colorful shirt with a rainbow pattern and black pants, and another person is wearing a brown shirt and pink shorts. They appear to be standing on a grassy hillside with",A man in a field ducking from a frisbee | A man standing behind a white frisbee on a lush green field. | A group of people plays frisbee golf in a grassy field. | a man wearing a backpack looking at a frisbee in front of him  | an image of a group of people in the woods playing with frisbee
000000296014,Qwen2.5-VL-3B,"A group of people are riding in an inflatable raft on a river, with two individuals paddling and one person sitting at the back. The raft is moving through the water, creating splashes around it.","A group of people is rafting on a river in a green inflatable boat. The individuals are wearing casual clothing suitable for water activities, including hats, sunglasses, and life vests. They are using paddles to navigate the river, which appears to be flowing swiftly. The background features lush greenery along the riverbank.",a couple of people on a boat on a river | A group of three riding on a raft while white water rafting.  | Three people on a raft going over a small waterfall. | A group of people on a boat in the water. | These three people are traveling down the river in a raft. 
000000199771,Qwen2.5-VL-3B,A group of people in a kitchen preparing food.,"The image depicts a group of people in a kitchen setting. They are wearing black uniforms with name tags and chef hats. One person is cutting vegetables on a cutting board, while another person is holding a blue pitcher. There is a sink with a bowl in it, and various kitchen utensils and appliances are visible in the background. The scene appears to be part of a cooking demonstration or training session.",A group of people in chef outfits at a kitchen counter. | A group of people in chefs uniforms standing around a counter. | A woman teaches a class of aspiring chefs.  | People in a kitchen with cooking attire on | A group of people dressed in black preparing food.
000000469721,Qwen2.5-VL-3B,A fire hydrant is behind a wooden fence in a grassy area with trees in the background.,"The image is in black and white. It features a fire hydrant positioned on the left side of the frame. The hydrant is situated behind a wooden fence that spans horizontally across the image. Beyond the fence, there is tall grass and a tree with no leaves. The background includes more trees and a fence, creating a natural setting.",A fire hydrant in the grass behind a fence. | Black and white photograph of a fence next to a fire hydrant. | View of a tall fire hydrant behind the fence | A fire hydrant in grass is near a fence post. | A fire hydrant sitting next to a fence in a field.
000000371822,Qwen2.5-VL-3B,A stack of pizza boxes with one open showing a pizza inside.,"The image shows several boxes of pizza stacked on top of each other. The pizzas appear to be in various stages of preparation, with some having visible toppings and others still in the process of being assembled. The boxes have red and white labels, indicating they might be from a specific brand or restaurant. In the background, there is a table with a water cooler and some bottles, suggesting a casual dining or event setting.",A table full of pizzas delivered by Dominoes. | A single open box of Domino's pizzas amongst a bunch of closed boxes. | Stacks of unopened pizza boxes and an open box of pizza | a table full of stacked up pizza boxes | Stacks of Dominos Pizza boxes with a pizza
000000432125,Qwen2.5-VL-3B,"A table set for two with a cake, wine glasses, and a box ofReasons & Reasons cards.","The image depicts a dining table set for a meal. The table is covered with a green tablecloth and has various items on it, including a small yellow box labeled ""Reasons & Blasés,"" a wooden bowl, a white plate with utensils, and a small stuffed animal. There is also a glass of water and a candle on the table. In the background, there is a bookshelf filled with books and a few decorative items, such as a potted plant and a vase.","A stuffed toy sitting at a dining table with a frosted cake and cups. | Doll sitting in chair at the table in front of two wine glasses | The table  in the apartment is set for two to have cake, and a doll is seated in one chair. | A doll sitting at a table with plates on it | a stuffed doll sits at a set table"
000000135029,Qwen2.5-VL-3B,"A table with a sandwich, coffee, and orange juice on it.","The image shows a table with a white tablecloth. On the table, there is a sandwich on a white plate, a cup of coffee, a glass of orange juice, and two pastries on separate plates. The sandwich appears to be filled with meat and cheese, while the pastries have a dark filling. There is also a pair of sunglasses placed near the sandwich. The setting suggests a casual meal or snack time.","A table with a plates of food and drink arranged on top. | a close up of two plates of food with a drink | Two sets of pastry sitting on white plates next to a coffee cup.  | a glass of orange juice places next to a cup of coffee | Table set for breakfast with a breakfast sandwich, danish, juice and a coffee."
000000248793,Qwen2.5-VL-3B,"A clock tower is framed by two buildings, with birds flying above and in front of it.","The image depicts a historic European cityscape featuring two prominent buildings with ornate architectural details. The building on the left is made of red brick and has a clock tower in the center, which is part of a larger structure that includes an archway. The building on the right is painted beige and has a series of windows with decorative shutters. Birds are flying in the sky above these buildings. The overall atmosphere suggests a cloudy day with overcast skies.","Birds fly overhead in a gloomy sky above buildings, a brick archway and an ornate clock. | People stand on a bridge with a clock tower on it. | A view of birds flying in the air near a clock tower. | a couple of buildings that have a bridge attached | This is a bridge that is connecting two buildings. "
000000132317,Qwen2.5-VL-3B,"A dragonfly is perched on the edge of a computer monitor, which displays the time as 11:26 and shows a search bar with an ""HD"" option. The background features a green lawn and some trees.","A dragonfly is perched on the edge of a computer monitor. The screen displays a time of 11:26 and some text that appears to be a search bar with a magnifying glass icon. In the background, there is a potted plant and a grassy area with trees.",A bug sitting on the side of a laptop computer. | There is a large dragon fly on the corner of the laptop.  | A dragonfly has landed n the edge of a laptop | A blue dragon fly is perched on the corner of a lap top computer on a patio area. | The insect is flying around on the porch.
000000231508,Qwen2.5-VL-3B,A baseball player in a maroon uniform is pitching the ball on a field with spectators watching from the stands.,"A baseball player in a maroon jersey and white pants is pitching on a dirt mound. The player is wearing a white cap and red-striped socks. In the background, there are spectators seated on bleachers, a chain-link fence, and a few parked cars. The scene appears to be at a baseball field with a grassy area and a chain-link fence surrounding it.",A baseball player pitching a baseball on a field. | A baseball pitcher who is in mid pitch. | The pitcher  on the mound has just let go of a baseball directed to the batter.  | A uniformed baseball player being watched by people. | A man in black jersey pitching in baseball game.
000000528951,Qwen2.5-VL-3B,A train is on the tracks next to a parking lot with cars and trucks parked in it.,"The image depicts a train station with a passenger train on the tracks to the left. Several cars are parked in the parking lot in front of the station. The sky is clear with some clouds, and there are buildings and trees in the background. The scene appears to be set during the day under a sunny sky.",an image of an aerial view of cars in a parking lot | A parking lot filled with a few cars next to a train. | a parking lot next to a building with an SUV parked outside of it. | A nearly empty parking lot near a railroad station | cars parked in a parking lot with a sky background
000000507427,Qwen2.5-VL-3B,"A man in a black wetsuit is standing in the water with his surfboard, smiling at the camera. The background features a clear blue sky and a rocky shoreline.","A man in a black wetsuit is standing in shallow water near the shore, holding a surfboard. The background features a clear blue sky with some clouds and a distant shoreline with greenery and hills.",a man sitting on a surf board in the water | A smiling man in the water with a surf board. | A man in black wetsuit sitting on surfboard that is submerged. | Guy gives a thumbs up while sitting on his surfboard | A man giving a thumbs up while holding his surfboard
000000246782,Qwen2.5-VL-3B,A group of people playing soccer on the beach.,"The image shows a group of people playing soccer on a sandy beach. The players are wearing white and black shorts, with one player in the foreground wearing red shorts. A soccer ball is visible on the sand, and the background features a body of water with boats and people in the distance. The scene appears to be set during the day, with natural lighting.",Multiple people playing with a soccer ball on the beach. | People are playing volleyball on the beach beside the ocean. | A group of boys playing soccer on the beach. | A group of people are playing soccer on a beach. | the men play soccer on the beach with no shoes
000000550995,Qwen2.5-VL-3B,"Two men are playing a video game, one dressed in a red velvet outfit and the other in casual clothing. They are holding white gaming controllers.","Two men are playing a video game using Nintendo Wii remotes. The man on the left is wearing a red velvet outfit with a white hat, while the man on the right is dressed in a blue jacket with a beige inner lining. They are both holding Wii remotes and appear to be engaged in the game.",a man in a santa suit holding onto a wii mote next to another man holding a wiimote as well | two men holding game controllers in front of a laptop screen. | Two people play with wii remotes in front of a computer. | A man in a Christmas outfit is playing a video game. | A man dressed up like Santa Clause holding a Nintendo Wii controller.
000000402926,Qwen2.5-VL-3B,"A giraffe is running across a dry, open field with a body of water in the background.","A giraffe is running across a dry, open landscape with a body of water in the background. The ground is mostly barren with some patches of grass and small rocks. The sky is clear and blue.",A giraffe running across a large dirt field. | THERE IS A GIRAFEE THAT IS RUNNING IN THE OPEN FIELD  | Giraffe running across land that is mostly dirt and kicking up dust. | A giraffe running in an open barren desert. | A giraffe running in the middle of a field. 
000000549932,Qwen2.5-VL-3B,"A group of people with luggage, including backpacks and suitcases, are standing near an airport terminal.","The image depicts a group of people standing near an airport baggage claim area. There is a woman in the foreground with a large backpack and a suitcase, another woman wearing a green scarf and white pants, a child sitting on a bench, and a person in a striped shirt. The background shows a sign that reads ""Please leave keys in car upon return.""",some people standing in front of a building with some suitcases  | A group of women who are standing by their luggage. | Several people with luggage stand around a small kiosk. | a group of people standing near many luggage bags  | A group of people standing with their luggage by the curb.
000000375409,Qwen2.5-VL-3B,"An Amtrak train is parked at a station with a blue and white color scheme, featuring the Amtrak logo prominently on its side. The train is situated in front of a tall building complex, and there's a sign indicating the destination as ""Emeryville"" and ""San Francisco."" The platform has a yellow safety line, and the scene appears to be set during the day under clear skies.","The image shows an Amtrak train at a station platform. The train is blue and silver with the Amtrak logo prominently displayed on its side. The platform has a yellow safety line along the edge. In the background, there are tall buildings, including a high-rise building and a multi-story building with a green roof. The sky is clear and blue.",A silver and blue Amtrak train sitting below tall buildings. | An Amtrak train engine at the station on a sunny day | An Amtrak train rolling down the tracks of a city. | Train at a train station on a clear day in a city. | A silver blue train parked in a train station.
000000340637,Qwen2.5-VL-3B,A pink knitted hat with a pom-pom sits atop a cellular phone on a woven surface.,"The image shows a pink knitted hat with a pom-pom on top placed next to a black flip phone. The phone has the brand name ""PHILIPS"" visible on its screen. Both items are resting on a woven surface, possibly a mat or rug.",a pink hat and a cellphone on some weaved basket | A cell phone next to a knitted cell phone cover. | A small pink beanie hat next to a cell phone. | A pink winter hat sits next to a cellphone. | A cell phone sitting next to a pink ski hat.
000000206147,Qwen2.5-VL-3B,"The image shows a kitchen counter with various ingredients and utensils arranged on it. There is a measuring cup, a bowl of chopped green vegetables, a small bowl of white substance, and a small bowl of yellow liquid. The counter also has a cutting board with some butter slices on it. In the background, there is a white oven and cabinets.","The image shows a kitchen countertop with various ingredients arranged on a wooden cutting board. The items include:

1. A glass measuring cup filled with a liquid.
2. A small bowl containing chopped green vegetables.
3. A small bowl with a white substance, possibly cheese or cream.
4. A small bowl with a yellow liquid, likely oil or butter.
5. A small bowl with a white substance, possibly butter or margarine.

The background features a white stove with four knobs and a set","Various items used for cooking a recipe atop a clean table. | A picture of food ingredients on a table in individual bowls. | A wooden cutting board topped with cooking ingredients. | 

Several ingredients on a carving board in the kitchen. | A cutting board set with prepared ingredients on a kitchen counter."
000000131019,Qwen2.5-VL-3B,"In the image, there is a zebra standing in a grassy field with another zebra and a baboon nearby. The zebra appears to be grazing or looking down at something on the ground. The grassy field has some patches of dirt and the background features trees and more vegetation.","In the image, there is a zebra standing in a grassy field with its back to the camera. The zebra has black and white stripes. In front of the zebra, there is a baboon with brown fur, walking on all fours. The baboon appears to be carrying something in its mouth. The background features more zebras grazing in the distance, and the landscape includes tall grasses and some trees.",Two zebras and two monkeys walking on the grass.  | Two giraffes and another animal are on green grass. | A baboon and two zebras grazing on the savannah. | A baboon and its baby eat by two zebras in the grass | Monkey standing behind two zebras as they graze.
000000479727,Qwen2.5-VL-3B,"A colorful street sign is attached to a pole on the side of a road, with a fire hydrant nearby and a building in the background.","The image depicts an urban street scene with several notable elements:

1. **Street Sign**: There is a colorful, abstract street sign mounted on a pole. The sign features various shapes and colors, including orange, yellow, and blue.

2. **Traffic Light**: A traffic light is visible in the background, indicating that the intersection has traffic signals.

3. **Street Name Sign**: A green street name sign is attached to a pole, displaying ""ELMGROVE AVE.""

4. **",A semi busy street in a delightful neighborhood | A fire hydrant next to a street sign with a cactus on it. | A street sign near a fire hydrant on a sidewalk. | A piece of artwork is bolted below a traffic sign. | A street sign with graffiti on it next to a building.
000000464522,Qwen2.5-VL-3B,A dog with a collar is standing in the grass.,"The image shows a dog with a white coat and brown patches, standing on grass. The dog is wearing a collar with a tag. In the background, there is a blurred figure of a person holding a stick. The setting appears to be outdoors during the day.",A brown and white dog standing next to another dog. | A dog with a collar standing on the grass | a little dog looking at another dog in the yard  | A small dog looking at a larger dog. | A small dog with a chain collar looking at another dog.
000000085562,Qwen2.5-VL-3B,A black city bus is parked on the side of the road.,"A black city bus is parked on the side of a road. The bus has a destination sign displaying ""100"" and ""101."" There is a pole with a street sign in front of the bus. The background includes a sidewalk, some trees, and a building.",A blurry image of a dark colored bus at a bus stop. | a black bus pulled over on the side of the road | Black city bus pulling up to a street sign.  | Black bus parked on the side of the curb. | A bus pulls into a bus stop on the street.
000000043344,Qwen2.5-VL-3B,"A tennis player sits on a bench with his racket and bag, while another person talks to him. There are bottles and a tennis ball nearby.","The image shows two men sitting on a bench at a tennis court. The man on the left is wearing a blue shirt and sunglasses, while the man on the right is wearing a white shirt and shorts. There are several bottles of water, a green towel, and a tennis racket on the ground in front of them. In the background, there are other people and a fence.",Two tennis players are sitting on the bench. | Two tennis players sitting on a bench talking | A coach talking to a tennis player sitting on a bench during a tennis event. | A tennis player is seated on the bench  | A man sitting on a white bench atop a tennis court.
000000103585,Qwen2.5-VL-3B,"A bathroom with white cabinets, a sink, and a toilet.","The image depicts a modern bathroom with the following features:

- A white vanity with two sinks, each accompanied by a faucet.
- Two rectangular mirrors above the vanities.
- A wall-mounted light fixture above one of the mirrors.
- A white toilet to the right of the vanity.
- A small orange vase with flowers on the vanity counter.
- A towel rack with an orange hand towel hanging from it.
- Dark-colored tiled flooring.
- A vent in the ceiling near the toilet.
- A","A bathroom with two sinks sitting under mirrors. | A picture of double sinks in a bathroom. | a bathroom with two sinks with a light on above them. | A toilet with two sinks and mirrors with lights on | A clean bathroom with mirrors, sinks, and a toilet."
000000144058,Qwen2.5-VL-3B,A harbor with boats in the fog.,"The image depicts a foggy harbor scene with several boats docked in the water. The boats vary in size and color, including red, white, blue, and yellow hues. The water is calm, reflecting the boats and poles. The sky is overcast, contributing to the foggy atmosphere. There are no visible people or animals in the scene.","A view of the harbor with ships moored on a very foggy day. | Dock full of many parked boats with a duck. | Harbor scene on a foggy day with dozens of boats side by side. | A view of a harbor on a smoggy and hazy day, | a boating dock with boats surrounding it "
000000150576,Qwen2.5-VL-3B,A giraffe and a cheetah are in an enclosure with trees in the background.,"The image shows two giraffes in an outdoor enclosure with a grassy area. The giraffe on the left is bending down, possibly eating or grazing, while the one on the right stands tall, looking to the side. The background features trees with autumn foliage, transitioning from green to shades of orange, yellow, and red. There is a chain-link fence surrounding the enclosure.",A baby giraffe is lying down in an enclosed grassy area while a larger giraffe is walking around. | A pair of giraffes standing around in their enclosure.  | a giraffe walking in a grassy area inside a fenced area | An adult giraffe and a baby giraffe in an enclosed field. | Two giraffes one standing one sitting on green grass
000000397291,Qwen2.5-VL-3B,A teddy bear sits next to a comic strip on the floor with various toys scattered around it.,"The image shows various toys scattered on a carpeted floor. There is a yellow rubber duck, a green stuffed elephant with the name ""Suse"" on its back, a small blue bird, a brown teddy bear, and several small, colorful toy figures arranged in a line. The toys appear to be part of a playful scene, possibly from a children's game or activity.",A brown teddy bear sitting on the ground next to a comic strip. | Tiny children's toys and a cartoon  sitting on a carpet. | There are several toys that are on the floor  | A cute little teddy bear near a bunch of toys. | There are a bunch of small toys on the floor together
000000561823,Qwen2.5-VL-3B,"A chocolate cake with strawberries and the words ""Thanks Lort"" written on it.","The image shows a chocolate cake with strawberries on top, placed on a black plate. The cake has the word ""Thanks"" written in white icing. To the right of the cake, there is a knife and a stack of clear plastic forks. A person wearing a red hoodie with the word ""DEFENDERS"" printed on it is visible, with their hand reaching towards the cake. The background includes a green tablecloth and part of another person's arm.","A person is getting ready to cut a ""thank you"" cake. | A large chocolate and strawberry covered cake for Lori | A cake with chocolate frosting and strawberries on top. | A chocolate cake with strawberries and writing on top. | A chocolate cake with strawberries on top on a table."
000000058492,Qwen2.5-VL-3B,A bird with its wings spread out is standing on the ground.,"The image shows a bird with outstretched wings standing on a muddy, barren ground. The bird has a long, curved beak and is positioned in the center of the frame. The background features a mix of dry, earthy tones and sparse vegetation.","A bird standing on top of a beach next to water. | A large stork spreads it's wings as it lands. | A crane with fully extended wings landing on a marshy ground. | Vulture swooping down toward the ground in landscape. | This bird has a long beak, long legs and a wide wingspan."
000000361400,Qwen2.5-VL-3B,"A green traffic light is illuminated at night, with a blurred street scene in the background featuring red lights from moving vehicles.","The image depicts a traffic light at night, showing a green arrow signal. The background features a street with blurred lights from moving vehicles, indicating motion. There is a building with windows visible in the distance, and a lamppost with a light on it. The scene appears to be an urban setting at night.",A traffic light is showing a green arrow. | A traffic light of some sort on a busy road of some sort. | a stop and go light displaying a green light | A traffic light on the side of the road. | A green traffic light sitting next to a traffic filled road.
000000358901,Qwen2.5-VL-3B,A white garbage truck with a caution sign on the back is parked on the side of a street.,"The image shows a white garbage truck with red accents parked on the side of a residential street. The truck has a caution sign on the back that reads ""CAUTION FREQUENTLY STOPPED."" The license plate is visible, and there is a small red light on the back. The truck is parked next to a fence and some trees. The street appears to be quiet with no other vehicles or people in sight.",A white truck driving down a curvy road near trees. | The garbage truck is turning the corner of an intersection. | A trash truck is turning a street corner.  | A white trash truck making a turn on a suburban street. | A heavy duty truck makes a right turn onto a residential street.
000000561437,Qwen2.5-VL-3B,"A skier is performing a trick in mid-air, with one ski angled upwards and the other pointing downwards. The skier is wearing a helmet and goggles, and there is a blue sky in the background.","A skier is performing a trick in mid-air against a clear blue sky. The skier is wearing a white helmet, goggles, and a dark jacket with a light-colored shirt underneath. They have one ski attached to their foot and are holding the other ski in their hand. The skier's body is twisted, with one arm extended upwards and the other bent at the elbow. The skis are angled diagonally across the frame, with the tip pointing towards the bottom right corner of the image",A person in white shirt doing a trick on skis. | A skier performing a jump on a hillside. | A skier flying very high in the air. | a man doing a jump in the air on skis | A person flying through the air on skis.
000000440830,Qwen2.5-VL-3B,"A woman is standing next to a stack of suitcases, holding one of them. She is wearing a white shirt and a cap. There are other people in the background, and the setting appears to be outside a building with large windows.","A woman in a white shirt and cap is standing next to a large black suitcase with a red tag. She is holding another suitcase with a purple tag. In the background, there are other people walking near a building entrance.",A young woman is grabbing a pile of luggage. | a young girl with a hat moves her luggage away from a hotel | A woman pushes several bags of luggage outside.  | Woman holding up a group of suitcases in public.  | A person with many suitcases on a street.
000000498641,Qwen2.5-VL-3B,A black dog is laying on the floor in front of a green couch.,"A black dog is lying on the floor in front of a green armchair. The dog appears to be resting with its head resting on the arm of the chair. There is a wooden table next to the armchair, and a book is placed on top of it. A green blanket is draped over the armchair, and a red blanket is hanging from the right side of the armchair.",A dog that is laying down on its side.  | A dog laying on a rug in a room. | The black dog is waiting patiently for his master. | A dog with a curious look lying on the floor of a den. | The black dog lies on the ground near an easy chair. 
000000235833,Qwen2.5-VL-3B,A white toilet is sitting in front of a wall with bars above it.,"The image depicts an outdoor toilet with its lid up, situated against a wall that appears to be made of concrete blocks. The wall has some visible wear and tear, including patches of peeling paint and a few cracks. The ground is wet, suggesting recent rain or water damage. There is a visible wire running from the base of the toilet to the ground. The overall scene gives an impression of neglect or disrepair.",A toilet is shown against a wall with wires. | A lone tan toilet stands in a dirty room. | there is a beige toilet in the street | A beige toilet is shown in a weird setting. | A small toilet next to a brick wall.
000000521348,Qwen2.5-VL-3B,A black and white dog is looking at a cup of coffee on a table.,A black and white dog with a red collar is looking up at a white Starbucks coffee cup on a gray surface. The background features a brick-paved area.,A squinting dog on a brick patio sniffs a cup of coffee. | A dog is smelling a cup of coffee on the table. | There is a dog near a cup of coffee. | A coffee cup sits on a table as a dog tilts its head up toward it.  | A dog sniffs the air near a cup of coffee.
000000010591,Qwen2.5-VL-3B,"A tennis player is standing on the court, holding a racket and wearing a white shirt with black sleeves and shorts. He has a towel draped over his shoulder. The background shows a crowd of spectators in the stands.","The image shows a tennis player on a court, holding a racket and wiping his face with a towel. He is wearing a black and white outfit, including a shirt and shorts. The background features a crowd of spectators in the stands, and there is a green advertisement board behind the player. The setting appears to be an indoor tennis arena.",A man standing on a tennis court next to a young boy. | a tennis player in a black shirt is wiping his face | Tennis player and kid standing on a pro tennis court. | A crowd is sitting and watching a tennis match. | a tennis player wiping his face off with a towel
000000108152,Qwen2.5-VL-3B,Two black horses with harnesses standing next to each other in front of a red trailer.,"The image shows two black horses standing side by side on a paved surface. They are harnessed to a red vehicle with the ""Kentucky Derby"" logo, indicating they might be used for horse-drawn carriage rides. The background includes a building with a blue roof and some greenery.",A couple of horses pulling a cart with a person. | Two horses are standing in front of a red tram where a person is sitting and looking to the side.  | a close up of two horses tethered to a carriage | two large dark brown carriage horses pulling a red truck | Two large brown horses pulling a red trolley behind them.
000000505576,Qwen2.5-VL-3B,A yellow umbrella is in the middle of a crowd of people.,"The image shows a crowd of people under various umbrellas. The most prominent object is a yellow umbrella with the ""FamilyMart"" logo on it. The background features other umbrellas in different colors, including white and beige. The scene appears to be outdoors, possibly at an event or gathering.","A large group of people with umbrellas on a street. | A big bunch of pretty umbrellas and a crowd. | Many people are walking among large, open umbrellas. | A group of people and some taking cover with umbrellas | It's a rainy day on the street and people are using umbrellas."
000000250766,Qwen2.5-VL-3B,A plate with a piece of bread and a salad on it.,"The image shows a plate with a piece of breaded meat, a fork, and a knife. The plate is garnished with a salad that includes mushrooms, cherry tomatoes, olives, and other vegetables. The background appears to be a white tablecloth.",Meat and a salad with knife and fork on a plate. | a close up of a pate of food with meat  | A plate topped with meat and a salad. | A plate with salad and a cut of meat and silverware laid on top. | A dinner plate with a colorful salad and grilled meat.
000000319487,Qwen2.5-VL-3B,"A person in a red and black motorcycle racing suit is kneeling next to a red motorcycle, adjusting the front wheel.","A person in full motorcycle gear, including a black helmet with a visor, red and black riding jacket, gloves, and boots, is kneeling beside a red motorcycle. The motorcycle has large front headlights and a visible exhaust pipe. The background includes a building with a red roof and some greenery.","A person sits on the road near their motorcycle. | motorcycle rider in black and red riding gear sitting next to bike | A person is in protective motorcycle gear sitting on the ground. | A man in full gear for riding motocross  | A person with a helmet, boots and jacket on sitting in the street next to a motorcycle. "
000000105432,Qwen2.5-VL-3B,"A large white ship with a tall tower and several windows is sailing on the water, with birds flying in the sky above it.",The image shows a large white ship with a tall mast and several windows on its deck. The ship is sailing on calm blue waters under a clear sky. Several birds are flying in formation above the ship.,A folk of birds flying over a military ship. | Several birds flying over a boat in the water. | A very large white boat flying under a flock of birds. | Birds flying over the top of a boat. | The top of a boat and some birds flying over it.
000000276528,Qwen2.5-VL-3B,A bed with a quilt and pillows in front of a window with curtains.,"The image depicts a cozy bedroom scene. A bed with a quilted blanket in shades of brown, black, and yellow is positioned against a wall. The bed has a decorative pillow on it. To the left of the bed, there is a large mirror hanging on the wall, reflecting part of the room. The window behind the bed has floral-patterned curtains that allow some light to filter through. The floor is made of wood, and the walls are painted white.",A bed sitting in a room next to a window. | A bedroom with a bedspread and a window. | Light shines through the window by the bed.  | A bed has a black bedspread on it and pillow. | an image of a clean bedroom taken during the day
000000408873,Qwen2.5-VL-3B,There are three elephants in an enclosure with rocks and trees.,"The image depicts an outdoor scene featuring three elephants in a naturalistic enclosure. The enclosure is surrounded by a wooden fence with large rocks and boulders forming part of the background. The elephants are positioned near the fence, with one on the left side, another in the center, and the third on the right side of the image. The environment includes lush greenery, including trees and bushes, which provide a serene and natural habitat for the elephants. The sky is visible through the foliage, indicating it",Three elephants are walking near rocks and boulders in the habitat.  | A group of elephants in an enclosure on a sunny day. | elephants in a habitat enclosure at the zoo | Rippavilla fence walking around in enclosure together.  | A bunch of elephants are gathered around in the outdoors near some rocks.
000000148739,Qwen2.5-VL-3B,"A person in a wetsuit is surfing on a wave, with the ocean and a pier visible in the background.","A person in a black wetsuit is surfing on a wave. The surfer is crouched low on a white surfboard, riding the crest of a blue-green wave. The water is calm around the surfer, with small ripples and waves. In the background, there are large rocks or boulders partially submerged in the water, creating reflections on the surface. The sky is not visible in the image.",A person in a wet suit on a surfboard | A person in a wetsuit riding a wave on a surfboard. | Woman in black body suit surfing on a small wave. | The person in the bodysuit is surfing a wave. | a person riding a surf board on a wave
000000427091,Qwen2.5-VL-3B,"A busy city street with a yellow taxi cab in the foreground and several other vehicles, including a white van and a black car, in the background. There are also pedestrians walking on the sidewalk. The scene is set during the day with clear visibility.","The image depicts a busy city street scene with several key elements:

1. **Taxi**: A prominent yellow taxi cab is visible in the foreground, identifiable by its distinctive color and the number ""896"" on its rear window.
2. **Traffic**: The street is filled with various vehicles, including cars and trucks, indicating heavy traffic.
3. **Pedestrians**: Several pedestrians are present, some walking and others standing, likely waiting to cross the street.
4. **Buildings",City traffic and pedestrians are headed in multiple directions on the street. | A city street busy with many cars driving as well as pedestrians | People in a city cross in front of traffic.  | Traffic in New York City during the day.  | Cars stopped on a busy street while pedestrians cross.
000000002923,Qwen2.5-VL-3B,Two white birds stand in a grassy field with boats and people in the background.,"The image depicts a coastal scene with several boats docked near the shore. The sky is overcast with gray clouds, suggesting a cloudy day. In the foreground, there are two white birds standing in tall grasses. The boats vary in size and type, indicating they might be fishing vessels or small commercial ships. The shoreline is lined with reeds and other vegetation, typical of a marshy area. There are no visible people in the image.",A marsh area with egrets and shrimp boats | An overcast day at dock with sea birds resting in the nearby marsh.  | A couple of birds that are walking in a field. | ships in the distance behind a grassy marsh with egrets | Several ships in the distance behind a grassy marsh with egrets | A couple of birds walk through a field of tall grass near a sail boat harbor.
000000247477,Qwen2.5-VL-3B,"A person is lying on a brown leather couch in a room with carpeted floors, wooden walls, and a door leading to another room. There are several magazines scattered on the couch, and a pair of black shoes are placed on the floor near the couch.","The image depicts a room with wooden paneling on the walls and a carpeted floor. There is a brown leather couch in the center of the room, which has several magazines and papers scattered on it. A person is lying on the couch, wearing black tights and a gray shirt. The person appears to be sleeping or resting. In front of the couch, there are two pairs of black shoes on the floor. To the left of the couch, there is an open door leading to another room",Person lying on brown leather couch in sparsely fille room. | The woman is laying down sleeping on the couch.  | A woman lying down on a couch with newspapers near her feet. | a person laying down on a brown coach | A girl asleep on a couch in a wood paneled room
000000471179,Qwen2.5-VL-3B,A group of black cows is standing behind a wire fence in a grassy field with mountains in the background.,"The image shows a group of black cows standing in a grassy field. They are behind a wire fence, and the background features a hilly landscape with some trees and a clear sky. The cows appear to be looking towards the camera.",A herd of black cattle standing next to each other. | A group of cows behind a metal wire fence. | A herd of black cows all standing together at the fence.  | several cows with ear tags standing in front of a fence | A herd of cattle standing by a fence in a field.
000000168031,Qwen2.5-VL-3B,Two cats are on the floor in front of a kitchen counter.,"Two cats are on the floor in a kitchen setting. The cat on the left is lying down, while the one on the right is standing up. There is a piece of green grass on the floor between them. In the background, there are cabinets, an oven, and a chair.",A ca teating green stuff off the floor | A cat eating some grass as another looks on intently. | Two grey and white cats in a kitchen area. | two multi colored cats playing with a leaf on the floor. | Two young cats eat catnip off of the carpet.
000000477974,Qwen2.5-VL-3B,"A red stop sign is positioned on the right side of the image, with two women walking in the background. The sky appears to be clear and blue, suggesting it might be daytime.","The image shows a stop sign attached to a curved metal pole. The background features a street with a few people walking, a building with a stone facade, and some trees. The sky is clear with a few clouds.","2 people take a stroll, as a stop sign looms in the foreground. | A stop sign in front of some people on the street. | a close up of a street sign with people walking near by | The stop sign is displayed for all to see.  | A red stop sign sitting on the side of a road."
000000100138,Qwen2.5-VL-3B,A motorcycle is parked on the side of the road.,"The image shows a motorcycle parked on a paved surface. The motorcycle has a sleek design with a black and silver color scheme. It features a large front fairing with a windscreen, two round headlights, and a central grille. The motorcycle is equipped with side mirrors, a rearview mirror, and a kickstand. The background includes greenery, including bushes and trees, and some rocks.",A black motorcycle parked in front of trees. | A black motorcycle in front of some shrubs.  | A motorcycle with no rider is parked by the grass. | The black motorcycle is parked on the asphalt.  | A black motorcycle sitting on the pavement in front of a bush. 
000000281028,Qwen2.5-VL-3B,"The image shows the interior of a train or subway car with blue seats and a window that offers a view of another train passing by outside. The seats are arranged in rows, and there is a handle for passengers to hold onto while standing. The lighting inside the car appears to be artificial, and the overall atmosphere suggests it is daytime.","The image shows the interior of a train car with blue seats arranged in a row. The seats have armrests and are facing a window that offers a view of another train outside. The train inside the car has a modern design with a sleek exterior. The windows are large enough to provide a clear view of the neighboring train. The lighting inside the train car is bright, illuminating the seats and the window clearly.",A train filled with lots of sets next to windows. | A picture through a train window of another train. | A scene shows the inside of a bus with seats. | The train car is stopped and it is empty.  | An empty train is sitting in a train station.
000000477955,Qwen2.5-VL-3B,"A person in a wetsuit is flying a kite on the beach. The kite is colorful and has a long tail, and the person is holding onto the kite's strings. The sky is clear and blue, and there are waves in the background.","A person in a wetsuit stands on a sandy beach, holding onto the handle of a large kite with white, orange, and black patterns. The kite is flying high in the clear blue sky. The ocean waves gently roll towards the shore behind them.","a para sailor launching his sail at the beach. | A female kite surfer hoping a kite and a surfboard. | A person who is standing on the beach and flying a kite. | A man is standing on the beach with a surfboard, flying a kite. | A woman flying a kite over a sandy beach."
000000573928,Qwen2.5-VL-3B,"A group of cows, including a white cow and a brown cow, are standing in a grassy field with trees in the background.","The image shows several cows in a grassy field. The foreground features two cows: one with a brown coat and the other with a white coat. In the background, there are more cows of various colors, including black and brown. The cows appear to be grazing or standing calmly in the field. The setting is an open, grassy area with some trees visible in the distance.",A couple of cows standing on a field next to each other. | Cows eating grass in the outdoors with each other. | A brown cow and a white cow standing together away from the other cows. | Cows standing nose to nose in a field of grass | A brown cow and a white car are in a pasture.
000000187235,Qwen2.5-VL-3B,"A small boat with a motor is floating in the water near some rocks, while another sailboat can be seen in the distance.","The image depicts a serene coastal scene with two boats on calm blue waters. The foreground features a small motorboat with a white hull and red trim, positioned near the shore where it is partially surrounded by seaweed-covered rocks. In the background, a larger sailboat with a white sail is sailing further out into the open water, with industrial structures visible on the distant shoreline under a clear sky.",A small boat unattended in a bay near a sailboat. | a small boat sitting in the lake with a sail boat in the background | an unmanned boat floating in a blue lake | A boat with no one in it is on the water. | A boat in the water off the shore with a sailboat in the distance 
000000351823,Qwen2.5-VL-3B,"A young boy is playing tennis on an outdoor court, wearing a blue and white shirt, white shorts, red cap, sunglasses, and socks with stripes. He is holding a tennis racket in his right hand. The background features a chain-link fence, grassy area, and trees.","A person is standing on a tennis court, holding a racket in their right hand. They are wearing a blue and white athletic outfit, including a red cap, sunglasses, and a white skirt. The background features a chain-link fence with some greenery visible beyond it.",A man holding a tennis racquet on a tennis court. | A man holds a tennis racket on a tennis court. | A man standing with a racket on a court. | A man taking a swing at a tennis ball | a tennis player standing and looking across the court 
000000152012,Qwen2.5-VL-3B,A group of young men playing soccer on a field with cars in the background.,"The image depicts a soccer game in progress on a grassy field. Several players are visible, wearing black and white uniforms with numbers on their jerseys. The players are in various positions, suggesting active play. In the background, there is a goalpost, a few trees with autumn-colored leaves, and a building with a red roof. There are also several parked cars along the perimeter of the field. The scene appears to be set during the day under overcast weather conditions.",A group of boys play a game of soccer outside.  | a group of people playing a game of soccer  | A group of players kicking a ball on a soccer field.  | A group of youth soccer players playing a game. | A team of soccer players playing a game on a field.
000000507879,Qwen2.5-VL-3B,"The image shows a white toilet with its lid open, situated in a bathroom with tiled walls and floor. The lighting is dim, giving the scene an orange hue. There is a toilet brush holder to the left of the toilet, and some stains or marks are visible on the toilet tank and seat.","The image shows a white toilet with its lid open in a dimly lit bathroom. The toilet has some stains on the tank and seat. There is a roll of toilet paper on top of the tank. The floor is tiled, and there is a small trash can next to the toilet. The lighting gives the scene an orange hue.",A dark picture of a toilet with a small roll of toilet paper on the back of the tank. | A toilet that appears to be dirty and out of toilet paper. | A red light is glaring over the toilet.  | This bathroom has a red light on and its toilet lid is up. | Top down view of a toilet with a scrubbing brush holder.
000000499618,Qwen2.5-VL-3B,A truck is parked on the street with animals in it. There are people walking down the sidewalk and a bus in the background.,"The image depicts an urban street scene with several key elements:

1. **People**: There are three individuals walking on the sidewalk. Two of them are wearing jackets, one is carrying a backpack, and another is wearing jeans.
2. **Truck**: A large truck is parked on the street, with its rear end facing the camera. The truck has a trailer attached to it, which appears to be carrying some livestock, possibly sheep or goats.
3. **Buildings**: The background features a",People walking on the street next to a truck with caged animals in it.  | There are people walking down the sidewalk next to the street. | A couple people are walking on the sidewalk with a truck parked nearby. | A truck parked on the side of a road near tall buildings. | some animals in a cage in the back of a truck
000000000569,Qwen2.5-VL-3B,A woman in a white coat is flying a kite on a concrete platform with flower beds and a stone column nearby.,"A person in a white coat stands on a raised platform, extending their arm to fly a kite. The kite is colorful with red, blue, and white elements. In the background, there is a flower bed with red flowers, a grassy area with a stone column, and another flower bed with yellow flowers. The scene appears to be set in an open, paved area with steps leading up to the platform.",A woman in a trench coat playing with her kite | A man is flying  a kite near some steps | A man is standing near a bunch of brightly colored flowers. | a person standing with multiple kites tied together | A man flying a kite on top of a cement park.
000000564132,Qwen2.5-VL-3B,"The picture is taken from the front of a motorcycle, looking down the road. The rider is on a rural road with trees and a telephone pole in the background.","The image shows the handlebars of a motorcycle with a rearview mirror attached to the left side. The motorcycle is on a road surrounded by trees and bushes. In the background, there are other vehicles, including a car and a motorcycle, moving in the same direction. The scene appears to be set during the day, as indicated by the natural lighting.",A bicycle on a road with a motor bike at the front | A handle bar of a bike and the street with other people riding down it.  | a handle bar view as a motor bike drives down the road  | Back view of motorcycle handlebars with street view following other motorcycles. | The view of the road as seen from riding a motorcycle.
000000304341,Qwen2.5-VL-3B,"The image shows a blue bench situated in front of a building with a clock mounted on its wall. The clock is round and white, displaying the time as 10:15. The building has a stone facade and features two white doors with glass panels. There is also a small potted plant placed near the bench. The scene appears to be an outdoor waiting area or a public space.","The image depicts a quaint outdoor setting featuring a stone building with a white facade and a blue bench in front of it. The bench is positioned near the entrance of the building, which has a glass door. Above the door, there is a round clock mounted on the wall. The ground is paved with cobblestones, and there is a small plant in a white planter box to the left of the bench. The scene appears to be part of a public space, possibly a waiting area or a","A blue bench sitting under a clock mounted to a wall. | A blue bench under a clock outside a white building. | A round clock, mounted on an outdoor wall with three doorways, hovers over a black-and-blue bench. | There is a blue bench outside the neutral colored building. | A large clock on the wall of a building over a bench."
000000460107,Qwen2.5-VL-3B,A table with two glasses and a pitcher on it.,"The image shows a close-up of a table setting with several items. On the left side, there is a ceramic cup with a floral design. In the center, there are four wine glasses placed upside down on a coaster. Behind the glasses, there is a magazine with a colorful cover featuring an image of a person. To the right, there is a tall glass container, possibly a decanter, with a textured base. The background includes a wooden cabinet with framed pictures hanging on the wall above it","A photo taken from the top of the table looking at a mirror in the background. | a kitchen counter with wine glasses set out. | A countertop holding a pewter bowl across from a shelf holding stemware. | A kitchen counter with a jar and bowl on it, mirror with glasses on it. | A tabletop view of wine glasses in a dining room."
000000018058,Qwen2.5-VL-3B,"A blue street sign with a cartoon police officer waving and the text ""Don't Drink and Drive"" in English, Chinese characters, and English again.","The image shows a blue street sign with white text and an illustration of a police officer waving. The text on the sign is in both English and Chinese: ""Don't Drink and Drive."" The background features trees and a clear sky.","A blue street sign with a cartoon cop warning about drinking and driving. | A blue street sign that reads ""Don't Drink and Drive"". | A sign with graphic of uniformed officer is posted in the street. | Chinese sign that says Don't Drink and Drive. | A sign that says ""Don't Drink and Drive."""
000000105689,Qwen2.5-VL-3B,"A slice of pizza with tomato sauce, cheese, and basil on a white plate with a red and white checkered tablecloth in the background.","The image shows a slice of pizza on a white plate, placed on a red and white checkered tablecloth. The pizza has toppings such as tomato sauce, cheese, and possibly some vegetables like bell peppers or onions. Next to the pizza slice is a glass of dark-colored soda with ice cubes. There is also a napkin partially visible at the top left corner of the image.",a closeup of a slice of pizza covered with various ingredients | a slice of pepperoni pizza sitting on a white plate  | a piece of pizza sits on a plate on a table top  | A piece of pizza sat on a plate with a cup of soda near by. | Slice of pizza on plate sits on table with beverage.
000000341676,Qwen2.5-VL-3B,Two microwaves with a male and female symbol on them.,"The image shows two microwaves placed side by side on a countertop. The microwave on the left has a black screen with a white icon of a male figure, while the microwave on the right has a black screen with a white icon of a female figure. Both microwaves have silver handles and control panels. There is also a plastic container with a lid placed in front of the left microwave.",Two microwave ovens one marked with man symbol and the other for woman.  | Two microwaves sitting side by side on a countertop are marked with signs printed with the symbols for man and woman. | a couple of microwaves that are next to each other | Two microwaves side by side with pictures of a man and woman silhouette | The microwaves are marked with female and male signs.
000000289618,Qwen2.5-VL-3B,A group of dogs playing in the snow with a frisbee.,"The image depicts a snowy outdoor scene with several dogs engaged in play. There is a gazebo-like structure on the left side of the image, and a fenced area with a grassy hill in the background. The ground is covered in snow, and the sky appears overcast. The dogs are scattered across the snowy field, with some running and others standing still. One dog is holding a red frisbee in its mouth, suggesting they are playing fetch.",a pack of dogs walking down a snow covered yard. | A pack of dogs are playing with assorted toys.  | Several dogs enjoy playing with Frisbees in the snow.  | Several dogs playing with things in the snow. | Dogs play tug of war in the snowy yard.
000000224740,Qwen2.5-VL-3B,"The living room has two chairs, a fireplace, and a vase with flowers.","The image depicts a cozy living room with several key features:

1. **Furniture**: 
   - Two armchairs, one on the left and one on the right side of the room.
   - A coffee table in front of the armchairs.

2. **Decor**:
   - A vase with white flowers on the left side of the coffee table.
   - A lamp with a black shade on the right side of the coffee table.
   - A fireplace with a wooden mant","A modern furnished living room with large fireplace. | Modern living room with two chairs, a three bay window and fireplace. | A living rooms featuring furniture and a fire place. | A living room with a fireplace and contemporary furnishings. | A beautiful home which is left with the door open to beautiful scenery."
000000053123,Qwen2.5-VL-3B,"A young man is playing tennis on an outdoor court, swinging his racket with focus and determination. He is wearing a white shirt and black shorts, and there is another person in the background. The court has a green surface, and there are trees visible in the background.","A young man in a white shirt and black shorts is playing tennis on a green court. He is holding a red tennis racket and appears to be in motion, possibly after hitting the ball. Another person, wearing a dark jacket and shorts, is visible in the background. The setting includes a chain-link fence, trees, and a clear sky.",A tennis player has just attempted to hit the ball. | Two young men are playing tennis on a court. | A tennis player swings his tennis racquet while another person watches. | the two men are playing doubles tennis together. | A boy runs as he tries to smack the tennis ball.
000000226119,Qwen2.5-VL-3B,A group of people standing around a table with various desserts and candles on it.,"The image depicts a birthday party scene with several people gathered around a table filled with various types of food. The table is covered with plates containing different desserts such as cakes, pastries, and cookies. There are also cups and utensils visible on the table. The room has a warm ambiance with balloons hanging from the ceiling and an air conditioning unit mounted on the wall. The atmosphere appears to be festive and joyful, likely celebrating a child's birthday.",A man standing behind a child sitting at a table | People around a table that has platters of food on it  | A man cuts cake with a girl at a party. | A man helping a girl cut a birthday cake with a knife. | a man helping a little girl cut a cake on a table covered with food 
000000534270,Qwen2.5-VL-3B,A man and woman with umbrellas stand on a pier near the water.,"The image shows two people standing on a pier near the water. They are holding colorful umbrellas to shield themselves from the rain. The person on the left is wearing a red shirt and blue pants, while the person on the right is wearing a red shirt and blue shorts. Both individuals have dogs with them. In the background, there is a boat on the water, and the sky appears overcast, suggesting it might be raining.",Man and woman with umbrella hats sitting on top of a bridge.  | A couple equipped with umbrella hats taking a break from walking their dog on a bridge on a rainy day. | Two people in ridiculous looking umbrella hats.  | two people with umbrella hats near one another  | A couple of people wearing umbrella hats next to the ocean.
000000073738,Qwen2.5-VL-3B,"A white toilet with an open lid is situated in a small, tiled bathroom. The floor is covered with white tiles, and the walls are also tiled. There is a white toilet paper holder mounted on the wall to the right of the toilet.","The image shows a small bathroom with tiled walls and floor. The main object is a white toilet with an open lid. Above the toilet, there is a rectangular white box attached to the wall. To the right of the toilet, there is a small beige container mounted on the wall. The floor is tiled in a light color, and the walls are also tiled in a matching light color. There is a person standing in front of the toilet, wearing black shoes.",A white toilet sitting in between tiled walls. | a small bathroom with a toilet in it | An aerial shot of a public bathroom with the seat up. | a person standing by a white toilet with the lid up  | A persons feet in front of a toilet with the lid up.
000000080306,Qwen2.5-VL-3B,A woman in a white tank top and blue skirt is holding a tennis racket and a tennis ball on a green court.,"A woman in a white tank top and blue skirt is holding a tennis racket with a pink and black frame. She is standing on a green tennis court, preparing to serve the ball.","a close up of a tennis player holding a racket and a ball | A woman gets ready to serve at a tennis match | A woman holding a tennis ball and racquet on a court. | A woman wearing white playing tennis, about to serve. | a woman gets ready to perform a serve "
000000457581,Qwen2.5-VL-3B,"A person is taking out cookies from an oven with the door open. The stove has two burners, one with a pot and the other with a knife. There's a glass on the counter next to the stove.","The image shows an open oven with a baking sheet inside containing several round, flat cookies. The oven is white with black burners and a handle on the door. The oven door is slightly ajar, revealing the cookies. To the left of the oven, there is a countertop with a glass of water and a pot on it. The countertop is made of light-colored wood, and there are wooden cabinets below it. A person's hand is visible on the right side of the image,",A person opening an oven door filled with baking cookies. | A hand opens an oven door to show cookies baking on a tin. | there is fresh food being made in the oven | A person is baking cookies in a kitchen. | An open stove shows a pan full of a food. 
000000064390,Qwen2.5-VL-3B,"A blue car is parked on the street, and there is a pedestrian crossing sign with a red light illuminated. The sign also has some Japanese characters on it.","The image depicts an urban street scene with several key elements:

1. **Traffic Light**: A pedestrian crossing signal showing a red figure, indicating that it is not safe to cross the street.
2. **Signage**: A blue sign with white text in Japanese characters, likely providing information about the traffic light or pedestrian crossing rules.
3. **Blue Car**: A blue car is parked on the right side of the image, partially visible.
4. **Building**: In the background, there is a",a street sign attached to a metal pole next to a street. | A pedestrian traffic light and car are shown at an intersection. | a street light saying it is not okay to cross the street | A stoplight on the side of the road. | A traffic light next to a blue car in front of a building.
000000501760,Qwen2.5-VL-3B,"A hot dog with chili and cheese on a bun, sitting on a red tablecloth next to two cups of ketchup.","The image shows a hot dog with chili cheese sauce on a bun, placed on a paper plate. There are three small cups of dipping sauces (likely ketchup and mustard) next to the hot dog. The setting appears to be indoors, possibly at a restaurant, with a person's hands visible in the background.",A hotdog with cheese fries sitting on top of it. | A hot dog with cheese on top of a red table.  | a big sausage in a roll with cheese and cups of sauce and a person | A large sausage covered with cheese on a bun. | A hot dog with a large amount of cheese.
000000118739,Qwen2.5-VL-3B,"A pizza with tomato sauce, cheese, and pepperoni is placed on a white paper plate.","The image shows a pizza with several slices missing, placed on a white paper plate. The pizza has toppings that include red bell peppers, cheese, and possibly some vegetables. The crust appears to be thick and golden brown. There is another slice of pizza visible in the background, suggesting that there might be more pizzas available. The setting seems to be outdoors, as indicated by the natural light and shadows.",There is a pizza with some slices taken out of it | A pizza on cardboard with one slice gone | A pizza with a slice missing on a white sheet in the sunlight. | The pizzas are sitting on plates on the white paper. | Large pizza pie with one slice missing on the table
000000121215,Qwen2.5-VL-3B,"The bathroom features a white sink with a faucet, a mirror above it, and a towel rack with a towel hanging on it. There is also a bathtub in the background.","The image depicts a modern bathroom with a clean and minimalist design. The focal point is a white ceramic sink with a chrome faucet, positioned under a large rectangular mirror that spans the wall above it. To the right of the sink, there is a white bathtub with a towel hanging on its edge. Below the sink, there is a wooden shelf holding additional towels. The bathroom features a tiled floor and walls, with recessed lighting providing illumination. The overall atmosphere is bright and airy, emphasizing simplicity and functionality","A white bathroom with a sink, towels and tub. | A modern style bathroom awaits hotel guests with fresh linens and toiletries. | A bathroom has a tub, sink, and mirror in it.   | A bathroom with a mirror, sink, tub, towels and a wash cloth in it.  | Folded towels are on the shelf underneath the bathroom sink. "
000000447733,Qwen2.5-VL-3B,"A young man is skateboarding on a ledge, performing a trick with his skateboard. He is wearing a black shirt and black pants. The background features a clear blue sky and some trees.","A person is skateboarding on a ledge. The skateboarder is in mid-air, performing a trick. The background features a clear blue sky, some trees, and a building with a slanted roof. The skateboarder is wearing dark pants and a black shirt.",Man on a skateboard riding a cement wall. | A young man on a skateboard jumping from a raised area to a lower concrete area. | Looking up at a skateboarder tilting on a stone fence | A skateboarder rides the edge of the concrete on his skate board. | A guy on a skate board high in the air.
000000517967,Qwen2.5-VL-3B,A woman in an ornate frame is sitting on a chair with a laptop computer on her lap.,The image is a black-and-white photograph of a woman sitting in an ornate chair. She is wearing a vintage-style dress with a lace collar and a hat adorned with a feather. The woman is holding a laptop on her lap. The photo is framed in a decorative gold frame.,A picture that has a lady with a laptop. | A painting of a woman sitting in a chair with a laptop computer. | there is a picture of a woman holding a lap top | A picture of a woman in a good frame | The portrait is anachronistic in that a Victorian lady is photographed with a laptop computer.
000000155317,Qwen2.5-VL-3B,A chocolate cake with chocolate frosting and crumbles on top sits on a white plate.,"The image shows a piece of chocolate cake with a thick layer of chocolate frosting on top. The cake is placed on a white plate with a cracked pattern. In the background, there is a can of beer labeled ""Hollinger."" The setting appears to be a kitchen counter with tiled flooring.",A cake sitting on top of a white plate. | a square cake with frosting sitting on a round plate | Baked and iced dessert item displayed on serving dish. | A large chocolate cake is sitting on a cake pedestal.   | A cake that is sitting on a glass platter.
000000248965,Qwen2.5-VL-3B,"A young girl is standing on a sandy beach, holding a colorful kite with blue, yellow, and pink colors. The kite has long blue tails. In the background, there is a building with windows and a tree.","A person wearing a pink jacket is holding a colorful kite with blue, yellow, red, and green colors. The kite has long blue tails. The background features a building with large windows and a tree in front of it.",A young girl holding a colorful kite on a sandy beach. | This little girl tries to figure out how to get her kite to fly | A young girl is flying a multicolored kite outdoors.  | There is a young child standing on the beach with a fancy kite. | A woman holding a big colorful kite next to a building.
000000497330,Qwen2.5-VL-3B,A woman in a white dress holding a tennis racket.,A woman in a white dress sits on a chair with a tennis racket over her head. She is wearing a white shirt and has a bracelet on her wrist. The background includes a wall and a chair.,A woman sits in a chair holding a tennis racket. | a women that is sitting down with a tennis racket | A woman in a tennis outfit poses with her racquet. | Woman sitting in a chair while holding a tennis racket. | A woman is posing with a tennis racket for an advertisement.
000000571804,Qwen2.5-VL-3B,"The image shows a display of various ceramic items, including bowls, vases, and a sink, all featuring floral patterns. The ceramics appear to be part of an exhibit or collection, possibly in a museum or a gallery.","The image shows a display of ceramic bathroom fixtures, including sinks, toilets, and bowls, all featuring floral patterns in shades of green and brown. The items are arranged on a white shelf against a plain wall, with small placards providing information about each piece. The setting appears to be an exhibit or a display case, possibly in a museum or a specialized store.","Ten porcelain pieces with floral patterns painted on them. | A collection of sinks, and basins are on display. | fine china stays on display, not to be touched  | A porcelain tea and bathroom set is on display. | A collection of soap dishes, bowls, and small trinkets. "
000000398158,Qwen2.5-VL-3B,"A man is standing in a living room, holding up a white sheet over a television that is placed on the floor. The room has red walls and wooden floors, with a red couch and a small table visible in the background.","A man is standing in a living room with red walls, holding a white plastic bag over his head. He is wearing a black shirt and appears to be in the process of moving or setting up something. There is a television on a wooden stand in front of him, and various items such as a remote control, a box, and some papers are scattered around the floor. The room has a red couch, a wooden coffee table, and a window with blinds.",a guy unwraping a big screen tv in his living room | A man unpacking a new flat screen TV. | Guy pulls the protective wrapping off a new tv | a person putting a sheet on or off of a television in a living room | A man putting a protective covering over a large TV screen.
000000198959,Qwen2.5-VL-3B,"A baseball player in a black jersey is swinging a bat at a ball, while another player in a blue shirt and catcher's gear crouches behind him. The scene appears to be from a youth baseball game.","A baseball player in a black jersey with the number 8 and the word ""RIO"" on it is swinging a bat at a yellow ball. The catcher, wearing a blue uniform and a catcher's mask, is crouched behind the batter, ready to catch the ball. The umpire, dressed in a light blue shirt and dark pants, stands behind the catcher, observing the play. The scene takes place on a baseball field with a chain-link fence in the background.","a baseball player swinging a bat at a ball | A batter, catcher and umpire in a softball game. | A baseball player wearing black and white standing on a field swinging a bat.  | The girl is playing baseball in the field.  | A woman hitting a softball with a bat on a field."
000000507782,Qwen2.5-VL-3B,"Two women are standing in front of a computer screen, with one woman using the laptop and the other woman looking at the screen.","Two women are standing in front of a laptop. The woman on the left is wearing a blue shirt and has long brown hair, while the woman on the right is wearing glasses, a green scarf, and a dark jacket. There is a bulletin board with various papers attached to it behind them.",A woman in tech support teaches computer skills. | two women and one in a blue top and a laptop | Two women are working on a computer at the office. | A couple of people at a laptop by a desk. | Two ladies sitting at a laptop at a business.
000000189152,Qwen2.5-VL-3B,"A person in camouflage clothing is holding a syringe and injecting something into the ear of a large gray cow. The cow has a tag on its ear, and the person is wearing gloves. The background features green trees and bushes.",A person in military uniform is administering an injection to a large gray cow with a red ear tag. The cow is standing still while the person holds the syringe. The background features green foliage and trees.,A woman wearing a military uniform injecting a cow. | A women in military uniform who is giving a cow a shot. | An army veterinarian injects a substance into a cow. | A person putting a shot into a giant cow. | Large sized cow getting an injection from a woman in camo.
000000293218,Qwen2.5-VL-3B,A large airplane is flying over a runway with mountains in the background.,"The image depicts an airplane in mid-flight over a runway. The aircraft is white with two propellers on the wings. In the background, there is a hilly landscape with sparse vegetation and some trees. The sky appears to be partly cloudy.",An airplane flies low to the ground near a mountain range. | A large plane is taking off from a runway. | A white plane taking off from a airport | A airplane fliyng near a mountain with its wheels out to land | A vintage quadruple propellor plane leaves the runway.
000000374990,Qwen2.5-VL-3B,"A woman stands in the doorway, wearing a black sweater and blue pants, while a light brown dog with a black collar stands on the hardwood floor inside a house.","A person wearing a black sweater and blue pants stands in a doorway, partially visible. A light-colored dog with a black collar stands on the wooden floor, looking up at the person. The room has a wooden door with a doorknob, a white refrigerator, and a window with blinds. The scene is indoors, likely in a kitchen or living area.",A woman standing in a doorway as a dog turns and looks at her. | A large dog looks back at his owner. | A brown and white dog and person standing on a wooden floor. | A dog is looking at a woman in the kitchen. | The dog is looking up at a woman.
000000351369,Qwen2.5-VL-3B,"An Emirates airplane is taxiing on a runway, with a yellow vehicle visible in the foreground.","The image shows an Emirates airplane on a runway with its engines emitting smoke. The plane is white with the Emirates logo and text in gold. There is a yellow vehicle near the front of the plane, possibly a ground support vehicle. The background features a cloudy sky and a grassy area adjacent to the runway.",A landing jet airplane kicking up spray on a wet runway. | A large white airplane on a open road. | The plane has a lot of colors on the end of the wing | A plane is taking off from a runway in the rain. | Smoke coming from a large white commercial airplane.
000000411938,Qwen2.5-VL-3B,"A group of people, including a man holding a beer and another with a teddy bear, are riding bicycles down a street.","The image shows a group of people on bicycles in an urban setting. One person is holding a large teddy bear while riding a bicycle. Another person is holding a glass of beer. The background includes trees, buildings, and a few other people walking or standing.",A person holding a huge teddy bear while riding a bike in the street. | A boy is riding a bike with a teddy bear as a person sitting is toasting a beer. | People riding bicycles with a teddy bear on a city street | A woman holding a teddy bear riding a bike with friends | Woman holding a teddy bear on the back of a bicycle. 
000000487612,Qwen2.5-VL-3B,"The image shows a group of colorful kites flying in the sky, with one kite resembling a yellow octopus and another resembling a red and yellow character. The kites are attached to strings, and there is a person standing on the ground near the kites. The background features a clear blue sky with some clouds and trees lining the horizon.","The image depicts a kite festival with various colorful kites flying in the sky. The kites include a large, yellow, cartoonish character kite, a blue kite shaped like a cube, and other assorted shapes and designs. The background features a clear blue sky with some clouds, green trees, and a few people standing on the ground, likely enjoying the event.",a close up of many large kites near the ground | A row of kites with trees in the background. | The crowd of people are looking to fly their kites.  | some people outside flying a variety of kites | People raising a variety  giant kites into the sky.
000000424812,Qwen2.5-VL-3B,A man riding a horse in a field with cows and trees in the background.,The sky is blue with orange clouds. There is a horse in the field. The horse is black. The horse is on the right side of the image.,Riding a horse through a field at dusk. | A person riding a horse through a dry grass covered field. | a person riding a horse though a field  | A person riding a horse in a field with a beautiful sunset. | A person rides a horse across a field under a sunset.
000000114327,Qwen2.5-VL-3B,A stop sign with graffiti on it is attached to a pole in front of a house.,"The image shows a stop sign attached to a pole. The sign has been altered with the word ""STOP"" written in white letters on a red background. There is also a sticker or label below the stop sign that reads ""HE NOW."" The background features a residential area with houses, trees, and a clear sky.","a stop sign sits on the corner of a street  | A red stop sign in front of a building. | A stop sign altered with spray painted graffiti  | a stop sign on the corner of a street of apartments | The stop sign is at the end of the residential street,"
000000232625,Qwen2.5-VL-3B,"A person is snowboarding at night, performing a trick on a rail. The background is dark with some lights visible in the distance.","A person is snowboarding at night. They are wearing a blue plaid jacket, yellow pants, and black boots. The snowboarder is in mid-air, performing a trick over a wooden barrier. The background is dark with some distant lights visible.",A guy on a snow board in the dark. | Snow boarder riding during the night over a fence. | A man is doing a grind on a snowboard | A young man riding a snowboard on top of a rail. | Snowboarder riding on railing at night during winter.
000000210988,Qwen2.5-VL-3B,"A wooden bench sits on a gravel path in a lush garden, surrounded by trees and bushes.","The image depicts a serene garden scene featuring a wooden bench situated on a gravel path. The bench is positioned near a variety of trees and shrubs, including a prominent palm tree in the background. The garden appears lush and well-maintained, with greenery filling the space around the bench. The overall atmosphere suggests a peaceful outdoor setting, likely designed for relaxation and enjoyment of nature.",A wooden bench sitting in a forest next to a tree. | A wooden bench overlooks a heavily landscaped pond. | A bench look at a bridge over a pool of water. | A wooden park bench sitting with a view of a pond and bridge. | A bench is the focus of this photo of a tropical park.
000000059000,Qwen2.5-VL-3B,"The image depicts a cozy living room with a Christmas tree on the right side, adorned with lights and ornaments. The room features a comfortable couch, a chair, a TV, and various decorative items such as books, picture frames, and a lamp. There is also a small table in the center of the room. The overall atmosphere suggests a warm and festive environment during the holiday season.","The image depicts a cozy living room setting with several notable features:

1. **Furniture**: 
   - A brown armchair is positioned near the right side of the room.
   - A green leather chair is situated on the left side.
   - A small wooden table sits in front of the armchair.

2. **Decorations**:
   - A Christmas tree is adorned with lights and ornaments, positioned on the right side of the room.
   - A red stocking hangs from the tree",A Christmas tree sitting in a  living room. | A picture of a small living room in someone's apartment.  | There is a Christmas tree in a living room. | A living room with a lot of furniture and accessories | A living room is shown with a Christmas tree in the corner.
000000317330,Qwen2.5-VL-3B,A man wearing glasses and suspenders is looking at the camera.,"The image is a black-and-white photograph of an elderly man. He has short, graying hair and is wearing sunglasses with dark lenses. He is dressed in a white dress shirt and suspenders. The background appears to be indoors, possibly a room with wooden furniture.","A man looking over his glasses with a tie and suspenders on.  | a elderly man in a white collard shirt, sunglasses and a tie | An old man wearing glasses is looking at the camera.  | An elderly man has glasses, a tie and suspenders. | A man wearing suspenders and glasses sits on a bench"
000000019432,Qwen2.5-VL-3B,"A man is playing tennis on a blue court, holding a racket and wearing a white shirt and black shorts. There are several empty chairs in the background.","A man with long hair is playing tennis on a blue court. He is wearing a white sleeveless shirt, black shorts, and white sneakers. He is holding a tennis racket in his right hand and appears to be preparing to hit the yellow tennis ball that is in mid-air. The background features several white folding chairs arranged in rows.",a man playing tennis going for a low ball | A tennis player with a racket hitting the ball | He's almost got this tennis ball at the end of his racket. | A man with a racquet standing on a tennis court. | A man playing tennis on a blue tennis court
000000554348,Qwen2.5-VL-3B,"A woman stands on train tracks, looking at a blue train coming out of a tunnel. She is wearing shorts and carrying a backpack and a handbag. The scene appears to be in a rural or suburban area with greenery surrounding the tracks.","A person stands on a railway platform, facing away from the camera, looking towards a tunnel entrance. They are wearing a white shirt, denim shorts, and sandals, with a backpack over their shoulder. The platform has a metal railing and a few signs. A blue train is visible in the background, passing through the tunnel. The scene is set in a lush, green area with trees and bushes.",a woman is standing on a set of train tracks | A woman photographs a blue railroad car as it peeks out of a tunnel. | A woman takes a picture of a train on a track. | A woman on railroad tracks watching a train in the distance. | A woman takes a picture of a blue train going into a tunnel.
000000521956,Qwen2.5-VL-3B,"A man in a blue shirt is playing tennis on a blue court, holding a racket and looking up towards the sky.","A man is playing tennis on a blue court. He is wearing a white shirt with a logo on the left side of his chest, white wristbands, and a red and black tennis racket. The background features a black banner with the word ""KIA"" in white letters.",I am unable to see an image above. | A man in white shirt and wristbands playing tennis. | A man swinging his racket at a ball.  | There is a male tennis player that is going to serve the ball | A man getting ready to serve the ball in a tennis game.
000000216006,Qwen2.5-VL-3B,A street sign for E Howe St and Broadway E 800 is shown in the foreground with a car parked on the street.,"The image depicts an urban street scene with several key elements:

1. **Street Signs**: There are two green street signs indicating ""E Howe St"" and ""Broadway E 800."" The signs are mounted on a pole near the intersection.

2. **Vehicles**: A white SUV is parked on the left side of the image, facing away from the camera.

3. **Buildings**: There is a small, single-story building with a sign that reads ""1835","Road signs giving directions and a car parked next to it | A two way street sign by a house by a waterway. | INTERSECTION OF HOWE ST. AND BROADWAY A VEHICLE HEADS EAST ON BROADWAY | Street sign in a neighborhood overlooking a lake. | A home, vehicle, street signs, and the ocean."
000000554500,Qwen2.5-VL-3B,"A young woman is sitting in front of a computer screen, smiling at the camera. She has long brown hair and is wearing a gray shirt. There are other people in the background, and the setting appears to be an office or classroom environment.",A young woman with long brown hair is sitting in front of a computer screen in what appears to be an office or classroom setting. She is wearing a gray shirt and has a backpack on her back. There are other people and computers visible in the background.,A pretty young lady sitting in a room with computers. | a person sitting down near other people on computers  | A woman is sitting and smiling at the camera. | A smiling woman is in a booth table in a large room. | A woman sitting with another woman behind her with a computer. 
000000207027,Qwen2.5-VL-3B,"A row of surfboards is leaning against a rack on the beach, with palm trees and the ocean in the background.","The image shows several surfboards leaning against a rack on a beach. The surfboards vary in length and design, with some featuring colorful designs and text. The background includes a palm tree, a clear blue sky, and the ocean. There is also a white lounge chair visible at the bottom of the image.",A row of wooden surfboards sitting on a rack on the beach. | A beach area with a set of surfboards standing upright in a surfboard holder. | Long board surfboards stacked up on a rack on the beach | a rack of surfboards sits in the sun | Beautiful large surfboards on a rack at the beach.
000000006723,Qwen2.5-VL-3B,"The image depicts an urban street scene with a mix of residential and commercial buildings, including a tall building with a unique design. The street is lined with parked cars, and there are several pedestrians visible on the sidewalks. The sky is partly cloudy, suggesting a typical day in a city environment.","The image depicts an urban street scene with several key elements:

1. **Buildings**: There are multi-story buildings on both sides of the street, featuring a mix of residential and commercial spaces.
2. **Street**: The street is wide and appears to be in good condition, with clear markings for lanes and pedestrian areas.
3. **Vehicles**: Several cars are parked along the street, and there is a bus visible in the distance.
4. **Pedestrian Path**: A sidewalk runs",Row of buildings on empty street near side walk. | A building lined street with three lanes and light traffic. | A street with light poles and businesses on both sides. | A street with a row of older red brick building on one side. | A bike and walking path running side by side near a city street.
000000066072,Qwen2.5-VL-3B,"A man is paddleboarding on a wave in the ocean, wearing a wetsuit and holding a blue paddle.","A person in a wetsuit is paddleboarding on a wave. The individual is standing on a surfboard with a red stripe, holding a blue paddle. The water appears calm with gentle waves.",A surfer surfing on the surfboard with an oar in the ocean.  | A man surfing a small wave with a paddle | A man with an oar on a surfboard in the water. | A surfer with a paddle catches a wave. | A person wake boarding on a small wave.
000000053956,Qwen2.5-VL-3B,A truck is parked on the street near a stoplight and a street sign.,"The image depicts an urban street scene with several key elements:

1. **Street Signs**: There are two street signs on a pole. The top sign reads ""Broughton St"" and the bottom sign reads ""Barvard St.""
2. **Traffic Lights**: Two traffic lights are visible, one on the left side of the image and another closer to the center.
3. **Truck**: A white delivery truck is parked on the right side of the street.
4. **Buildings**:",Oval shaped picture of buildings with a truck outside and blue sky. | The street is full of various delivery trucks. | a sign showing direction and the name of the street | A eighteen wheeler truck driving by a street sign. | A view of a city corner with a truck stopped at a light. 
000000214961,Qwen2.5-VL-3B,A man is laying on his back in a pool with a skateboard next to him.,"A person is lying on their back in a swimming pool, wearing white swim trunks and black wristbands. They have a skateboard with blue wheels positioned horizontally across their body. The pool has a blue edge, and there is a blue inflatable raft floating nearby.",a man doing a jump in a swimming pool with his skateboard | A man riding a skateboard shirtless with knee pads on.  | A shirtless man performs a trick on a skateboard.  | a shirtless man is skateboarding in a pool | a shirtless young man on a skateboard at the rim of an empty swimming pool
000000062518,Qwen2.5-VL-3B,A train is traveling on tracks in the countryside.,"The image shows a train traveling on a curved railway track. The train has a yellow front with the number ""168218"" displayed. The surrounding area is rural, with trees and bushes lining the tracks, and a hilly landscape in the background under a clear sky. There are no visible people or animals in the scene.",Modern commuter train on a well maintained track  | A silver train sitting on the railroad tracks  | There is a somewhat short train moving along a track | A train traveling down tracks through the countryside. | Train coming down railway track towards the camera.
000000028826,Qwen2.5-VL-3B,A bench sits on the beach with the ocean in the background.,"The image shows a wooden bench situated on a sandy beach. The bench is positioned near the water's edge, with the ocean stretching out to the horizon. In the background, there is a large body of water, likely an ocean or sea, with waves gently lapping against the shore. Further in the distance, there is a small island or peninsula visible on the horizon, partially covered by clouds. The sky above is mostly clear with some scattered clouds.",A bench partially buried in sand on a beach near the ocean. | a bench on a beach near the water | A wooden bench on a sandy beach front. | An especially high tide washes over a bench on the beach. | A bench on a beach with sand piled up around its legs.
000000309958,Qwen2.5-VL-3B,A white headband with purple and blue flowers is placed on a table.,"The image shows a close-up of a floral arrangement. The flowers include purple anemones and small white flowers, possibly forget-me-nots. The arrangement is placed on a surface with green foliage in the background. The flowers are arranged in a circular pattern around a white ribbon or band. The overall composition suggests a decorative or ceremonial purpose.",flower arrangement in a basket with purple and blue flowers | A bakes with purple and white flowers along with greens. | Purple and blue flowers in a small basket. | A close up shot of a set of flowers.  | A basket filled with blue and purple flowers. 
000000065982,Qwen2.5-VL-3B,A woman leaning against a wall while talking on her cell phone.,"A woman is leaning against a wall, holding a phone to her ear with one hand. She is wearing a white tank top, blue jeans, and flip-flops. The wall she is leaning on is textured and appears to be made of concrete. The scene has a sepia tone.",A woman leaning on a building talking on her cell phone  | A woman on a cell phone leaned against a wall | A young woman is leaning against the wall and talking on the phone. | A woman on her cell phone leans against a wall | A woman wearing jeans leans against a concrete wall. 
000000484434,Qwen2.5-VL-3B,A group of people with umbrellas are standing in front of a blue stage.,"The image depicts a large blue tent-like structure with a stage set up inside it. The stage has a blue backdrop with the word ""DART"" written on it. In front of the stage, there is a crowd of people holding various colored umbrellas, suggesting that it might be raining. The people appear to be waiting in line or gathering for an event. The background features trees and a clear sky.",many people standing together holding open umbrellas  | A group of people who are holding umbrellas are watching a musician. | A crowd of people standing around a large blue state. | A crowd at an out door concert holding up umbrellas. | There is a crowd of people holding umbrellas
000000223467,Qwen2.5-VL-3B,"A bathroom with two sinks, a bathtub, and a large mirror.","The image depicts a luxurious bathroom with the following features:

1. **Bathroom Fixtures**:
   - A large oval mirror with a colorful mosaic border.
   - Two sinks with faucets.
   - A bathtub with a faucet.
   - Towels hanging on towel racks.

2. **Lighting**:
   - A wall-mounted light fixture above the mirror.

3. **Walls**:
   - The walls are tiled with a pattern of small tiles in various colors, including beige","a bathroom with two sinks, a cabinet and a bathtub. | A couple of sinks and a mirror in a room. | A mirror that is in a bathroom over a sink. | a bathroom with a large mirror with colorful rim | A beautiful bathroom with wooden cabinets and a large oval shaped mirror."
000000261982,Qwen2.5-VL-3B,"A person is performing a trick on a skateboard, with their feet in the air and the skateboard tilted at an angle. The background shows a grassy area with parked cars.","A person is performing a trick on a skateboard, with their feet positioned on the board and legs extended. The skateboarder is wearing dark pants and black shoes. The background features a grassy area with a curb, and there are parked cars visible in the distance.",A man flying through the air while riding a skateboard. | a guy having a spill on his skate board | A person on a skateboard does a flip in a parking lot. | A person is riding on a skateboard on the street. | a person on a skate board does a trick 
000000457037,Qwen2.5-VL-3B,"The image depicts a well-furnished bedroom with a large bed, a television, and various decorative elements such as paintings on the walls. The room has a cozy atmosphere with comfortable furniture and a clean appearance.","The image depicts a well-furnished bedroom with a large bed positioned against the wall. The bed has a wooden headboard and is adorned with multiple pillows in various colors, including red, green, and white. The bedspread features a striped pattern. To the left of the bed, there is a nightstand with a lamp on it. Above the bed, there is a framed artwork depicting a stylized face.

On the right side of the room, there is a dresser with a television placed on","A bedroom with green and white walls and a small TV. | A hotel room has green paint and a modern lamp. | A modern hotel room with a bath in one corner | A nicely decorated bedroom with furniture and bath.  | A room with a bed, two lamps, chairs, television and bath tub."
000000201241,Qwen2.5-VL-3B,"A polar bear is swimming in the water, with its head and upper body visible above the water's surface. The bear appears to be looking at something in the distance while it swims.","A polar bear is partially submerged in water, with its head and upper body visible above the water's surface. The bear appears to be looking down or at something underwater. The water is calm, reflecting some of the surrounding environment.",A polar bear keeping cool in the water. | a white polar bear swimming in the water near gray rocks | A polar bear is having fun in the water.  | A polar bear swimming in a river.  | A POLAR BEAR SPLASHING AROUND IN THE WATER
000000507719,Qwen2.5-VL-3B,A group of people and horses are walking through shallow water near the shore.,"The image is a black-and-white photograph of several people and horses in a shallow body of water. The people are wearing tank tops and pants, and some are holding reins. There are at least four horses visible, with one horse being led by a person. The horses appear to be walking through the water, and the people seem to be guiding them. The background features a shoreline with trees and rocks.",A man that is standing near a horse. | some people and some black and white horses water and trees | Several people walking horses by reins through the water. | A black and white photo of a man leading horses in the water. | Several people are leading horses by a body of water
000000125107,Qwen2.5-VL-3B,A pug dog is holding a plastic bottle in its mouth.,A pug dog is holding a plastic bottle in its mouth. The dog has a wrinkled face and is resting its head on the bottle. The background appears to be indoors with tiled flooring.,A pug chews on a large water bottle.  | This is an image of a pug chewing an empty water bottle. | A small pug dog sleeping on top of a water bottle. | The pug rests its head on  a large broken bottle. | A forlorn looking pug rests its head on an empty plastic bottle
000000537905,Qwen2.5-VL-3B,"A man is wakeboarding on a lake at sunset, with the sun reflecting off the water's surface. He is wearing a life jacket and appears to be in motion, gliding over the water. The background features trees and a dock, suggesting a recreational area near a body of water.","A person is wakeboarding on a body of water at sunset. The individual is wearing a life jacket and shorts, and they are holding onto a handle connected to a rope. The water is calm with small waves, and the sky reflects sunlight, creating a serene atmosphere. In the background, there are trees and a dock with boats visible.",A man water skiing behind a boat on the water | Someone riding a surf board while being towed behind a boat | A man hangs onto a boat with a wake board. | A person is being pulled on the water. | a person riding a surf board holding a tether 
000000542922,Qwen2.5-VL-3B,"A plate of food with broccoli, salmon, and tomatoes.","The image shows a plate of food with several visually supported objects:

1. **Salmon Fillets**: Two pieces of salmon fillet, seasoned with herbs and spices.
2. **Lemon Slices**: Two lemon slices, one placed on top of the salmon and another near the broccoli.
3. **Broccoli Florets**: Several pieces of broccoli, cooked and garnished with seasoning.
4. **Tomato Slices**: A few tomato slices, likely used as a garnish or side","Chicken and broccoli garnished with tomatoes and sliced lemons. | Food topped with lemons and tomatoes next to broccoli.   | A fish meal has sides of broccoli and tomato. | A piece of salmon with lemon, broccoli and tomato. | Closeup of food that includes chicken, lemon and broccoli."
000000445014,Qwen2.5-VL-3B,"A man in an orange shirt and white cap is standing next to a giraffe, looking at it. The man is wearing glasses and has a watch on his left wrist. There is another person, possibly a child, standing behind him. They are all near a wooden railing that separates them from the giraffe. The background features trees and a fence.","A man in an orange shirt and white cap stands near a giraffe enclosure, looking at the animal through a wooden railing. The giraffe, with its head over the railing, appears to be interacting with the man. In the background, there is a child wearing a pink shirt and another person in a white shirt. The setting includes trees and a fence surrounding the enclosure.",a group of people standing next to a wooden fence and looking at a giraffe | THERE IS A MAN THAT IS NEAR A GIRAFFE | a group of people look over a ledge at a giraffe  | A giraffe is poking its head up to some people | A man and two kids visit a giraffe at the zoo.
000000227901,Qwen2.5-VL-3B,A man and a woman sitting on the ground with headphones in their ears.,"The image shows two people sitting on a bench. The person on the left is wearing a light gray hoodie and has headphones in their ears, working on a laptop. The person on the right is wearing a black shirt with white text and also has headphones in their ears, looking at something in their hands. Both individuals have curly hair. The setting appears to be indoors, possibly in a library, as indicated by the ""CLEMSON LIBRARIES"" logo in the top right corner of the image",A couple of people sitting down by a wall. | A girl working on a laptop next to a man on an music player. | A woman sitting next to a man using a laptop computer. | A woman and a man enjoying their audio devices. | Two people with headphones are sitting against the wall.
000000445365,Qwen2.5-VL-3B,Two giraffes standing in a grassy field.,"The image shows two giraffes standing in a grassy field. The larger giraffe is on the right side of the image, while the smaller one is on the left. They appear to be interacting with each other. The background features a grassy landscape with some trees and a fence visible in the distance.","Two giraffes are shown standing in a grassy field. | Two giraffes, one looking toward the camera, stand on some grass. | The two giraffes are standing in a pasture. | Mother giraffe keeping a watchful eye out to protect her baby.  | Two giraffe standing in a green grass covered field."
000000382737,Qwen2.5-VL-3B,"A woman is lying on the floor next to a cat that is sitting on a chair. The woman has her head resting on the cat's back. There is a Christmas stocking hanging from the wall behind them, and a poinsettia plant in the background.","A woman with her eyes closed is leaning against a chair. The chair has a cushioned seat and is positioned in front of a lamp. There is a cat sitting on the chair next to the woman. To the right of the chair, there is a Christmas stocking hanging from the wall.",A woman resting her head up against a cat. | A cat laying on a chair while woman lays her head on the cat.  | Woman lays her head on the cat sitting on the chair | A woman laying her head on a cat on a chair. | A woman sitting on the floor laying her head on a cat.
000000179571,Qwen2.5-VL-3B,"A woman in a red shirt and white shorts is holding her arm up, possibly after a shot or injury, while standing on a tennis court with a net behind her. There are other people visible in the background, including one wearing a blue shirt and another in a white shirt. The setting appears to be an outdoor tennis court with a mix of green and brown surfaces.","A woman in a red shirt and white cap is holding her head with both hands, possibly in frustration or pain. She is standing on a tennis court next to a net. There is another person in the background wearing a blue shirt and khaki shorts, and another person's arm is visible on the right side of the image. The court has a green surface with a red border.",A person standing on top of a tennis court while wearing a white hat. | A tennis player crossing her arms and stretching with ball boys behind her. | woman in red and white tennis outfit on tennis court | Tennis players stretching their arms on the tennis court. | There are people standing on the tennis court.
000000089032,Qwen2.5-VL-3B,"A man in a suit holding an umbrella stands on a sidewalk at night, with a pizza shop in the background.","A man in a suit stands on a city sidewalk at night, holding an umbrella. He is positioned near a storefront with large windows displaying pizzas. The scene is illuminated by streetlights and the interior lights of the store. The man appears to be waiting or standing still, possibly for someone or something.",A man with an umbrella is standing in front of a shop. | A man holding an umbrella standing on a corner. | A man stands outside at night and holds an umbrella. | A man standing in the rain at night. | A man in black coat standing under umbrella next to a building.
000000091406,Qwen2.5-VL-3B,Four women standing in front of pizza boxes.,"The image shows four women standing in a classroom setting. They are smiling and appear to be posing for a photo. In front of them, there is a table with several open pizza boxes containing various types of pizza slices. The classroom has desks, chairs, and bookshelves filled with books. There is also a TV mounted on the wall behind them.",Several women gathered together posing with 6 pizzas in take out boxes. | Four women stand behind boxes of large pizzas.  | A group of women standing behind a table filled with pizza. | A group of four women stand together in front of pizzas. | people standing near a table with open pizza boxes
000000405222,Qwen2.5-VL-3B,A group of men on horseback with flags.,"The image is a black-and-white photograph of six men on horseback, riding through a grassy field with trees in the background. The men are dressed in period clothing, suggesting they might be reenactors or historical figures. Each man is mounted on a horse, and some are holding flags. The horses appear to be in motion, as indicated by their posture and the slight blur. The scene has a historical or reenactment feel, possibly depicting a military or ceremonial event from the past","Black and white photograph of battle reenactment with men on horses | Black and white of army soldiers on horse back. | A group of men riding horses out of a forest. | A group of soldiers travel on horseback, surrounded by trees. | A black and white photo of a cavalry of men on horses."
000000332987,Qwen2.5-VL-3B,A person in a red shirt is skateboarding on a paved surface with parked cars and buildings in the background.,"A person in a red shirt is skateboarding on a paved surface. The background features a parking lot with several cars and trucks, and a building with a brick facade. The sky is partly cloudy with blue patches.",Man in a red shirt and blue jeans skateboarding.  | A young boy is skateboarding in the middle of a parking lot.  | a person with a red shirt is skateboarding and some cars | A man riding on a skateboard on the pavement.  | A photo of a boy riding his skateboard in a parking lot.
000000398554,Qwen2.5-VL-3B,"A bathroom with a sink, mirror, and towel rack.","The image depicts a modern bathroom with a black countertop. On the countertop, there is a white oval sink, a toothbrush holder, a soap dispenser, and a few other toiletries. The bathroom features large mirrors on either side of the sink, reflecting parts of the room. There is also a towel rack with a white towel hanging on it. The walls are tiled with dark tiles, and there is a bathtub visible in the background. The overall design suggests a contemporary and clean aesthetic.","The bathroom sink and vanity is a little messy.  | Image of a bathroom showing the vanity and sink area. | A bathroom with a sink, mirror, and a bath tub. | A modern bathroom with a large mirror and sink. | A black and white bathroom sink with mirror and bathtub."
000000386332,Qwen2.5-VL-3B,"A woman is sitting at a table with four open pizza boxes in front of her, each containing different types of pizza. The pizzas have various toppings such as cheese, pepperoni, and sausage. The setting appears to be a casual dining environment, possibly a home or a small restaurant.","A woman in a blue shirt is sitting at a table with four open pizza boxes in front of her. The pizzas appear to be topped with various ingredients, including cheese, pepperoni, and sausage. There is a white fan on the floor behind her, and a framed picture hangs on the wall above the fan. The setting appears to be a casual dining area, possibly in a home.",A woman seated in front of a buffet of pizzas. | A woman with many selections of pizza to choose from. | a woman sitting at a table with multiple boxes of pizza  | a woman is sitting down in front of several large pizzas | A woman standing in front of an assortment of different pizzas with a plate in front of her. 
000000439907,Qwen2.5-VL-3B,"A bathroom with a sink, mirror, and towel rack.","The image depicts a bathroom scene with several key elements:

1. **Sink Area**: 
   - A black countertop with a white sink.
   - Various toiletries on the counter, including a soap dispenser, a small bowl, and a few bottles.

2. **Towels**:
   - Two white towels hanging on towel racks.
   - One towel rack is located near the sink, while the other is inside the shower area.

3. **Shower Area**:
   -","A bathroom with a shower and a white sink on a wooded counter. | A hotel room bathroom with walk in shower | A bathroom with yellow lighting, a glass shower, and a black countertop sink. | A bathroom scene showing the shower and sink. | A high end bathroom with a shower stall"
000000049885,Qwen2.5-VL-3B,"A red Fairfax County Medical Ambulance Bus is parked on the side of the road, with its back facing the camera. The bus has a large emblem on its side and is equipped with various lights and emergency equipment.","The image shows the rear end of a red Fairfax County Medical Ambulance Bus. The bus has a large emblem on its side featuring the American flag and the words ""Fairfax County Medical Ambulance Bus."" The vehicle is parked on a paved surface with trees visible in the background.",A red medical ambulance bus parked and waiting for people to board. | a close up of a medical ambulance on a city street | a fairfax county red medical ambulance bus with its doors open | Modern medical ambulance bus parked on a sunny day | An ambulance bus with the door open sits on the street.
000000092558,Qwen2.5-VL-3B,"A herd of animals, including zebras and wildebeests, graze in a grassy field under a cloudy sky.","The image depicts a vast savanna landscape with a large herd of animals grazing in the grassy field. The animals include zebras, wildebeests, and possibly other herbivores. The sky is overcast with clouds, suggesting a cloudy day. The terrain is flat, with rolling hills visible in the distance. The overall scene conveys a sense of natural wildlife abundance and the serene beauty of the African savanna.",A herd of zebra and buffalo standing on a dry grass field. | A group of zebras walking in a grassy field.  | Large herd of wild animals in natural grassy plain. | Zebras and other animals in the field on a sunny day. | A large herd of animals on a grass field.
000000055594,Qwen2.5-VL-3B,"The image depicts an outdoor market scene with various fruits, vegetables, and other goods displayed in baskets and on tables under a thatched roof. There are several people shopping or browsing the items for sale. The market appears to be located in a rural or developing area, with simple structures and a casual atmosphere.","The image depicts an outdoor market scene with various produce items displayed on tables and shelves. There are baskets of fruits and vegetables, including bananas, cucumbers, and peppers. The market has a thatched roof providing shade over the stalls. People are visible in the background, engaged in shopping activities. The setting appears to be in a tropical or subtropical climate, given the types of produce and the style of the market.",A BOY IS LOOKING AT THE VEGETABLE STAND  | Some people at an open market in a city. | A boy in a market place is looking at vegetables. | A young boy looks at produce in a street market. | A young boy is looking at the fruits and vegetables at a market.
000000378502,Qwen2.5-VL-3B,A man is riding a motorcycle down the street.,"The image shows a street scene with several vehicles and a person on a motorcycle. The motorcycle rider is wearing a black jacket and blue jeans. There are cars in the foreground, including a red car and a black SUV. Traffic lights are visible at various points along the street, indicating an urban setting. The buildings in the background have multiple windows and are made of brick. The sky appears overcast.",A person on a motor bike and a car on the street. | A man in the city riding a motorcycle in traffic without a helmet.  | A person on a motorcycle with a large back wheel riding on a street. | A man riding on the back of a motorcycle behind a red car. | A group of cars driving through an intersection.
000000318550,Qwen2.5-VL-3B,"The image depicts an urban scene with a train station, construction site, and surrounding buildings. There is a red bridge in the background, and the area appears to be under development or renovation. The sky is clear with some clouds, and there are trees and greenery scattered throughout the scene.","The image depicts an urban scene with several key elements:

1. **Railway Tracks**: There are multiple railway tracks running horizontally across the foreground.
2. **Train**: A train is visible on one of the tracks, moving from left to right.
3. **Construction Site**: A large construction site with yellow scaffolding covers most of the area, indicating ongoing development.
4. **Buildings**: Various buildings are visible in the background, including a tall building with a red roof.
5. **","A photo of a busy city with cranes and a train and bridge | A train rolls by a bright yellow building.  | A rooftop view of a train depot and a new building being built across the tracks from it. | A city scene containing train tracks, a bridge, and a building under construction. | Construction going up in industrial section of city."
000000103306,Qwen2.5-VL-3B,"The image shows a bathroom with a white shower curtain, a sink, and a towel rack.","The image depicts a bathroom scene featuring a white shower curtain hanging from a rod above a sink. The sink is placed on a black cabinet with a silver faucet. There is also a towel rack mounted on the wall to the left of the shower curtain, holding a folded towel. The bathroom has beige walls and a window with blinds partially open.",A bathroom with a shower and a sink. | A white shower curtain and a sink in a bathroom.  | A shower curtain is closed and is next to a white sink and black cabinet. | A very simple bathroom with a sink and a shower. | A closed shower curtain with sink in a bathroom.
000000233298,Qwen2.5-VL-3B,A large airplane is flying in the sky with a cloudy background.,"The image shows an airplane flying in the sky with a cloudy background. The aircraft is white with red accents on its tail and wingtips. The plane appears to be a commercial jet, likely from Japan Airlines, given the visible logo.",A large commercial airliner is flying through the sky. | a red and white jet flying and some white clouds | A airplane that is flying in the sky. | a large air plane flying thru the air  | An airplane soaring through the air while lifting its landing gear.
000000180764,Qwen2.5-VL-3B,A man with glasses is eating a pink frosted donut in a kitchen.,"A person with glasses is holding a pink frosted donut with sprinkles in their hand, about to take a bite. The setting appears to be a kitchen with various appliances, cabinets, and a microwave visible in the background. There is also a blue basket on a shelf and a roll of paper towels nearby.",A man eating a pink doughnut with sprinkles  | The man eats a donut with pink frosting and sprinkles in his kitchen. | A man biting into a pink icing doughnut that's covered in sprinkles. | A man with glasses taking a donuts with a microwave in the background | A person taking a bite of a iced and sprinkled doughnut in a kitchen. 
000000179327,Qwen2.5-VL-3B,"A woman in a plaid shirt is standing in front of an open refrigerator, reaching inside to grab something. The kitchen has wooden cabinets and a countertop with various items on it.",A person in a plaid shirt is standing next to an open refrigerator. The refrigerator has several magnets and notes attached to it. The kitchen features wooden cabinets and a countertop with a sink. There is a dog bowl on the floor near the refrigerator.,A woman standing in front of an open refrigerator in a kitchen. | A woman trying to put something into a refrigerator. | A woman is carrying a block of ice to the freezer. | Woman struggling to find a spot in the refrigerator for a pizza box. | A woman placing something big insider her refrigerator.
000000505040,Qwen2.5-VL-3B,A train is traveling through a hilly landscape with green vegetation.,"The image shows a train traveling through a hilly, desert-like landscape. The train is composed of several cars, with the front car prominently displaying the ""Santa Fe"" logo in red letters on a white background. The train is moving from left to right across the frame. The surrounding area features dry, green shrubbery and sparse vegetation, typical of a semi-arid environment. The sky above is clear and blue, indicating a sunny day.",a train on a train track near hills  | A train traveling through a rural countryside under a gray sky. | A train is moving through grass covered plains. | A train that is riding near the dirt. | A Sante Fe train runs on the tracks through the valley.
000000422176,Qwen2.5-VL-3B,A vase with flowers on a wooden shelf.,"The image shows a vase with a textured surface placed on a wooden surface. The vase contains a floral arrangement featuring a white flower, green leaves, and some red flowers. The background includes a wooden door with vertical panels.",A vase filled with flowers and greens on a shelf. | A table with a vase filled with flowers and foliage on top. | A white vase of flowers sits on a wood shelf. | a bouquet of flowers and leaves in a light colored vase | A vase of beautiful flowers are on display.
000000132791,Qwen2.5-VL-3B,A man in a sweater walks toward a bus on a rocky beach.,A bus is parked on a dirt road with a large rock balanced on its roof. A person in a striped sweater walks towards the bus from the right side of the image. The background features a grassy field leading to a rocky hillside.,A man that is standing in the dirt. | a vintage photo of a man looking at a bus | A bus is traveling through flooded land.  | a person walks near water and there is a bus driving through it | A bus filled with people and luggage is crossing a small stream.
000000397063,Qwen2.5-VL-3B,A hand holding a hole in the palm.,"The image shows a hand holding a small, circular object that appears to be a piece of raw meat, possibly a sausage or a similar food item. The object is encircled by the hand's fingers, and it has a pinkish-red color with a slightly rough texture. The background includes a tiled floor and part of a white surface, likely a table or countertop.",A small ring of raw meat in someone's palm | A person is holding a ring of meat. | A hand holding a donut shaped piece of meat. | A person is holding something circular in their hand.  | A circle of uncooked meat in someones hand
000000172733,Qwen2.5-VL-3B,A man is standing in a grassy field holding a red and black kite. He is wearing a green t-shirt and gray pants. The background features trees and a picnic table.,A man stands in a grassy field holding a red and black kite. He wears a dark green t-shirt with a logo on the left side of his chest and light-colored cargo pants. The background features a line of trees and a picnic table under a cloudy sky.,A man holding a kite at the park | A man that is standing in the grass with a kite. | a man that is holding a large red and black kite | A man holding a kite in a park  | a man holding onto a red and black kite in the park 
000000262014,Qwen2.5-VL-3B,"A fluffy white and gray cat is standing on a windowsill, looking out the window with its ears perked up. The background shows a snowy outdoor scene with trees and a house.","A fluffy white cat with dark patches on its face is standing by a window, looking out at a snowy landscape. The cat has a bushy tail and long, white fur.",A cat looks at the camera from a window sill | Black and white cat standing beside a window.  | a black and white cat moving at the edge of a window | A fluffy white cat stands in front of the glass window. | A very cute cat standing by a big window.
000000435466,Qwen2.5-VL-3B,"A kitchen with a checkered countertop, wooden cabinets, and an open pantry.","The image depicts a kitchen with wooden cabinets and a checkered countertop. There is a refrigerator with various items on its shelves, including a box of cereal and some snacks. The ceiling has the word ""APOLLO"" written on it. The kitchen also features a dining table with chairs, a window, and a small cabinet under the counter.","A kitchen area with shelves, counter and bar stools. | A red ceiling adorns the kitchen, which also has a cool black and white checkered countertop.  | View of kitchen with chairs, cupboard and large pantry unit. | A long dining room has bar and bar stools. | a kitchen with a lot of shelf and cupboard space "
000000234470,Qwen2.5-VL-3B,"The kitchen is well-lit and features a large island with a granite countertop, stainless steel appliances, and wooden cabinets. The kitchen has a modern design with a combination of wood and metal elements.","The image depicts a modern kitchen with several key features:

1. **Kitchen Island**: There is a large central island with a granite countertop.
2. **Cabinets**: The cabinetry is wooden with glass doors, providing both storage and display space.
3. **Refrigerator**: A stainless steel refrigerator is visible on the right side of the kitchen.
4. **Stainless Steel Appliances**: The kitchen includes a stainless steel stove and oven.
5. **Lighting**: The ceiling",a big kitchen with an island and track lighting  | A counter and a table in a room. | An empty kitchen with empty dark wooden cabinets. | The contemporary kitchen is full of all the modern appliances. | A kitchen with a center island and lots of cabinets.
000000070254,Qwen2.5-VL-3B,A green and yellow train is pulling into a station with passengers waiting on the platform.,"The image depicts a train station with a green and yellow train pulling into the platform. Several passengers are waiting on the platform, some sitting on benches while others stand. The platform has a number 11 sign indicating the platform number. There is a traffic light visible in the background, and the sky appears clear and blue.",A green and yellow train traveling past a platform. | A bright green train is pulled up for awaiting customers. | Passengers wait at the platform as a passenger train approaches. | a train pulling up to station people waiting | People are lined up along a train station waiting for a train.
000000416730,Qwen2.5-VL-3B,A woman wearing a tan jacket and a headscarf is talking on her cell phone.,A woman is talking on her phone while wearing a beige hijab and a brown jacket with a lanyard around her neck. The background appears to be an outdoor setting with blurred people and possibly a red barrier.,The woman is talking on a cell phone | a woman in a hood is on the phone | Woman wearing headscarf and trench coat using cell phone. | A woman sitting down talking on her cell phone.  | A woman wearing a head covering talking on a cell phone.
000000518438,Qwen2.5-VL-3B,"The image depicts an intersection with multiple traffic lights, including a stoplight and a yield light, positioned at various points along the street. There is also a stop sign visible in the scene. The area appears to be a small town or suburban setting, featuring a brick building on the left side of the road.","The image depicts an intersection with multiple traffic lights showing yellow signals. There is a brick building on the left side of the street, featuring a storefront with large windows and a sidewalk in front. The street has double yellow lines indicating no parking zones. There are several signs, including a speed limit sign and a directional sign for 417. The sky is overcast, and there are trees lining the street.",A string of stoplights is going across the street. | an intersection with street lights and street signs | An intersection of streets with stop lights hanging above. | A street with two traffic lights suspended above it. | A street scene with focus on an intersection with traffic lights.
000000092134,Qwen2.5-VL-3B,"A beach scene with lounge chairs, umbrellas, and a cruise ship in the background.","The image depicts a serene beach scene with several key elements:

1. **Beach Furniture**: 
   - There are multiple lounge chairs arranged on the sandy beach.
   - The chairs have red cushions and are positioned under large umbrellas.

2. **Umbrellas**:
   - A prominent blue and white striped umbrella is open, providing shade for the lounge chairs.
   - Another smaller umbrella is visible in the background.

3. **Water**:
   - The ocean is calm with clear",A beach area with several chairs and umbrellas. | A beach with chairs and umbrellas with a cruise ship in the background. | A cruise ship and a tourist boat seen from a white sand beach | A beach with beach chairs with a big cruise ship in the distance. | A group of lawn chairs sitting on top of a beach.
000000046432,Qwen2.5-VL-3B,"The wing of an airplane is visible in the upper left corner, with a view of mountains and valleys below.","The image shows an aerial view of a mountainous landscape from the perspective of an airplane wing. The mountains are rugged and covered with green vegetation, and there is a river winding through the valley below. The sky is clear, indicating good weather conditions.",A view from an airplane flying over a mountainous region. | The view out of an airplane with part of the wing. | A view of a mountain range is seen from an airplane. | Looking out of an airplane at mountains and a river below | A photo taken from an airplane looking down at the mountains.
000000509129,Qwen2.5-VL-3B,A woman in a dress stands between two men dressed in suits.,"The image is a black-and-white photograph featuring three individuals in formal attire. The person on the left is wearing a light-colored suit with a bow tie and has a mustache. The person in the center is wearing a long, elegant dress with a polka dot pattern and is holding a drink. The person on the right is dressed in a three-piece suit with a high collar and a bow tie. They all appear to be in a room with wooden paneling and a patterned carpet. The","A group of people that are standing on a carpet. | A woman stands with two men dressed up/ | Two men and a woman are standing in a 70's photo. | A black and white picture of two men and a woman.  | A woman between two men in tuxedos, all standing at a bar."
000000013729,Qwen2.5-VL-3B,A group of people playing a video game in a living room.,"In the image, there is a group of four people standing in a living room. The woman on the left is wearing a white tank top and shorts, while the man next to her is wearing a blue shirt and khaki shorts. Another man in a green shirt and khaki shorts stands to their right, and another man in a striped shirt and khaki shorts stands behind them. They all appear to be engaged in an activity involving remote controls. The room has a couch, a coffee table with",a group of people that are playing some wii | Four people standing in a room playing a video game.  | A group of people are playing Wii in their living room.  | A group of people playing with a Wii in the living room.  | Three men and a woman playing a wii video game
000000087998,Qwen2.5-VL-3B,"A black motorcycle is parked on the side of the road, with a person walking in the background.","A black motorcycle with chrome accents is parked on a gravel surface near a wooden fence. The motorcycle has a prominent headlight, a blue emblem on the fuel tank, and a black seat. In the background, there are several cars and a person walking.",there is a black motorcycle parked outside in the dirt | black motorcycle standing on display outside in the sun | People are walking past a black motorcycle that is next to a building.  | a close up of a motorcycle parked near other cars | A parked motorcycle sitting near a parking lot in the sun. 
000000222009,Qwen2.5-VL-3B,A bouquet of red roses and purple flowers in a blue vase on a white tablecloth.,The image shows a bouquet of red roses in a blue vase placed on a white tablecloth. The background features a white brick wall with a wooden shelf.,A vase filled with purple and red flowers sitting on a counter. | A blue vase with red roses centered on a white table. | a small blue vase with red flowers  | A vase full of flowers sitting on a table in front of a cement wall. | a group of red flowers in a blue vase on a white table.
000000156511,Qwen2.5-VL-3B,"A young girl is playing tennis on an outdoor court, holding a racket and wearing a visor, tank top, shorts, and pink socks. The court has a green surface with white lines marking the boundaries. There are palm trees in the background, and a fence surrounding the court area.","A young girl is playing tennis on an outdoor court. She is wearing a white visor, a floral tank top, and light blue shorts. She is holding a yellow tennis racket and appears to be in the middle of a serve. The court has a green surface with white lines marking the boundaries. There is a chain-link fence surrounding the court, and beyond it, there are palm trees and a building with a green roof. The sky is clear and blue.",A girl rared back with her racquet on a court. | a girl hitting a ball with a tennis racket | A young girl is playing tennis with a yellow racket. | a young tennis player swinging a racket  | A female tennis player in action on the court.
000000382211,Qwen2.5-VL-3B,A giraffe is standing in an enclosure with snow on the ground and trees in the background.,"The image shows a giraffe standing in an outdoor enclosure with a snowy ground. The giraffe has a long neck and legs, with its body covered in distinctive brown patches separated by white lines. The background features leafless trees and a wooden fence, suggesting the enclosure is part of a zoo or wildlife park.",Giraffe holding it's head mid way with a wooden gate behind it. | a tall giraffe standing in front of a wood fence | A girafe standing in front of a wooden fence. | A giraffe stands in an enclosure in the winter.  | a giraffe in its pen a fence grass and trees
000000457229,Qwen2.5-VL-3B,"A person is riding a horse on the beach, with a cloudy sky above and a distant shoreline in the background.","A person is riding a horse on a sandy beach. The sky is overcast with gray clouds. In the background, there is a body of water and some distant buildings.",A person on a horse is down by the ocean. | A person riding a horse on top of  a sandy beach. | A person rides a horse on the beach by the water. | A woman on a horse on the shore of the ocean  | A person is sitting on a horse on a beach.
000000453013,Qwen2.5-VL-3B,"A large white teddy bear is sitting in a wooden rocking chair, holding a smaller brown teddy bear in its lap.","The image shows two teddy bears sitting on a wooden rocking chair. The larger bear is white and has its arm around the smaller brown bear, which is wearing a blue shirt and black pants. The background features a beige wall with a dark horizontal stripe at the bottom.","A large teddy bear with a smaller teddy sitting in a rocking chair. | Two teddy bears, one a police officer bear sitting in the lap of the other, a white bear, both of them sitting on a wooden chair. | a teddy bear in a cop uniform sitting on the lap of another teddy bear  | Two teddy bears sit on a rocking chair. | Large teddy bear with smaller on in lap sitting on rocking chair."
000000200739,Qwen2.5-VL-3B,"The image is a black and white photograph of an old city street with buildings, cars, and people. There is a horse-drawn carriage in the foreground, and several vehicles, including trucks and buses, parked along the street. The buildings have fire escapes on their facades, and there are people walking or standing on the sidewalk. The overall scene suggests a historical or vintage setting.","The image is a black-and-white photograph of an urban street scene from the early 20th century. Key elements include:

1. **Buildings**: Multiple multi-story buildings with fire escapes on their facades.
2. **Vehicles**: A horse-drawn carriage, a truck, and a bus.
3. **People**: A few pedestrians visible near the vehicles.
4. **Street**: The street appears to be made of cobblestones.
5. **Fire Escapes**: The","A photo with many buildings off of a street with trucks parked in front. | An old picture of a scene in a city  | A black and white picture of a building with horses, wagons, and vehicles parked on the side of the road.  | This an old fashion picture of trucks and a horse drawn carriage in front of some apartment buildings. | A horse pulling a cart with luggage and a truck nearby in a city street"
000000376767,Qwen2.5-VL-3B,"The image shows the top of a building with a clock and an eagle statue on top. The building has a decorative facade with intricate designs and a sign that reads ""Estació del Nord.""","The image depicts the top section of a building with a prominent clock face. The clock is encircled by decorative elements and has Roman numerals for the hours. Above the clock, there is an eagle statue perched on a globe, symbolizing strength and vigilance. The building's facade features ornate designs and the text ""ESTACIÓ DEL NORD"" at the bottom, indicating it might be a train station named Estació del Nord. The sky in the background is partly",A large building with a clock on it's face and a bird statue on top. | This is a picture of an ornate building with a statue of an eagle on top. | A COLORFUL BUILDING WITH A CLOCK TOWER HAS WAVING FLAGS. | A clock tower on an official building with an eagle on top | A train station with an eagle statue at the top. 
000000053748,Qwen2.5-VL-3B,"A giraffe stands in a grassy field near a safari vehicle, with trees and bushes in the background.","A giraffe stands in a grassy field near a safari vehicle. The vehicle has various items on top, including a red cooler and an orange bucket. The background features tall grasses and trees.",A tall giraffe studding next to a  parked truck. | a giraffe looking at a safari truck driving past | A giraffe is standing alongside the road staring at an oncoming vehicle. | A giraffe in a grassy area next to a jeep.  | a giraffe standing next to a tour jeep
000000154854,Qwen2.5-VL-3B,"The image depicts a city street scene during dusk or early evening. There is a traffic light on the left side of the image, and several cars are parked along the street. In the background, there is a prominent church with a tall steeple, and the sky has a gradient from blue to orange, indicating the time of day. The streetlights are on, adding to the evening atmosphere.","The image depicts an urban street scene during dusk or early evening. Key elements include:

1. **Streetlights**: Several streetlights are visible along the sidewalk.
2. **Vehicles**: Cars are parked along the street, with one minivan in particular being prominent.
3. **Fence**: A black metal fence runs along the sidewalk.
4. **Signage**: Street signs are present, indicating directions or names of streets.
5. **Buildings**: Buildings line the street, with one","A view of a street, with a church in the horizon. | A street with many cars stopped at a traffic light. | a street a fence people cars and traffic lights | A building in the distance bathed in sunlight | Several cars driving down the road near a fence."
000000356612,Qwen2.5-VL-3B,"A group of black cows is walking down a street, with a white van and a yellow bus in the background. There are also people on bicycles and a man riding a bicycle in the foreground. The scene appears to be in an urban area with various signs and advertisements visible along the street.","The image depicts a busy street scene with several vehicles and animals. There is a white van driving down the road, followed by a yellow bus. In front of the van, there are five large black cows walking down the street. The cows appear to be in motion, possibly being herded by someone. On the right side of the image, there is a person riding a bicycle, wearing a dark jacket and hat. The background includes various signs and advertisements, indicating a commercial area. The overall atmosphere",Several black bulls are walking down the street. | The bulls are walking down the street in front of cars.  | A herd of cows walking down a city street. | A group of cows walking in front of several cars. | A group of bulls riding on the street along with cars and buses and a man on a bike giving an girl a ride.
000000001779,Qwen2.5-VL-3B,"The image shows two green street signs attached to a pole, indicating the intersection of Edloe St and Westpark Dr. The signs display the names of the streets in white text on a green background. The background includes part of a building with windows and some trees, suggesting an urban or suburban setting.","The image shows two street signs attached to a pole. The sign on the left is for Edloe St, and the sign on the right is for Westpark Dr. The background includes a building with a beige exterior and some trees.",An intersection with a street sign and a building and palm trees in the background. | a couple of signs on a pole outside a building | A couple of green street signs hanging from a traffic light. | A street sign on the corner outside a Spanish style building. | A street sign on a street corner 
000000366782,Qwen2.5-VL-3B,"A man is standing on a pier next to a large boat, with tall buildings in the background and a Colgate clock visible.","A man stands on a dock, gazing at a large boat docked near a body of water. The boat is white with multiple windows and a small cabin. In the background, there are tall buildings, including one with a prominent clock face. The sky appears to be in the early evening or late afternoon, as the light is soft and warm.",A man is standing on a dock near water with a passenger boat going by large buildings in the background. | a small boat in al arge body of water  | a black and white boat water people and a clock | The boat is gliding threw the water.  | A yacht passes by some buildings on the shore.  
000000249219,Qwen2.5-VL-3B,"A red and white double-decker bus is driving down a street with palm trees lining the road. The bus has the number 25 on its front window, indicating its route or destination.","The image shows a double-decker bus with the branding ""SBS Transit"" on its side. The bus is red, white, and purple in color. It is traveling down a street lined with trees and houses. The bus has the number 25 displayed on its front window.","A double decker bus driving down the road. | This is a double-decker bus shown in a tropical area. | A double decker bus driving down a city street. | A double decker red white and purple bus | A double decker tour bus with the logo ""SBS Transit"". "
000000428291,Qwen2.5-VL-3B,"A table set with plates of food, including a sandwich and fries, and a vase of flowers.","The image shows a dining table set for a meal. The table is covered with a white checkered tablecloth. On the table, there is a plate of food that includes a sandwich with lettuce and tomato, a side of French fries, and a salad. There is also a glass of water with a blue liquid, possibly lemonade, and a vase with orange flowers. In the background, there is a wooden cabinet with a hanger on it. The setting appears to be in a kitchen or",A table prepared with food is seen in this image. | A table full of food with a glass of water. | A table with several plates of food on it. | One plate has sandwiches and fries and two other plates have dark green salads.  | The food is ready to be eaten on the table.
000000268394,Qwen2.5-VL-3B,A cake shaped like a red pickup truck is placed on a white paper on a wooden table.,"The image shows a cake designed to resemble a red pickup truck. The truck has a detailed front end with a grill and headlights, and the bed of the truck is visible. The cake is placed on a white rectangular cake board, which is situated on a wooden table. The background includes part of a chair and a wall.",A truck cake sitting next to a Ford emblem cake. | A cake made to look like an old truck. | A truck and a cake on a table. | a close up of a cake in the shape of a truck | The large cakes are shaped like a pickup truck and a Chevy insignia.
000000398066,Qwen2.5-VL-3B,"A man is playing baseball on a field with a city skyline in the background. He is wearing red shorts and a baseball cap, holding a bat, and appears to be preparing to hit the ball. The field has a dirt surface, and there are trees lining the outfield fence.","A man in red shorts is standing on a baseball field, holding a bat and preparing to hit a ball. He is wearing a helmet and a glove. Another person is visible in the background, likely the pitcher. The field is surrounded by trees, and tall buildings can be seen in the distance.",A young man holding a baseball in front of a pitcher. | A batter is practicing his swing shirtless on a dirt lot. | A baseball player taking a swing at a ball | A shirtless man with a baseball bat being pitched to. | an image of a man about to swing at a ball
000000523780,Qwen2.5-VL-3B,A person skiing down a snowy slope in front of a row of buildings.,"The image depicts a snowy scene with two individuals skiing down a slope in front of a multi-story building complex. The building has balconies and is painted in various colors, including yellow, green, and red. The ground is covered in snow, and there is a stone wall separating the ski area from the building. The sky is clear and blue, indicating a sunny day. The skiers are wearing winter clothing and are using ski poles to navigate the slope.",Two people skiing right up to a big lodge. | Two men skiing down a slick slope next to large building. | A couple of people riding skis down a walkway. | Two people on cross country skis passing by a building. | a person walking on snow covered road  while wearing skis.
000000458177,Qwen2.5-VL-3B,Two bear cubs are walking through a field of tall grass and wildflowers.,"The image shows two bear cubs in a grassy field with tall grasses and wildflowers. The cubs are walking through the vegetation, with one slightly ahead of the other. The scene appears to be set during the day, as the lighting suggests it is either morning or late afternoon.",Two brown bear cubs in a grassy area with flowers. | Two brown bears are walking through a field of tall grass. | Two bear cubs foraging side by side in a field. | Two small bears are grazing in the open field | There are two baby bears in a field.
000000145747,Qwen2.5-VL-3B,Three boats on the water with trees and mountains in the background.,"The image depicts a serene lakeside scene with three boats floating on calm water. The background features a forest of trees displaying autumn colors, transitioning from green to shades of orange and yellow. Beyond the trees, there is a range of mountains with some snow-capped peaks visible in the distance. The sky above is partly cloudy, with patches of blue and white.",A large lake filled with small white boats near a forest. | a number of small boats in a large body of water  | a couple of boats are sitting in the water | Three boats in the water are near each other.  | Three boats on a lake on a fall day.
000000179141,Qwen2.5-VL-3B,"A group of people are gathered around a table, enjoying pizza and drinks together.","The image shows four people gathered around a table in a dimly lit setting, possibly a bar or restaurant. They appear to be enjoying a meal together. On the table, there is a pizza on a cardboard box, two glasses of beer, and a small plate. The individuals are smiling and looking at the camera, creating a casual and friendly atmosphere.",Four people are smiling together over a box of pizza. | two women and two men smiling over a pizza  | Smiling people indoors posing with a delivery pizza. | Four people at a wooden table sitting around a box of pizza. | A group of friends gathered around a box of pizza.
000000279524,Qwen2.5-VL-3B,"A living room with a couch, TV, and a man in the background.","The image depicts a living room with a brown couch adorned with colorful pillows, positioned on a red rug. A small television is placed on the floor in front of the couch. To the right, there's an open door leading to another room where a person is visible. The walls are painted in a light color, and there are framed pictures hanging on the wall behind the couch. On the left side of the image, there is a black entertainment center with a TV mounted on it.","a living room with a brown couch a table and a black cabinet | Photo of a living room with a TV on the floor  and one on a stand, a person standing outside the door way. | The man is going to the door to let his date in. | A man walking past an empty living room.  | a living room with a couch and a tv near a wall"
000000204749,Qwen2.5-VL-3B,"A truck is reflected in the side mirror of another vehicle, showing the road and other vehicles behind it.","The image shows a side view mirror of a vehicle, reflecting the road ahead. The reflection includes a white truck driving on a highway, with a bridge visible in the distance. The sky is partly cloudy, and there are other vehicles and structures visible in the background.",a truck in the reflection on a car mirror  | A tuck looking out its window in the rain | looking into a truck mirror at another truck morror | the reflection of a white truck in a mirror | a mirror that has a truck in the reflection
000000053624,Qwen2.5-VL-3B,"An elephant is standing in a water puddle, surrounded by rocks and dirt, with a log and a tree trunk in the background.","An elephant stands in a shallow water puddle near a sandy area with patches of grass. The elephant has large ears and is positioned in front of a large log and a tree trunk. There are several people visible in the background, some walking and others standing. The setting appears to be an outdoor enclosure, possibly at a zoo or wildlife park.",A large gray elephant standing on a pool of water. | An elephant is standing in the water drinking it. | An elephant drinking water in an enclosure at a zoo. | An elephant standing in water and drinking it through his trunk.  | Elephant enjoying a drink of water in zoo.
000000545826,Qwen2.5-VL-3B,"A black and white cat is sitting on a chair, wearing a blue elephant hat.","A black and white cat is sitting on a chair, wearing a blue elephant-shaped toy around its neck. The cat has white whiskers and is looking to the left. The chair is wooden with a cushioned seat. In the background, there is a red cushioned chair and a white cabinet with a blue knob.",A black and white cat that is standing on all fours and has an elephant hat on it's head. | A black cat with white paws is standing among some wooden boards and a toy. | A cat is wearing a small elephant hat. | A cat on a stool with something on its head | There is a cat wearing an elephant hat
000000510791,Qwen2.5-VL-3B,"A man in white tennis attire is walking on a grass court, holding a tennis racket and wearing a wristband.","A person in white athletic attire is standing on a grass tennis court, holding a tennis racket in their right hand. They are wearing a white cap, wristbands, and white shoes. The player appears to be looking down at the ground.",Walking the court prepares the tennis player for his upcoming match. | A tennis player walking on a grass court. | A man holding a racquet on top of a tennis court. | a guy walking on a court carrying a stick | a man is holding a tennis racket on a court
000000056070,Qwen2.5-VL-3B,A black and orange motorcycle is parked on a sidewalk next to a yellow parking meter.,"The image shows two motorcycles parked on a sidewalk. The foreground motorcycle is black with orange accents and features a prominent engine. It has a chrome exhaust pipe and a black leather seat. In the background, there is another motorcycle, which appears to be white with black accents. The scene includes a yellow parking meter, a tree, and a few people walking in the distance. There is also a car visible in the background.",A motorcycle parked next to a yellow thing and tree. | A black and orange motorcycle on a sidewalk. | A shiny motorcycle is parked on a city sidewalk. | Two motorcycles parked on a bricked sidewalk against a newspaper rack. | A motorcycle parked next to a yellow object on a sidewalk.
000000294992,Qwen2.5-VL-3B,"A bedroom with a bed, dresser, lamp, and window.","The image depicts a bedroom with a teal-colored wall. The bed has a white comfort and is adorned with a blue pillow and a brown blanket. There is a wooden nightstand next to the bed, which holds a lamp with a white lampshade and some books. A window with yellow curtains allows natural light into the room. The floor is carpeted in a light color.","a view inside a bedroom seeing a bed , table stand and an open window | A bed sitting in a bedroom under a window. | A sofa and a bed are cramped into in a room. | a bedroom with blue walls and yellow details | A room with a bed, window, lamp and curtains. "
000000052462,Qwen2.5-VL-3B,Two zebras standing in a grassy field with trees in the background.,"The image shows two zebras standing in a grassy field with dry, tall grass. The zebras have black and white striped patterns on their bodies. The background features some trees and bushes, indicating a natural, possibly savannah-like environment.",Two zebra standing next to each other in a dry grass field. | Two zebras standing in tall savannah grass near forest brush. | Two zebras are walking through tall brown grass. | Two zebras standing in a field of tall grass. | Two zebras roaming through the terrain in a countryside setting.
000000045920,Qwen2.5-VL-3B,"A baseball player is standing on a grass field, wearing a gray uniform with the number 33 and a blue cap. He has a baseball glove in his left hand. The field appears to be well-maintained with green grass and white markings.","A baseball player in a gray uniform with the number 33 on his back stands on a grassy field, facing away from the camera. He is wearing a blue cap, a gray jersey, and a black glove on his left hand. The grass is well-maintained with visible white lines marking the field.","A great picture of a person in the stillness motion.
 |  A baseball player standing on top of a field. | A baseball player standing in a field with his glove | A player is standing alone in a ground. | a baseball player standing in the outfield "
000000550552,Qwen2.5-VL-3B,"A kitchen with a wooden table and chairs, a bar area, and white cabinets.","The image depicts a well-lit, modern kitchen with wooden accents. Key features include:

- A large island with a granite countertop, featuring a sink and bar stools.
- White cabinetry with wooden trim.
- A clock hanging from the ceiling.
- A dining table set with a red place mat and candles.
- A chandelier providing additional lighting.
- A rug under the dining table.
- A refrigerator in the background.
- A stove on the left side of the kitchen.

The overall","A large kitchen with an  island surrounded by stools. | A real estate photo shows a kitchen with breakfast nook. | A kitchen features two tables and chairs and white interior cabinets and white shudders. | An open, furnished kitchen with dining room table | This kitchen has wooden ceilings and two tables"
000000449114,Qwen2.5-VL-3B,A tennis player is about to hit the ball with his racket on a blue and green court.,"A tennis player is in mid-air, reaching for a tennis ball on a blue and green tennis court. The player is wearing a blue shirt, black shorts, and white shoes. The player's shadow is visible on the ground below them.",A tennis player jumps and hits a ball. | A man is playing tennis on a tennis court. | a man is playing tennis on a court | A man with a tennis racket with a tennis ball in the air. | The tennis player is returning a difficult serve.
000000473299,Qwen2.5-VL-3B,A person snowboarding down a snowy slope with trees in the background.,"A person snowboarding down a snowy slope with trees in the background. The snowboarder is wearing a dark jacket and light-colored pants, while another individual is visible further up the slope on skis. The scene appears to be set in a forested area with snow-covered ground.",A man riding a snowboard on top of a snow covered slope. | A person on a snowboard riding it in the snow. | People riding down the side of a snowy hill. | A pair of skiers on a snowy hillside dressed for cold weather. | A person rides a snowboard in a forest setting.
000000500270,Qwen2.5-VL-3B,"A skateboarder is standing on a ramp at a skate park, with palm trees and the ocean in the background.","The image depicts a skate park with several concrete ramps and rails. A person is standing on a skateboard near the edge of one of the ramps, wearing shorts and a tank top. The background features palm trees and a clear sky, suggesting it might be early morning or late afternoon. There are other people in the distance, some of whom appear to be skateboarding. The overall atmosphere is calm and serene.",A woman in black shirt riding a skateboard. | a person skateboarding near a skateboarding park at sunset. | People skateboard around a skate park near rails.  | A man riding a skateboard at a skate park. | A young woman on a skateboard in a skate park
000000147921,Qwen2.5-VL-3B,"The image shows a beach scene with a clear blue sky, a sandy shore, and a few people walking along the boardwalk. There is a lamppost on the right side of the image, and a boat is visible in the background near the water. The overall atmosphere appears to be calm and serene.","The image depicts a coastal scene with a clear blue sky and a sandy beach area. There is a lamppost on the right side of the image, and a bicycle parked near it. In the background, there are several boats anchored in the water, including a large white boat and a smaller red sailboat. The shoreline is lined with a fence, and there are a few people walking along the path near the water. The overall atmosphere appears to be calm and serene.","A beach with umbrellas, boats, and people biking or walking. | A beach scene with a dock and boat at it. | A empty road next to the ocean with lots of boats. | A yacht pulling up to a swimming beach. | A beach front with a yacht in the background."
000000052166,Qwen2.5-VL-3B,"A group of people standing on a snowy slope, some wearing yellow jackets and others in various colors.","The image depicts a snowy outdoor scene at a ski resort. A person in a green jacket is bending over, possibly adjusting their skis or equipment, while another individual in a yellow jacket stands nearby. The ground is covered in snow, and there are several people in the background, some of whom are wearing colorful winter clothing such as jackets, hats, and goggles. Some people appear to be standing on skis, and others are holding ski poles. There are also some buildings and structures visible in the",Professional skier performing tricks for a group of people at a ski resort. | A person on skis up on a rail with a group of people watching. | A crowd watches a skier perform a stunt on a rail. | A group of people watching a person doing a trick on skis. | A group of people watching a skier on a track.
000000478157,Qwen2.5-VL-3B,"A woman and a child are sitting on the ground with their dogs, eating food.","A woman in a pink shirt sits on the grass, eating a hot dog while a small brown dog sits next to her, also eating a hot dog. Another person, wearing a blue shirt, is sitting nearby with another small dog. There is a bottle of soda on the ground near the woman. The scene appears to be outdoors, possibly at a park.",Two people eating corn dogs with two small dogs between them. | A cute furry dog with some people in the grass. | People eating lunch on the ground with their dog.  | Two people eating food sitting on the grass. | Two people with small dogs sit in the grass eating. 
000000075051,Qwen2.5-VL-3B,"A white toilet with a closed lid is situated in a bathroom, next to a trash can and against a wall with a greenish hue. The floor appears to be tiled with light-colored tiles.",The image shows a white toilet with a closed lid in a bathroom setting. The toilet is positioned against a wall with a small section of greenish-blue wall tile visible on the left side. There is a small trash can with a metallic finish to the right of the toilet. The floor appears to be tiled with light-colored tiles.,A small white toilet sitting next to a metal trash can. | A compact toilet and shower of a small bathroom | A close up shot of a white toilet and waste bin. | A small white toilette with the lid closed has a metal trash can on one side and a shower stall on the other. | a toilet bowl and a trash can in a bathroom
000000174871,Qwen2.5-VL-3B,A dog with a cat on its back and a mouse on the cat's back is walking down a street.,"A dog with a cat on its back is walking down a street. The dog has a rat on its back as well. There are people in the background, some of whom are wearing shorts.",A photograph of a cat and mouse on top of a dog. | A mouse and cat sit on top of a dog. | Small dog with both a cat and a mouse riding on its back. | Cat and mouse riding on a dog on a busy city street. | a close up of a dog with a cat and a mouse on its back
000000063791,Qwen2.5-VL-3B,A group of people playing soccer in a park with trees and benches in the background.,"The image depicts a group of people playing soccer in a park. There is a man in the foreground wearing a pink shirt and black shorts, who appears to be kicking a soccer ball. In the background, there are several other players, some of whom are wearing red shirts. The setting includes trees, benches, and parked cars along the street. The scene suggests a casual, outdoor sports activity taking place during the day.",A group of men playing soccer in a park. | People outside playing soccer in a park with people watching.  | Two men playing a game of soccer on a grass field. | A group of people playing soccer in a park | Several men playing soccer in a park with a few onlookers.
000000560797,Qwen2.5-VL-3B,"A group of men in blue jackets are standing on a baseball field, with one man in a white jersey and orange socks kneeling down. There is a large sign behind them that says ""PNC"" and another sign that says ""Toyota."" The field has a green grassy area and a dirt infield.","The image depicts a baseball game in progress. The field is well-maintained with green grass and a dirt infield. Several players are visible on the field, including one player in a white uniform with the number 6 and another player in a black uniform. The scoreboard shows ""Ricky Arnold"" as the ceremonial pitcher, indicating that he is about to throw the ceremonial first pitch. There are several advertisements and signs around the field, including those for Toyota, PNC Bank, and AT&T.","NASA men making first, ceremonial pitch at a baseball game. | A NASA astronaut throwing out the first ball at a baseball game | A group of men on a field playing baseball. | A bunch of guys on a baseball field about to throw the ball. | A man standing in front of a group of men getting ready to throw a bass to another man."
000000063144,Qwen2.5-VL-3B,"A surfer in a black wetsuit and red beanie is riding a wave on a white surfboard. The water appears calm with gentle waves, and the sky is clear.","A person in a black wetsuit and red beanie is surfing on a white surfboard. The surfer is riding a small wave with their feet positioned on the tail of the board. The water appears calm with gentle ripples, and the horizon line separates the calm water from the distant landmass.",A surferboarder is surfing on a small wave. | The man with a wet suit on is surfing in the water. | A person in a wet suit riding a surf board  | A man surfs a small wave in calm waters. | THERE IS A MAN ON THE SURF BOARD ON THE WAVES
000000220981,Qwen2.5-VL-3B,A toy holding an iPhone with a sad face on the screen.,"The image shows a smartphone with a black screen displaying an icon of a sad face. The phone is held by a small, blue, toy-like figure with a single large claw-like hand. The background includes a wooden fence and some greenery.",A sad smart phone holding a half a banana. | A figurine that holds an iPhone stands on a table. | a phone with arms holding a piece of banana. | A comical face on a cellphone with a body on it. | An iPhone with a sad face and arms and legs attached.
000000379475,Qwen2.5-VL-3B,"A cluttered desk with two laptops, a mouse, and various posters on the wall behind them.","The image depicts a cluttered workspace with various items arranged on a desk. There are two laptops open, one displaying a webpage and the other showing a desktop interface. The desk also has a mouse, a phone, and a few books. The wall behind the desk is adorned with numerous posters, photos, and notes, creating a busy and personalized atmosphere. The room appears to be a home office or study area.",A couple of laptop computers sitting on top of a desk. | A home work station with two laptop computers on it. | Two lap tops set up on a desk in front of a decorated wall. | A computer desk with laptops on it with many photos on the wall behind it . | A desk scene with two laptops and pictures on the wall.
000000113294,Qwen2.5-VL-3B,"A man is standing on a dock, pulling on the rope of a small boat that is floating in the water. The boat has a motor and is tethered to the dock with a rope. There are several buoys floating in the water around the boat.","A man stands on a dock, pulling on a rope attached to a small boat. The boat is floating in the water, surrounded by buoys. In the background, another boat is anchored further out in the water.",A man tying a boat to a shore line by the water. | the man ties off his small fishing boat in the sea | A man is pulling up a sailboat to dock it on the shore. | A man is holding onto the ropes on his boat | Man tending to small boat on large waterway.
000000536426,Qwen2.5-VL-3B,A fire hydrant is sitting on the curb next to a pink traffic cone.,"The image shows a fire hydrant on the side of a street. The fire hydrant is white with a red cone placed around it for visibility. The street appears to be wet, possibly from recent rain. There is a sidewalk next to the street, and some grassy areas are visible. A stop sign is also present in the background.",A photo of a fire hydrant with a cone next to it. | The view of red traffic cone near a fire hydrant. | A FIRE HYDRANT AND WARNING  CONE SITTING ON THE CORNER | A traffic cone in the grass beside a fire hydrant. | a fire hydrant sits next to a street cone 
000000231088,Qwen2.5-VL-3B,"There are several open umbrellas in different colors, including blue, green, red, and white, floating against a clear blue sky.","The image shows several open umbrellas floating in the air against a clear blue sky. The umbrellas are of different colors: teal, blue, red, and white. They appear to be suspended by strings or wires, creating an interesting visual effect. The background includes part of a building with a yellow facade and a red roof.",6 open umbrellas of various colors hanging on a line | The sun shining through different colored umbrellas.  | Multi-colored umbrellas hung like a mobile on a wire | Six umbrellas floating in the air near a building. | Several umbrellas of different colors are hanging in the sun.
000000545475,Qwen2.5-VL-3B,A cat is sleeping on a mat with several pairs of shoes around it.,"A cat is sleeping on a pair of shoes. The shoes are scattered on a mat with various colors and styles. The cat is positioned between the shoes, with its head resting on one shoe and its body curled around another.",A cat thats lieing in a pile of shoes by the door.  | a kitty laying among four pair of shoes | A cat that is laying next to a bunch of shoes. | A cat is surrounded by a pile of shoes. | A cat laying on many shoes on a brown rug. 
000000560358,Qwen2.5-VL-3B,A clock is hanging from the ceiling in a train station.,"The image is a black and white photograph of a large clock hanging from the ceiling in what appears to be a train station. The clock has a round face with Roman numerals for the hours and Arabic numerals for the minutes. The hands of the clock are visible, showing the time as approximately 10:10. The background features large windows with vertical bars, suggesting a high-ceilinged interior space. The lighting is dim, creating a moody atmosphere.",A clock is on a pole under a set of windows. | a clock in front of three big windows. | A clock sitting in the middle of a building. | the clock is showing thirty-four passed twelve in the station | A lit clock with several bright windows behind it at night.
000000036051,Qwen2.5-VL-3B,A woman in a white shirt and pink shorts is playing tennis.,A woman in a white shirt and pink shorts is playing tennis. She is holding a tennis racket and appears to be in the middle of a serve. The background shows a green wall with spectators in the stands.,A woman playing tennis in front of a blurry crowd. | A woman hitting a tennis ball with a tennis racquet. | A woman swinging a tennis racket at a ball on a court. | A woman swinging a tennis racket at a ball. | The woman is hitting a tennis ball with her racket.
000000076731,Qwen2.5-VL-3B,"An orange pen is laying on top of a blue device that says ""Echos"" and ""Olivetti"".","The image shows a blue electronic device labeled ""Echos"" with a small orange pen-like object placed on top of it. The device appears to be a stylus or input device, possibly used for drawing or writing on a digital screen. The brand name ""Olivetti"" is visible on the bottom part of the device. The background includes a wooden surface and some cables.",A pen is sitting on top of a laptop. | A wooden table with a purple laptop and orange pen. | A pen sitting on top of an electronic devise | A scale with a musical instrument sitting on top of it. | A yellow pen on top of a closed lap top computer.
000000394199,Qwen2.5-VL-3B,"A woman is standing next to a red motorcycle, wearing a white shirt and a red bandana around her neck. She has glasses on and is smiling at the camera. The background shows a grassy area with trees and a small shed.",A woman with glasses is standing next to a red motorcycle. She is wearing a white shirt and a red bandana around her neck. The background features a grassy area with trees and a small shed.,"A woman sitting on top of a red motorcycle. | A woman takes a selfie in her backyard on a moped. | A woman with glasses and a red bandana around her neck, smiling next to a red motorcycle.  | A woman is posing next to a red motorcycle. | a woman on her bike in her yard"
000000550013,Qwen2.5-VL-3B,A man is playing with two dogs in a grassy field.,"A man stands in a grassy field, holding a long stick. He is wearing a light-colored shirt and shorts. Two dogs are present: one black dog to his left and a white dog to his right. The background features a fence and trees.",A man walking around with his dog and sheep. | A man walking across a field holding a wand near a dog. | A man is standing in a field with a dog and goat. | A man is training a sheepdog for a sheepdog trial. | Man with golf club and a dog and a goat
000000532503,Qwen2.5-VL-3B,"A man and woman are standing on a snowy cliff, with the woman raising her arm in the air while holding a phone. They are both wearing winter clothing, including jackets, beanies, and gloves. The background features a snow-covered landscape with a waterfall visible in the distance.","A person in a patterned hoodie and jeans is standing on a snowy ledge, holding up their arm as if taking a selfie. They have a black backpack slung over one shoulder. Another person, wearing glasses, a dark jacket, and a beanie, stands beside them, holding the camera. The background features a snowy landscape with a large waterfall.",Man and woman on an ice covered bridge. | a couple of people are standing in the snow | A woman taking a selfie near a ledge | a couple of people that are standing on some ice | A man and woman taking pictures at the edge of a canyon.
000000492562,Qwen2.5-VL-3B,A train is traveling on a bridge over a body of water with mountains in the background.,"The image depicts a train traveling on a bridge over a body of water. The train consists of several cargo cars, including green, red, and brown ones. The background features a mountainous landscape with trees in various shades of green, yellow, and orange, indicating a change in seasons. The sky is partly cloudy with patches of blue visible.",A mountainside with a railroad of trains passing. | A train crossing a bridge over water next to some hills.  | A train goes over a bridge in a mountainous area.  | A train following train tracks in the mountains.  | A train crossing of a railroad bridge above water.
000000297442,Qwen2.5-VL-3B,"A person is standing on a skateboard with their feet in blue sneakers, and the background shows a cityscape with buildings and trees.","The image shows a close-up of a person's feet wearing blue sneakers with white soles. The sneakers are positioned on a skateboard, which is partially visible in the foreground. The background features a blurred view of a cityscape with buildings and trees, suggesting an urban setting. The lighting indicates it might be either early morning or late afternoon, as the sky has a warm hue.",A person wearing blue shoes riding a skateboard. | Blue sneakers with white shoe laces are touching a skate board. | A person with blue ripped sneakers riding a skateboard | A person in worn out shoes holds down a skate board. | A person in worn out blue sneakers with a skateboard.
000000245102,Qwen2.5-VL-3B,A snowy street with a red stop light and a building in the background.,"The image depicts a snowy urban scene at night. Key elements include:

1. **Buildings**: There are several buildings with illuminated windows, suggesting they are occupied.
2. **Streetlights**: Several streetlights are visible, providing light to the area.
3. **Traffic Light**: A red traffic light is prominently displayed in the foreground.
4. **Signage**: There is a sign near the traffic light, but the text on it is not legible.
5. **Snow**: The ground",A bright red light that is on the side of a snow covered street. | A snow covered ramp in a parking garage | A light shines over a canopy on a snow covered sidewalk. | The entrance and exit to a snowy parking garage. | it is snowing near a staircase and some walls with a light
000000191845,Qwen2.5-VL-3B,A group of people crossing the street with umbrellas.,"The image depicts a busy urban street scene with numerous people crossing the street at a crosswalk. Many individuals are holding umbrellas to shield themselves from the rain. The pedestrians are dressed in various outfits, suggesting it might be a cooler day. The crosswalk is marked with yellow lines, and there are several pedestrians carrying bags, some of which appear to be shopping bags. The overall atmosphere suggests a typical rainy day in an urban setting where people are navigating through the streets despite the weather conditions.",A crowd of people with umbrellas on a street. | A crowd of people crossing a street holding umbrellas. | Crowd of people walking across the street under umbrellas | a crowded street of people all with umbrellas | A group of people crossing a street with umbrellas.
000000295491,Qwen2.5-VL-3B,A group of men in military uniforms stand around tables with food and American flags.,"The image depicts a festive military event with tables set up for a meal. The tables are covered with white tablecloths and adorned with American flags. There are various food items on the tables, including what appears to be sandwiches, pastries, and desserts. A large blue inflatable chicken is visible in the background, adding a playful touch to the scene. Several individuals, likely military personnel, are gathered around the tables, engaging in conversation and enjoying the meal. The atmosphere suggests a celebratory occasion,",Military personal serving themselves food at an event. | Soldiers getting food at a patriotic banquet table. | Military personnel holding plates looking for food on tables. | Service men and women attending a buffet for america. | A buffet table filled with desserts being served to military personnel.
000000224104,Qwen2.5-VL-3B,"A police officer on horseback is patrolling a city street, with a traffic light and other vehicles in the background.","A person on horseback is patrolling a city street. The rider is wearing a helmet and a dark jacket. The horse is brown with a saddle and stirrups. In the background, there are buildings, traffic lights, and vehicles, including a bus and cars. The scene appears to be in an urban area with clear skies.",A man riding on the back of a brown horse down a street. | A cop that is sitting on a horse. | A police officer in uniform and with a helmet riding on the back of a horse at a stoplight. | An officer sits on a brown horse on a city street. | A man in a police uniform sitting on a horse by a traffic light.
000000249623,Qwen2.5-VL-3B,A black bear is walking on a dirt path in a forested area with trees and bushes surrounding it.,"A black bear is walking on a dirt path in a forested area. The bear is moving forward, with its body angled slightly to the left. The path is surrounded by trees and bushes, creating a natural habitat for the bear. The bear's fur appears to be wet, possibly from recent rain. The scene suggests that the bear might be searching for food or moving between different areas within its territory.",A black bear walking through a path in the woods. | A large black bear walks along a rock covered trail. | A black bear that is walking on a rock pathway. | A large black bear walking down a dirty road. | A bear walks alone on a dirt road in the bush.
000000371890,Qwen2.5-VL-3B,A white cat is laying on the ground next to a bicycle.,"A white cat with black patches is lying on the ground near a bicycle. The cat appears to be looking at something in its right paw. There are two orange chairs in the background, one behind the other, and a green structure to the right of the bicycle. The setting seems to be outdoors, possibly in a backyard or garden area.",a black and white cat a chair and some bicycles | A cat lays next to a bike in the back yard. | A cat that is laying on some dirt outside. | a white cat is laying down on the ground | The cat was white and brown  and was going to sleep
000000123842,Qwen2.5-VL-3B,"A television screen displays an image of two animals, possibly deer or antelope, in a natural setting with trees and shrubs. The TV is placed on a table, and there is a window with blinds in the background.","The image shows an old-fashioned television set displaying a scene of two animals in a natural setting. The TV is placed on a table, and the background includes a window with blinds partially open. The animals appear to be deer or similar herbivores, standing near trees and shrubs. The television screen has a grainy, low-resolution quality typical of older models.",A TV with two cows standing in a forest displayed on it's screen. | A television with a man and a bull on the screen. | A television screen has some cows on it. | A television screen displaying a cow in a wooded area. | The television is on and is showing a boy and a bull.
000000282231,Qwen2.5-VL-3B,A man in a black shirt is holding a tennis racket at Roland Garros 2013.,"The image shows a person holding a tennis racket in front of a backdrop featuring the Union Jack flag and other flags. The text ""ROLAND GARROS 2013"" is visible at the bottom of the image.",A young man in a black tee holding a racquet | A man holding a racket with a banner written underneath him. | A young man holding a tennis racket in his hands. | A young man is holding a tennis racquet. | A young man holding a red tennis racquet.
000000430756,Qwen2.5-VL-3B,"A person is standing next to a brown horse with a white spot on its forehead, wearing a pink halter and holding the reins. The background appears to be an indoor stable or barn setting.",A person in a gray shirt and black pants is standing next to a brown horse with a white patch on its forehead. The horse is wearing a pink halter and is being led by a blue rope. The background features a yellow wall and a wooden structure.,A person brushes a tied up horse.  | A woman with a horse brush in one hand and the other hand on the horse.  | the woman is grooming her horse while it is hitched up | A chestnut horse stands bridled in a barn. | a person and a brown and white horse
000000297349,Qwen2.5-VL-3B,"A group of people standing near a wooden shelter, with luggage and a white pole in the foreground.","The image depicts a group of people gathered near a wooden shelter with luggage placed on the ground in front of it. The individuals appear to be waiting or preparing for an activity, possibly related to travel or outdoor events. There is a mix of casual clothing, including jeans, t-shirts, and flip-flops, indicating a relaxed atmosphere. The setting seems to be outdoors, with grass and trees visible in the background.",A group of people standing around a pile of luggage. | A bunch of bags sitting in the dirt. | a bunch of people that are leaning on a fence | there are many people standing together y a fence | some people suitcases bags backpacks and a fence
000000067463,Qwen2.5-VL-3B,"A white truck with an orange crane is parked on the side of a road, surrounded by trees and a blue sky with clouds.","The image shows a white truck with an orange crane attachment on its flatbed, driving down a road. The truck is positioned in the center of the frame, with trees lining both sides of the road. The sky is clear with a few scattered clouds. There is a stop sign visible to the left of the truck.",A truck that is sitting in the road. | A truck driving down a street next to a forest. | A large tow truck drives down the street. | A large flatbed truck drives on the street. | A large truck driving down the road near the grass.
000000008612,Qwen2.5-VL-3B,"A brown cow with horns is standing in a field, surrounded by trees and a fence.","The image shows a brown cow with long hair standing in a grassy field. The cow has large horns and is positioned under a tree with green leaves. In the background, there is a fence and some trees, indicating that the setting might be a farm or rural area. The ground appears to be a mix of grass and dirt.",A young alpaca under a tree in the country. | a brown bull is standing in his pen and some trees | A brown four legged animal with horns in the outdoors.  | A steer is standing under a shade tree. | a cow under the shade of a near by tree
000000431655,Qwen2.5-VL-3B,A red rose in a vase against a black background.,"A single red rose with green leaves is placed in a clear glass vase against a black background. The rose is fully bloomed, showcasing its vibrant petals.",A red rose sitting on a vase filled with water. | A red rose is in a clear vase half-filled with water. | A small clear glass with a pretty red rose. | A large red rose is in a clear vase full of water. | There is a red rose in a clear vase of water.
000000530500,Qwen2.5-VL-3B,"A woman is holding an old photograph in her hand while standing in front of a brown leather couch. The couch has a blanket draped over it, and there is a coffee table in front of the couch with various items on it, including a cup, a bowl, and a card. There is also a cabinet behind the couch and a plant to the left of the cabinet.","A person is holding a black-and-white photograph of three people in front of them. The photograph is placed on a small table with various items, including a glass bowl, a card, and a mug. The setting appears to be a cozy living room with a brown leather couch, a wooden cabinet, and a colorful rug.",A woman looking over a picture in a frame. | This old picture brings back great memories of when we were dating. | A woman is looking at a picture in a frame. | A woman in a striped shirt holds a picture as she stands near a sofa. | A woman staring at a framed picture in her hands.
000000093893,Qwen2.5-VL-3B,A group of teddy bears sitting at a picnic table.,"The image shows four teddy bears sitting around a miniature wooden picnic table. The table is set with small cups and saucers, suggesting they are having a tea party. The teddy bears appear to be engaged in conversation, with one bear holding a teacup. The scene is set on a wooden surface, and the background includes a white wall.",A group of brown teddy bear sitting at a brown wooden bench. | A group of teddy bears sitting at a table some food. | The teddy bears are posed to sit at the toy picnic table.  | a group of teddy bears sitting at picnic table. | Stuff teddy bears is sitting at a table bench with each teddy bear have a plate of food.
000000068050,Qwen2.5-VL-3B,Sheep in a field with a fence and trees in the background.,"The image depicts a rural scene with several sheep grazing in a field. The sky is clear and blue, with a few wispy clouds scattered across it. The sheep are standing on a grassy patch near a wire fence, which separates the grazing area from a taller grassy area beyond. The background features a line of trees under the blue sky.",A group of animals that is standing in the grass. | Sheep are standing next to a chain link fence.  | some goats standing around by a fence  | Sheep in a field by the fence on a clear day. | a herd of sheep stand on a grass terrain 
000000506178,Qwen2.5-VL-3B,"A man is playing a video game, holding a controller in each hand, with a blurred background suggesting movement and activity.","A man is standing in a room with a blurred background. He is wearing a black t-shirt with white text and graphics, blue jeans, and is holding a white object in his right hand. There is a poster on the wall behind him, a wooden door to his left, and a couch to his right. The room appears to be dimly lit.",Blurry image of men in living room playing a stand-up video game. | a guy playing wii in a blurry photo | Blurry photo of a young man playing a video game. | The men are playing video games on the wii together | A man standing in a room with a remote.
000000200231,Qwen2.5-VL-3B,"A bench with stuffed animals, flowers, and notes on it.","The image shows a bench with various items placed on it. There is a teddy bear wearing a red sweater, a blue teddy bear, a green stuffed animal, and a bouquet of pink flowers. The bench also has several handwritten notes and cards attached to it. The background includes American flags and additional cards with messages.",A bench with a bunch of stuffed animals and other items on it | a bench that has a bunch of teddy bears and flowers on it | Teddy bears and flowers are in the memorial. | A bench with memorial bears and flowers on it. | Gifts are left on a bench along with flags and letters.
000000476300,Qwen2.5-VL-3B,The image depicts a group of elephants walking along a dirt path in a grassy field. There is also a wooden structure and some trees visible in the background.,"The image shows three elephants walking along a dirt path in a grassy field. The elephants are of varying sizes, with the largest one in the foreground and the smallest one in the background. There is also a small wooden structure on the left side of the path. The elephants appear to be moving towards the right side of the image.",Several elephants walking in the dirt near grass.  | Four elephants are standing in an open space. | Several elephants are walking up a dirt hill. | A herd of elephants walking across a dirt field. | several elephants roam an open field of grass and dirt 
000000125242,Qwen2.5-VL-3B,A slice of pizza with pepperoni and sausage on a paper plate.,"The image shows two slices of pizza on a paper plate placed on a wooden table. The pizza on the left has pepperoni as its topping, while the pizza on the right has a variety of toppings including chicken, bell peppers, and possibly some vegetables. The pizza slices are cut into triangles and appear to be freshly baked with a golden-brown crust. The table also has a computer keyboard in the background.",there are two slices of different pizzas on a paper plate | Two slices of different kinds of pizza are on a plate. | There is a piece of pepperoni pizza and a piece of sausage pizza. | A plate of two different types of pizza slices on a table | Two different slices of pizza with tissue paper under it on a paper plate.
000000327917,Qwen2.5-VL-3B,A kite surfer is riding on the water with a kite flying above them.,"The image shows a kite flying over a body of water with a few people on surfboards. The sky is partly cloudy with patches of blue visible through the clouds. The kite is green and yellow, and it appears to be in mid-flight. There are also other kites visible in the distance, suggesting that this might be a kiteboarding event or a popular spot for kite flying. The water is calm, and the shoreline has some vegetation along it.",A para-sailor on the water one sunny day. | A person out in the water wind surfing.  | Wind surfer riding on a large green kite in the water.  | A man kiteboarding over the ocean under a cloudy sky. | A couple of birds are flying over the beach
000000064030,Qwen2.5-VL-3B,"A white swan with a long neck is swimming in the water, surrounded by three smaller gray swans.","The image shows a group of swans on water. The main focus is a white swan with a long neck and an orange beak, swimming in the foreground. Behind it, there are three other swans: two smaller ones, one with a dark head and another with a light head, and a larger swan with a light head. The background features a calm water surface with reflections of the swans.",A flock of ducks floating on top of a lake. | White goose with young floating on water in daytime. | A family of ducks swimming in the water | A group of ducks and a swan in the water. | An adult swan swimming in the water with a few young ones behind it.
000000229270,Qwen2.5-VL-3B,"A man is standing in front of a row of suitcases, with one suitcase in front of him that has a digital display showing the word ""ANDOR.""","A young man stands in front of a stack of suitcases. The suitcases vary in size and color, with some having visible tags. The background is a green wall with a blue step.",A man with a scarf is next to a suitcase. | A man near several pieces of luggage.  | A man standing next to several cases of luggage.  | A man sitting next to a pile of stacked suitcases | An oriental man stands beside a cart of luggage being pulled by someone.
000000347688,Qwen2.5-VL-3B,"A man is playing tennis on a court, jumping up to hit the ball with his racket.",A man in a grey shirt and blue shorts is playing tennis on a blue court. He is jumping to hit the yellow tennis ball with his racket. The background includes a black net and a banner with images of people.,A person hitting a tennis ball with a racquet. | A person is jumping and stretching holding a tennis racket. | a person playing tennis and stretching to reach the ball | tennis playing reaching to get the ball on the court | Man in blue shorts and grey shirt swinging at a tennis ball. 
000000268215,Qwen2.5-VL-3B,"A plate with rice, chicken, vegetables, and a lemon slice.","The image shows a plate of food with a piece of breaded chicken breast, rice, green beans, carrots, and a lemon wedge. The chicken is topped with a small piece of butter. The plate has a blue rim around the edge.","A glass plate that has food on it sitting on a table. | a plate with some chicken and vegetables on it  | a white and blue plate with rice chicken and some vegetables | A plate of food on a table  | string beans and carrots cooked together, rice with a piece of fish and a slice of lemon"
000000148329,Qwen2.5-VL-3B,"A man in a red shirt is brushing his teeth outside, with trees and a car visible in the background.",A man in a red shirt is brushing his teeth outdoors. He has glasses and a goatee. There are trees and parked cars in the background.,A man holding a tooth brush up to his face. | Man in red shirt eating something that is green. | A man brushing his teeth outside his car. | This man is outside on a sunny day next to his car. | A man with eyeglasses seated and a car behind him
000000411968,Qwen2.5-VL-3B,"The image shows a bathroom with a black countertop, a sink, and a mirror above it. There is a towel rack with several white towels hanging on it. The bathroom has a modern design with dark wood accents and a framed picture on the wall.","The image depicts a bathroom with a dark wooden vanity. The vanity has a black countertop and features a white sink with a silver faucet. Above the sink is a large rectangular mirror that reflects part of the room. On the left side of the vanity, there are several white towels hanging on towel racks. There is also a small framed picture hanging above the mirror. The walls are lined with vertical brown stripes, and there is a white shower curtain visible in the reflection of the mirror.","A clean bathroom is pictured in this image. | A bathroom counter with a white sink inside of it. | a bathroom with a black counter and a big mirror | A black topped sink and mirror in a bathroom. | A motel style bathroom vanity, sink, mirror and toilet."
000000511724,Qwen2.5-VL-3B,Three elephants standing in an enclosure with grass and rocks.,"The image shows three elephants in an enclosure. The largest elephant is on the left side of the image, with its trunk extended forward. Next to it, there is a smaller elephant, possibly a baby, standing between two poles. On the right side, another adult elephant is visible, with its trunk raised. The background features trees and rocks, indicating a naturalistic habitat.",A family of elephants standing next to each other. | A group of elephants standing inside a pin | 3 adult elephants stand with a baby elephant behind a fence. | Three large elephant and one baby elephant in a zoo enclosure. | Three elephants surround a calf behind a fence.  
000000284641,Qwen2.5-VL-3B,A small white dog wearing pajamas is laying on a bed with a teddy bear next to it.,A small white dog wearing striped pajamas is lying on a bed next to a brown teddy bear. The dog has a pink collar and is looking at the camera.,"An adorable white dog laying on top of a bed in a shirt holding a teddy bear. | a dog that is wearing a shirt and has a teddy bear | A dog laying on a bed with a stuffed animal | A small dog wearing a t shirt sits next to a bear. | A small, white dog laying on a bed with a stuffed toy."
000000575970,Qwen2.5-VL-3B,"A kitchen with wooden floors, a bar top, and stools.","The image depicts a modern kitchen with wooden flooring and cabinetry. Key features include:

- A refrigerator on the left side of the image.
- A kitchen island in the center with stools around it.
- Wooden cabinets above and below the counter.
- A window with blue curtains behind the counter.
- A sink area with a faucet and a small plant.
- A microwave oven on the right side of the counter.
- A vase with flowers on the counter.
- A door at the far end of",The living room is nicely cleaned and organized. | A neatly arranged room with two lights.  | Three bar stools in a kitchen with a black refrigerator. | A sleek modern kitchen with pale oak floors and open cabinets and an island with stools. | A counter stands in the center of a kitchen.
000000498535,Qwen2.5-VL-3B,"A baseball player in a blue Mets uniform stands on the field, wearing a glove and looking off into the distance.","The image shows a baseball player wearing a blue and white uniform with the word ""Mets"" written across the chest in red letters. The player is holding a baseball glove in his left hand. In the background, there are several people, some of whom appear to be in a dugout area. The setting suggests that the photo was taken during a baseball game or practice session.",A base ball player wearing a catchers mitt. | A baseball player crouching with a crowd behind him. | A man wearing hat and a baseball glove. | New York Mets baseball player playing the game waiting for the ball. | A baseball player in a blue jersey standing ready with a catcher's mitt
000000007260,Qwen2.5-VL-3B,"A tennis match is taking place on a grass court with four players, two on each side. The players are dressed in white tennis attire and are engaged in the game. There is a crowd of spectators watching the match from the stands. The background features trees and a cloudy sky.","The image depicts a tennis match on a grass court. There are four players visible: two on the left side of the court and two on the right. The players on the left are in white attire, while the players on the right are in white and black attire. The background shows a crowd of spectators seated behind a fence, with trees and a cloudy sky visible beyond them. The court is surrounded by a green fence, and there is a net dividing the court into two halves.",women on a tennis court playing a game of tennis  | Four people compete in a doubles tennis match. | four people on the tennis court playng a doubles match  | There are people playing a game of tennis. | Four people playing tennis on a tennis court with onlookers.
000000522613,Qwen2.5-VL-3B,"A giraffe stands tall in a grassy field, surrounded by trees and bushes.",The image features a giraffe standing in a grassy area with trees in the background. The giraffe has a long neck and is surrounded by green foliage.,A tall giraffe standing in a forest on a grassy ground. | The giraffe is a tall a the tree trunks near to it. | A brown and white giraffe is standing among the trees. | Lone giraffe standing in grass facing the camera. | A giraffe standing upright near a group of trees.
000000281725,Qwen2.5-VL-3B,"A snowboarder in a red jacket is performing a trick on a snow-covered slope, with other snowboarders and skiers visible in the background.","The image depicts a snowy mountain scene with several people engaged in winter sports activities. In the foreground, a person is snowboarding down a slope, wearing a red jacket and white pants. Another individual is skiing behind them, dressed in black and white attire. Further back, another skier in a blue jacket is visible, also skiing down the slope. The background features a ski lift with multiple chairs ascending the mountain, and the landscape is covered in snow with leafless trees lining the sides of the slope",A man riding a snowboard over a snow covered slope. | There are snowboarders and skiers on a slope | Skiers and snowboarders on a snowy slope near a ski lift. | a person riding a snow board on a snowy slope | a man in a red jacket going down the hill on a snowboard
000000097599,Qwen2.5-VL-3B,A steam train is traveling on tracks with smoke coming out of its chimney.,"A steam locomotive with multiple passenger cars is traveling on a track surrounded by greenery. The train emits white smoke from its chimney, indicating it is in motion. The background features a mix of trees and open fields under an overcast sky.","A train is traveling down the train tracks during the day. | A photo of a steam engine train going by. | A vintage train is going down the tracks, | A train with steam pouring out of it's engine through a rural country side. | A black, steam locomotive pulling many train cars behind it."
000000127068,Qwen2.5-VL-3B,A man is standing next to a wooden surfboard with a black logo on it.,"A person with short dark hair is standing next to a wooden surfboard. The surfboard has a logo on the tail end. The person is wearing a light-colored shirt. The background appears to be outdoors, possibly near a beach or a surfing area.",A man holds a surfboard at the beach. | A man looking at a wooden surf board. | Young man peers at his wooden surfboard on the beach. | A dark haired man holding a wooden surfboard. | A man examines a surf board that has a label on it.
000000248382,Qwen2.5-VL-3B,A woman in an orange dress sits on a bench with her arms crossed.,"A woman sits on a bench in a park-like setting. She is wearing an orange dress with a floral pattern and a beige shawl draped over her shoulders. Her arms are crossed, and she has a contemplative expression. The background features tall grasses and a body of water, suggesting a serene outdoor environment.",A woman in orange sari on a park bench. | A woman sitting on a wooden bench outside. | a close up of a person sitting on a bench outdoors | A woman sitting on a bench wearing an orange dress. | A woman in orange is sitting on a bench.
000000109055,Qwen2.5-VL-3B,A cat is peeking out from behind the spokes of a bicycle wheel.,"A cat is lying on the ground behind a bicycle wheel, with its mouth open as if yawning. The cat has white fur with black and orange patches. The bicycle is red and appears to be parked on a sidewalk. The background includes parts of other bicycles and a building.",A cat sitting between two bikes  sitting next to each other. | A cat that is sitting in between bikes. | A cat with its mouth opened sitting between some bikes. | Cat sitting on the ground between bikes showing its teeth. | a cat sitting next to a bunch of bikes parked next to each other
000000100801,Qwen2.5-VL-3B,"A tennis player is standing on the court, holding a racket and wearing a white shirt with red accents. He appears to be in a celebratory or victorious pose, possibly after winning a point or match. The background shows a crowd of spectators watching the game.","A tennis player in a white shirt with red accents stands on a blue court, holding a racket. He is wearing a white headband and has a towel draped over his shoulder. The background features a crowd of spectators and a blue wall with advertisements for Emirates Airline and Panasonic.",A tennis player is biting his towel as he walks to the back of the court. | A man with a racket walks on a court with a towel. | A tennis player is biting his towel while on court.  | A man on a tennis court chewing on a towel and holding a racquet. | a blue and green pro tennis court and a tennis player
000000146509,Qwen2.5-VL-3B,"A teddy bear stands outside a shop named ""Teddy Bears.""","The image depicts a brick building with a sign that reads ""Teddy Bears."" A large teddy bear is standing outside the store, leaning against the wall. The store has a window display showcasing various teddy bears inside. The scene appears to be set in a quaint, possibly European, street with a cobblestone sidewalk.",The front of a business that sells teddy bears. | A store building with stuffed bears in the window. | A large teddy bear standing next to a window filled with stuffed bears in front of a building. | A giant teddy bear stands in front of a teddy bear store. | an orange brick building with a window and a big mascot 
000000256031,Qwen2.5-VL-3B,"A surfer in a black wetsuit is riding a wave on a yellow surfboard, with water splashing around them. The background features a body of water and a cityscape with buildings and trees.","A surfer in a black wetsuit is riding a wave on a yellow surfboard. The surfer is crouched low over the board, with their arms outstretched for balance. The water is choppy, creating white foam around the surfer. In the background, there is a body of water with a fence and some buildings visible across it.",A surfer is depicted riding a wave on a surf board. | A man carves a wave on his surf board | a man that is surfing on some body of water | A surfer is surfing the waves in the ocean.  | a person riding a surf board on a wave 
000000264769,Qwen2.5-VL-3B,"A person is sitting on a couch with various sewing tools and materials, including scissors, pliers, and a blue container, in front of them.","The image shows a person's hand reaching towards a blue container with a gold rim, which is placed on a dark surface. Next to the container, there are a pair of scissors and a pair of pliers with red handles. The background features a colorful, patterned fabric.",A couple pairs of scissors and a person sitting. | Some scissors and pliers that are on a table together. | A black leather mat with pliers and scissors on it. | A woman using yarn scissors and needle nose pliers for her project. | A pair of scissors and pliers sit on a surface.
000000569997,Qwen2.5-VL-3B,"A flat-screen TV is sitting on top of a wooden entertainment center, which holds various electronic devices and remotes.","The image shows a wooden entertainment center with a Toshiba flat-screen TV on top. Below the TV, there is a shelf holding various electronic devices, including a DVD player, a CD player, and a gaming console. The entertainment center also features a remote control and a game controller placed on the shelf. The setup appears to be for watching movies, playing games, and listening to music.","The television stand has many remotes and electronics on it. | A tv stand features a tv, gaming console and many other electronics. | The television in the room is turned off. | An entertainment unit with a flat screen TV, various electronics, and remote controls. | A television that is sitting on an entertainment stand."
000000197792,Qwen2.5-VL-3B,"A stuffed animal sits atop a collection of ornate metal objects, including a cross and a key.","The image is a black-and-white photograph featuring a small, plush teddy bear sitting on top of a collection of ornate metal door hardware. The teddy bear appears to be made of soft, fluffy material and has a tag attached to its ear. The door hardware includes various decorative elements such as hinges, doorknobs, and possibly a lock mechanism. The background is blurred, focusing attention on the teddy bear and the door hardware.",A black and white photo of a teddy bear holding a cross. | A stuffed teddy bear holding a crucifix in its paws. | A teddy bear is siting holding a cross. | A small stuffed bear holding a crucifix with Christ. | A teddy bear that is holding a cross.
000000322177,Qwen2.5-VL-3B,"A man is lying on the snow with his snowboard attached to his feet, wearing a blue jacket and black pants.","A person is lying on their back in the snow, wearing a blue jacket, black pants, and gloves. They have a snowboard attached to their feet, which is partially buried in the snow. The snow appears to be freshly fallen, with tracks visible around them.",The snowboarder is laying on the snow with his board in the snow. | A snowboarder is laying in the white snow. | A snowboarder lies on his back on some hard packed snow. | an image of a man lying in the snow going thru a snow bank | THERE IS A BOY WHO IS ON A SNOW BOARD 
000000191226,Qwen2.5-VL-3B,"A man in a red shirt and black wetsuit is surfing on a white surfboard, riding a wave in the ocean.","A surfer in a red wetsuit is riding a wave on a white surfboard. The surfer is crouched low over the board, with one arm extended for balance. The wave is breaking to the right of the surfer, creating a spray of water. The background shows the ocean with a clear sky above.",A man surfing on a surf board in the ocean. | A man in a wet suit riding a wave on a surfboard. | A man rides his surfboard on the waves. | a man that is surfing on a wave in water | A surfer rides a wave in this Michael L. Baird photo.
000000248087,Qwen2.5-VL-3B,A green bus is parked on the side of the road with cargo stacked on top of it.,"The image shows a light green bus with the text ""AIR BUS"" on its front. The bus is carrying several large bags of what appears to be cargo on top of it. The bus is parked near a fence and some trees in the background. The sky is overcast, suggesting a cloudy day.",Bus driving along loaded with packages and bags on the luggage rack on the roof. | A green bus loaded with a lot of items on the top. | A bus rides across the distance of a big field | a commuter bus drives down a street with some stuff on top of it  | a green bus with peoples belongings on top
000000475889,Qwen2.5-VL-3B,A group of people standing around a table with food on it.,"The image depicts a group of people standing around a table under a tent, preparing food. The table is covered with various condiments, buns, and sandwiches. There are several individuals wearing red shirts, and one person in the background is wearing a green shirt. The setting appears to be an outdoor event or gathering, possibly a picnic or a community event.",A group of people gather near a table with food. | Many people are fixing plates at a picnic table. | A group of people under a tent getting some food. | A group of people with food out on a table. | People standing around preparing hot dogs at gathering.
000000460049,Qwen2.5-VL-3B,"A yellow train is traveling on tracks through a lush, green forested area with mountains in the background.","The image depicts a train traveling on a set of tracks through a lush, green forested area. The train is yellow and appears to be moving along the tracks. The surrounding landscape is dense with trees and foliage, creating a serene and picturesque setting. The sky is clear, suggesting a sunny day. The train is positioned on the right side of the image, moving away from the viewer.",A train moving on a remote area with a river flowing next to the railway. | A train approaches down a track going through the forest. | a yellow train going around a curve past some trees  | A yellow train moves through a heavily forested area. | A train on a curved track near trees and shrubs.
000000235621,Qwen2.5-VL-3B,A person sitting on rocks with a surfboard and a backpack.,"A person is sitting on rocks by the water, holding a surfboard. They have a backpack on their back and are wearing a hoodie and shorts. The scene appears to be at the beach, with the ocean in the background.",A person sitting on rocks near the water holding a surfboard. | A guy carrying a surfboard and wearing a backpack. | A person with a backpack with on some rocks with a surfboard. | A woman sitting on a large rock looking out at the water. | A woman is looking into the water ready to go surfing
000000046650,Qwen2.5-VL-3B,A banana is sitting on top of a record player.,"The image shows a banana placed on top of a vinyl record player. The banana is positioned horizontally across the turntable, with its stem end facing upwards. The vinyl record itself is partially visible beneath the banana, displaying part of its label which includes text and a colorful design. The turntable's tonearm is resting on the vinyl record, indicating that it is in use. The background appears to be a dark-colored wall.",A banana sitting on top of a black record. | A record player with a banana on a record | A vinyl record on a record player with a banana on top. | A ripe banana atop a vinyl phonograph record on a turn table. | A banana is taking a ride on a turntable.
000000086951,Qwen2.5-VL-3B,"The image shows a computer setup with three monitors, a keyboard, and a mouse. The screens display a similar image of a celestial body, possibly a planet or a star, with a bright light source in the center. The setup includes a sound system with speakers and an amplifier. The monitors are positioned side by side, and the keyboard is placed in front of them. The overall arrangement suggests a high-end gaming or professional workstation.","The image shows three computer monitors displaying similar images of a celestial scene with a bright light source surrounded by a halo-like effect. The monitors are placed side by side on a desk. Below the monitors, there is a keyboard and a mouse. To the left of the monitors, there is an audio system with a speaker and a control panel. The background appears to be a plain wall.","Three computer monitors, a phone and a key board sit on a desk. | A computer station with triple monitors, keyboard and mouse. | Three computer screens that are on a desk. | Three monitors sitting on top of computer equipment. | Computer with three monitors set up on a desk"
000000260307,Qwen2.5-VL-3B,A street sign for Lone Ave and Park Av is on a pole with a yellow traffic light below it.,"The image depicts an urban street scene with several key elements:

1. **Street Signs**: There are multiple street signs attached to a pole. The most prominent sign is for ""Lone Ave,"" which is located at the top of the pole. Below it, there's another sign indicating ""Park Av."" Additionally, there's a ""No Parking"" sign below these two.

2. **Traffic Lights**: Two traffic lights are visible. One is positioned near the bottom left corner of the image, while",Some street signs near a big bridge overpass. | A pole with four street signs and a crosswalk light. | a street pole with signs and lights on it | A group of street signs next to bridge in city. | A variety of signs are displayed on a pole.
000000040317,Qwen2.5-VL-3B,A skier is skiing down a snowy slope with trees in the background.,"A skier in a blue jacket and black pants is skiing down a snowy slope. The skier is wearing red ski boots and is positioned between two snow-covered pine trees. The ground is covered in fresh snow, and the sky appears overcast.",The skier is going down the snow covered hill.  | A skier wearing a helmet comes down a hill. | A skier in the snow skiing by the trees.   | A skier maneuvers around trees on a snowy mountain top | The skier is coming down the snowy mountain.
000000003217,Qwen2.5-VL-3B,A bench sits in the middle of a dirt path surrounded by trees and leaves.,"The image shows a wooden bench placed on a dirt path in a forested area. The bench has three sturdy legs made of wood. The surrounding environment is lush with green foliage, and the ground is covered with fallen leaves and small rocks. The scene appears serene and peaceful, suggesting it might be a quiet spot for relaxation or contemplation.",A wooden bench on the ground next to some trees. | A wooden bench on a dirt path with trees and bushes around the pathways. | A wooden bench is sitting in the middle of the forest.  | A single bench off of the side of a dirt path in the woods. | A wooden bench sits beside the forest trail.
000000313214,Qwen2.5-VL-3B,"The image depicts a beach scene with numerous people flying kites in the sky. The kites come in various shapes, sizes, and colors, creating a vibrant and lively atmosphere. The beach is sandy, and there are buildings visible in the background, indicating that the beach is located near an urban area. The sky is clear and blue, suggesting a sunny day perfect for outdoor activities.","The image depicts a beach scene with numerous kites flying in the sky against a clear blue sky. The kites vary in size and color, including red, blue, yellow, and green. The beach is sandy, and there are several people scattered around, some of whom appear to be flying kites. In the background, there is a coastal town with buildings and a body of water visible. The overall atmosphere suggests a sunny day at the beach with people enjoying outdoor activities.",A group of people flying kites at the beach. | people on a sandy beach flying multi-colored kites | People flying high kites on beach with city background | People together on a beach flying several kites. | Several people on a beach flying their kites.
000000123677,Qwen2.5-VL-3B,A group of people toasting with glasses of champagne in front of a man wearing a plaid shirt.,"The image shows four hands holding glasses of champagne in a toast. The setting appears to be indoors, possibly a bar or a casual gathering. There is a person in the background wearing a plaid shirt, and various items such as a radio, a camera, and some books are visible on a shelf behind them. A vase with green plants is also present on the left side of the image.",A group of people holding up wine glasses. | A number of people making a toast holding beverage glasses. | Four people are gathered together drinking wine.  | A group of mature people celebrate with wine.  | Four glasses of wine being brought together by people.
000000246105,Qwen2.5-VL-3B,"A man and woman are standing in front of wine barrels, with the woman holding a bottle of wine.","The image shows two people standing in front of wooden wine barrels. The woman is wearing a patterned dress and is holding a bottle of wine, while the man is wearing a white shirt. They appear to be in a wine cellar or tasting room. There is a small cake on a table in front of them.",A man and a woman cut a cake together. | The couple is cutting their wedding cake together. | Two people cut a cake on a table | A man and woman cutting a cake and smiling. | a woman is standing over a white cake
000000152103,Qwen2.5-VL-3B,A dog is standing on a bed in a bedroom with various decorations and items around it.,"The image depicts a cozy bedroom scene featuring a small dog standing on the bed. The bed has a blue mattress and is covered with various blankets in shades of purple and green. The room has a warm ambiance with soft lighting from a lamp situated near the headboard. The walls are adorned with several framed pictures, a calendar, and decorative items such as masks and dream catchers. There is also a window with blinds partially open, allowing natural light to filter into the room. The floor is made of",White dog sitting on a unmade bed with blue sheets. | a dog standing on a bed in a bed room | A bedroom with a lot of dream catchers and a dog sitting on the bed. | Small white dog standing on an unmade bed. | A dog standing on a bed with a harness on.
000000415646,Qwen2.5-VL-3B,"A bedroom with a bed, desk, and shelves.","The image depicts a cozy attic bedroom with a sloped ceiling. The room features a bed with a colorful quilt and pillows, a small desk with a computer setup, and shelves with various items. There is a clock on the wall near the window, which has a curtain partially drawn. The room has a warm, inviting atmosphere with soft lighting.",An attic bedroom with a bed and a couch. | A bedroom filled with two beds and lots of furniture. | A large living room with several items in it. | An attic bedroom for two is well lit. | A bedroom with slanted ceilings is illuminated by sunlight.
000000519755,Qwen2.5-VL-3B,"A woman in a blue dress is playing tennis on a green court, swinging her racket. She is wearing a white visor and white shoes. There is another person standing behind her, wearing red shorts and white shoes.",A woman in a blue dress is playing tennis on a green court. She is holding a tennis racket and appears to be in the middle of a serve. The background includes a black banner with white text and a person wearing red shorts standing near the banner.,Strength in a tennis match can prove successful. | A female tennis player begins to hit the ball with her racket | A female tennis player sets up to strike a ball. | A woman on a tennis court in mid-stride with her racquet back. | A woman taking a swing at a  tennis ball
000000402357,Qwen2.5-VL-3B,An elephant is walking towards the camera in an enclosure with rocks and a fence in the background.,An elephant is walking on a paved path near a stone wall with a metal railing. The elephant has large ears and a long trunk. There are rocks and a tree in the background.,An elephant in a zoo walks toward the camera.  | An elephant with tusks walks on concrete and rocky walls and boulders are near him. | A captive elephant stands in the sunshine as it looks at the camera in the zoo.  | A medium sized elephant walking in his enclosure | A gray elephant is standing in a zoo enclosure.
000000528462,Qwen2.5-VL-3B,"A man is swinging a baseball bat at a ball on a field, with other people in the background watching.","A man in a gray shirt and khaki shorts is swinging a blue baseball bat at a ball on a dirt field. He is wearing white shoes and socks. There are other people in the background, some of whom are wearing blue shirts. The scene appears to be a casual outdoor baseball game.",People are watching a man swing at an approaching baseball.  | A young man is taking practice swings on the field.  | A man swinging a bat at a ball. | A man batting barely delivering hit to ball | A man hits a baseball with a bat while a group of spectators watch him
000000008899,Qwen2.5-VL-3B,"The image shows a street scene with a red brick building featuring two storefronts, each with a green door and a white shutter. The storefronts have graffiti on them. There is a fire hydrant in the foreground, a bicycle leaning against the building, and a tree to the right side of the image. The building has multiple windows with curtains and air conditioning units.","The image depicts a street scene featuring a red brick building with three storefronts. The storefronts have green awnings over the entrances, which are covered with graffiti. There is a fire hydrant on the sidewalk in front of the building. A bicycle is leaning against the wall to the left of the building. The windows of the building have white curtains.","A red brick building with a graffiti covered front. | A graffiti-ridden building in an urban setting, a fire hydrant at curbside. | The building in the city has been vandalized. | A fire hydrant on the side of the street. | a red bricked building with a green door and graffiti"
000000070125,Qwen2.5-VL-3B,"The image shows a street sign pole with multiple signs attached to it, indicating the intersection of Emndidstrasse and Diebachstrasse, which together form Fifth Avenue, and Second Street. The background is a clear blue sky.","The image shows a street sign pole with multiple signs attached to it. The signs read ""Emmendorfstrasse,"" ""Diebachstrasse,"" ""Fifth Ave,"" and ""Second St."" The background is a clear blue sky.",A metal pole with a bunch of street signs hanging from the side of it. | a pole that has a bunch of street signs on it | There are many street signs on the pole. | a pole with some sign coming out the side of it  | a couple of street signs are on a pole above a street
000000140513,Qwen2.5-VL-3B,Three zebras are standing in a dry grassland with trees and hills in the background.,"The image depicts three zebras standing in a dry, grassy savannah landscape. The zebras are positioned on the right side of the frame, with two facing towards the left and one facing towards the right. The background features a mix of sparse trees and shrubs, and the terrain is predominantly brown, indicating a dry season. The zebras have distinctive black and white striped patterns.","Three zebras standing in the middle of a plain in the wild. | A pack of zebra standing on a dry grass field next to green trees. | Three zebras trying to graze but not much is green. | Three young zebras roam a dusty grassy field. | Three zebras graze in a field, staying alert for predators."
000000513971,Qwen2.5-VL-3B,"A cat is sitting on the window sill, looking out through a partially open window with a decorative blue ornament hanging from the top. The window has brown shutters and a white curtain in the background.","The image shows a window with brown shutters open, revealing a cat sitting inside. The cat is looking out the window, and there is a decorative blue ornament hanging from the window frame. The background outside the window appears to be a snowy landscape.",A cat is sitting outside on the ledge of a window. | A cat sits on a ledge on the outside of a building. | a small cat sits in front of a window  | The cat is precariously balanced on the  ledge outside the bedroom window. | A cat sits outside a window behind which some large black cats are eating.
000000032909,Qwen2.5-VL-3B,A row of stuffed cows with black and white spots.,"The image shows a row of black and white cow-shaped pillows arranged on a bed. The pillows have a pattern resembling the spots of a cow's coat. The pillows are neatly aligned in a straight line, with each pillow slightly overlapping the one in front of it. The background appears to be a light-colored wall or headboard.",Some very cute cows all lined up in a row. | A row of cattle standing side by side  | There is a row of cows with baby cows next to them. | a bunch of cows are standing with each other | Many black and white cows are standing in a row
000000347390,Qwen2.5-VL-3B,A woman sits at a table with several laptops in front of her.,"The image depicts an office or classroom setting with several desks arranged in rows. Each desk has a laptop computer on it, and the room is well-lit by fluorescent lights. There are chairs around each desk, and a large screen or projector is mounted on the wall behind the front row of desks. The walls are white, and there are windows allowing natural light to enter the room. A person is sitting at one of the desks, working on their laptop.",A classroom type setting with rectangular tables that have chairs and laptop computers at each desk. | A woman is looking at the laptop in the classroom. | A dark computer room with one woman inside of it.  | A girl is playing on a laptop in a computer lab. | A meeting room with tables covered in computers.
000000549012,Qwen2.5-VL-3B,A plate with a wrap and some vegetables on it.,"The image shows a plate with a variety of food items. There is a flatbread topped with sliced vegetables such as zucchini, bell peppers, and mushrooms. The flatbread appears to be filled with these ingredients. Next to the flatbread, there are rolled-up pieces of meat, possibly beef, and some tortilla chips. The background includes a blurred object that looks like a cup.","A sandwich on a plate with meat, peppers, and cheese. | An open faced sandwich is topped with jalepenos. | A cucumber and meat sandwich sits on a plate. | Delicious looking meal of vegetables, cheese and meat on bread. | A close up of a sandwich with vegetables and wraps."
000000520694,Qwen2.5-VL-3B,A black and white cat is sitting inside an open black suitcase with yellow smiley faces on it.,A black and white cat is sitting inside an open black suitcase. The suitcase has yellow smiley face stickers on it. There is a bed with a patterned blanket underneath the suitcase.,A cat sitting on top of a suitcase on a bed. | A cat sitting on top of a suitcase on a bed | A very cute cat sitting on a piece of luggage. | The black and white cat sits on a black luggage bag. | a large black and white cat on top of a black suitcase
000000139623,Qwen2.5-VL-3B,A train is passing through a small town with houses and trees in the background.,"The image depicts a serene outdoor scene featuring a large, two-story house with a gray roof and dormer windows. The house is surrounded by lush green trees and grassy fields. In the foreground, there is a person sitting on the ground near a red object, possibly a bag or equipment. The sky appears to be overcast, suggesting it might be early morning or late afternoon. There are also some flags hanging from the house, adding to the tranquil atmosphere of the setting.",A passenger train stopped at a stop next to a grassy field. | a train is stopped by a house across a large field | a train driving by a house with a well kept lawn | A big building on some grassy field during the day. | A residential house next to some trees and a field
000000404349,Qwen2.5-VL-3B,A cat is sleeping in a blue laundry basket with clothes and a stuffed animal.,A light brown cat is curled up inside a light blue laundry basket. The cat is resting on top of a green stuffed animal and a white shirt. The basket is placed on a carpeted floor against a wall.,A tray with a brown cat sleeping on top of a teddy bear inside | The kittens are taking a nap in the basket. | A cat asleep on a teddy bear in a laundry basket. | A cat laying inside of a white laundry basket. | A cat sleeps in a laundry basket on top of a stuffed animal. 
000000120420,Qwen2.5-VL-3B,A person is holding up a camera to take a picture in a park setting with trees and other people in the background.,"A person in a green shirt is holding a white camera up to their face, taking a photo. They have short black hair and are wearing a necklace with a tag that reads ""TOKYO."" The background shows a park-like setting with trees, grass, and several people walking in the distance.",A man holding a silver flip phone open in front of his face. | A guy in a green shirt holding his cell phone to take a picture. | A man in a green shirt is taking a picture with his cell phone. | Man in a park taking a picture with his phone. | Individual is doing something at the moment that is intriguing.
000000038252,Qwen2.5-VL-3B,A closed Apple laptop is on a dark surface.,"The image shows a closed laptop with an Apple logo on its back. The laptop is placed on a dark-colored surface, possibly a bed or a blanket. The focus is on the laptop, which appears to be a MacBook Pro based on the visible Apple logo. The lighting in the image is dim, making it difficult to discern finer details of the laptop's design.","A picture of an Apple computer with a black background. | A gray laptop with an apple in the center of the lid sits on a dark surface. | The silver cover of an Apple laptop computer  | Top of an apple laptop against a black background. | A closed, white Apple laptop lies on a wrinkled surface."
000000290248,Qwen2.5-VL-3B,"The image depicts a busy street scene with people walking and standing in front of various shops and buildings. There is a colorful awning with a logo on it, possibly indicating a specific store or establishment. The atmosphere appears lively and bustling, with pedestrians engaged in their daily activities.","The image depicts a bustling street scene in what appears to be a European city. The street is lined with buildings that have balconies and storefronts. There are several people walking and standing on the sidewalk, some of whom are carrying bags or handbags. 

There is a colorful awning over the sidewalk, which adds to the vibrant atmosphere of the scene. Additionally, there is a red vending machine situated near the sidewalk, likely providing refreshments for passersby. The overall ambiance suggests a lively",A crowd of people standing in the middle of a street. | A crowd of people are walking through a covered sidewalk. | People walk down a crowded street at a festival | A large crowd is walking in the street for a festival | Several people are grouped together in a public area.
000000343229,Qwen2.5-VL-3B,"A red backpack with a white logo sits on top of a black suitcase, which is placed on the floor next to a cardboard box.","The image shows several bags and a cardboard box placed on the floor. The bags include a red backpack with a white logo, a black duffel bag, and another smaller bag. The cardboard box is positioned to the right of the red backpack. The setting appears to be indoors, possibly in a living room or bedroom, with a fireplace visible in the background.",A large red bag on the ground in a room. | Three luggage bags are next to a taped box. | Several pieces of luggage on carpet in front of a fireplace. | A bunch of luggage sitting on the ground. | a red bag is on the floor in a room
000000036252,Qwen2.5-VL-3B,"A person in a wetsuit is standing on a surfboard in the water, while another person in a wetsuit is holding a surfboard and walking towards the water. There are also two other people in the background, one of whom is riding a wave on a surfboard. The scene appears to be at a beach with waves and rocks visible in the distance.","The image shows three individuals in wetsuits on a beach with waves. One person is standing on a surfboard riding a wave, another is paddling on their surfboard, and the third person is holding a red surfboard near the shore. The background features rocky outcrops and a clear sky.",A woman wading through water holding a surfboard. | A woman carries a surfboard into the ocean. | there are many surfers riding waves in the water | A woman carrying a surfboard out into the ocean. | A couple of people on surf boards on a beach.
000000336102,Qwen2.5-VL-3B,A pizza shaped like a Mickey Mouse head is placed in a cardboard box on a table.,"The image shows a pizza with a heart-shaped cutout in the center, placed on a white cardboard box. The pizza has a golden-brown crust and is topped with melted cheese and possibly some herbs or vegetables. The background includes part of a green table and a white surface, suggesting an outdoor setting.","A mouse head shapped pizza sitting in a box. | A pizza in a box is shaped like Mickey Mouse.  | A large pizza in the shape of cat face with two ears, | A pizza made in the shape of Mickey Mouse. | A picture of a pizza in the shape of mickey mouse's head."
000000197263,Qwen2.5-VL-3B,A person wearing a shirt and tie.,"The image shows a close-up of a person wearing a dark-colored shirt with a collar. The shirt has a subtle pattern, possibly a camouflage design, and the person is adjusting their tie, which is also dark in color. The background is blurred, focusing attention on the upper part of the person's torso.",A man wearing a shirt and tie with long hair. | Black and white photo of patterned neck tie being worn | This is a black and white photo of a man wearing a tie. | Man in a suit and dress shirt standing still.  | man wearing denim shirt and tie with spots
000000234169,Qwen2.5-VL-3B,"A display case filled with various types of donuts, including chocolate-covered and sprinkled ones.","The image shows a display case filled with various types of doughnuts. The doughnuts have different toppings such as chocolate glaze, sprinkles, and possibly some with a chocolate coating. The display case is likely in a bakery or a store that sells baked goods.",Dozens of donuts are under a glass display case. | A doughnut display case is shown with a varitey. | a few trays of doughnuts under some glass | A display case of many different kinds of a donuts.  | A doughnut case at a shop with many offerings
000000096711,Qwen2.5-VL-3B,A woman is sitting on a bench eating a hot dog while people ride bicycles behind her.,"A woman sits on a green bench on a brick-paved sidewalk, eating a sandwich. She wears a striped beanie, a dark coat, and blue jeans. In front of her is a plastic bag with a hot dog and a bottle of water. The background features a busy street with people walking and riding bicycles.",A woman is sitting outdoors eating some food.  | Woman eating food sitting on park bench with bikes in background. | A woman eating a sandwich on a bench near the street. | A woman sitting on bench eating food with people riding bikes behind her. | The woman is eating outside on the bench. 
000000332300,Qwen2.5-VL-3B,The image shows a clock on the side of a building with a bell above it.,"The image shows a section of a stone tower with a clock face and a bell. The clock has Roman numerals and is set within an ornate frame. Above the clock, there is a bell housed in a decorative archway. The background features a clear blue sky.",A clock mounted on the side of a tall building under a blue sky. | The bell tower has a clock displayed on the side.  | A clock on the front of a large tower. | A building clock with military time and a bell above it. | A large bell hangs over a clock on the side of a stone wall.
000000527573,Qwen2.5-VL-3B,"A yellow fire hydrant is on the sidewalk next to a puddle, with a man standing near some statues in the background.","The image depicts a yellow fire hydrant on the sidewalk next to a puddle of water. In the background, there is a person standing near a statue of three figures. The scene appears to be urban, with buildings and trees visible in the distance. The ground is wet, suggesting recent rain.",a man is standing near a yellow fire hydrant outside | A yellow fire hydrant sitting on the side of a road. | A man is standing in front of a statue. | There is a man standing alone near statues. | A man standing in front of a statue near a metal pole.
000000382207,Qwen2.5-VL-3B,"The image shows a table with various dishes, including bread, vegetables, and a bottle of olive oil. There is also a plate with some food items on it. The tablecloth has a striped pattern, and there are chairs visible in the background.","The image shows a table set with various dishes and a bottle of olive oil. The table is covered with a white cloth, and there are several plates containing different types of food. One plate in the foreground contains slices of bread topped with herbs. Another plate in the background has a salad with tomatoes, cucumbers, and other vegetables. There is also a plate with what appears to be a dip or sauce, garnished with red peppers and possibly some cheese. A glass of water and a glass",Many plates of different foods are on the table. | A table served with bread and various plates of food | A variety of food is sitting on the table with a few drinks.  | Several partially served plates of food sit in the middle of a dining table. | A table with plates of food sitting on it.
000000145604,Qwen2.5-VL-3B,A man is pushing a cart full of bananas in front of him.,"The image depicts a street scene with a man pushing a cart filled with bananas. The cart is on wheels and has a wooden top. There are several bunches of bananas arranged in rows on the cart. In the background, there are other people, some of whom appear to be engaged in various activities. The setting suggests an outdoor market or a busy street in a bustling area.",A man pushing a four wheeled art full of bananas. | a person pushing a cart with many bunches of bananas | an image of a man holding a cart of bananas | A man pushes a cart with wheels with bananas. | A man wheels a cart of banana bunches through the street.
000000222340,Qwen2.5-VL-3B,"A pink bus with the number 33-41 on it is driving down a street, surrounded by other vehicles and trees in the background.","The image shows a pink bus with the number ""33-41"" on its side. The bus is parked in a busy street with other vehicles, including a red car and a white truck. There are trees and buildings visible in the background.",A passenger bus traveling down a street behind a red car. | A pink bus is behind a pink car on a road. | A pink bus with Arabic writing on the side of it. | A pink bus travels down a busy street. | A bus and others vehicles are sitting in traffic. 
000000152946,Qwen2.5-VL-3B,Two people standing in the snow with skis and ski poles around them.,"The image shows two people standing in a snowy outdoor setting, likely at a ski resort. The person on the left is wearing a black jacket with a red patch on the chest, black pants, and black gloves, holding a pair of skis. The person on the right is wearing a gray and black jacket, blue jeans, and sunglasses, holding a snowboard. Both individuals have their backs to the camera. In the background, there are several pairs of skis and snowboards leaning against racks","A man and woman standing on top of a snow covered slope. | Two snowboarders with their snowboards standing in the snow. | two people standing near one another holding skis | Numerous individuals are appreciating life and having an incredible minute. 
 | Two snowboarders posing for a picture in the snow."
000000166509,Qwen2.5-VL-3B,"A road with trees on both sides and a sign that says ""wait"" in the middle of the road.","The image depicts a winding road surrounded by dense greenery. There is a traffic light on the left side of the road showing red, indicating that vehicles must stop. A sign with the word ""WAIT"" is visible near the center of the image, suggesting that drivers should stop and wait for the light to change before proceeding. The road appears to be in a rural or forested area, with trees lining both sides of the road.",A traffic light sitting on the side of a road next to a tree. | A country road at a traffic light in the sun. | a road with some trees on both sides of it  | A stop light on a road in the middle of a forest. | A road in the middle of a beautiful green forest
000000387515,Qwen2.5-VL-3B,"A blue and white trolley bus is driving down the street, with a building in the background.","The image depicts an old-fashioned trolley bus on a city street. The bus is primarily white with blue accents and has the number ""313"" displayed on its front. It features a vintage design with large windows and a curved roof. The bus is driving down a road lined with trees and buildings, including a multi-story building in the background. The scene suggests a historical or nostalgic setting, possibly from the mid-20th century.",The blue and white bus is travelling down the street. | Bus riding through the street attached to wires above | The bus is driving on the city street. | An old bus rigged out to run on overhead electrical lines | A blue and white city bus traveling down the street. 
000000022718,Qwen2.5-VL-3B,A small airplane is flying over a field at sunset.,"The image depicts a small airplane in flight against a backdrop of a sunset sky. The aircraft is silhouetted against the warm hues of the setting sun, which range from orange to pink. The plane appears to be landing on a grassy field, with its wheels visible as it descends. The horizon line is clearly defined by the gradient of colors in the sky, creating a serene and tranquil atmosphere.",The airplane flies low to the ground during sunset. | The plane came in for a landing as the sun set. | An airplane landing in grass during the sun set. | A small airplane landing in a field at sunset | A plane flying with a sunset in the background
000000168692,Qwen2.5-VL-3B,"Two young boys, both wearing red shirts and black shorts, are holding a white surfboard with a red logo. They appear to be walking on a path in a grassy area with trees in the background.","Two children in red shirts are carrying a white surfboard with a red logo. The child on the left is wearing black shorts, while the child on the right is wearing blue shorts. They are walking on a paved path surrounded by grass and trees.",Two boys carrying a surfboard on the beach. | two young boys walking around with a surfboard. | Two boys are carrying a surf board between them. | Two young boys carrying red and white surfboard. | Two children carrying a surf board together across a grassy area.
000000311883,Qwen2.5-VL-3B,"A yellow Union Pacific train is traveling on tracks, passing through a crossing with traffic lights and a red light illuminated.","A yellow Union Pacific train is traveling on tracks under a clear blue sky. The train has the number 6531 on its front. There are traffic lights on both sides of the tracks, with one set showing red lights and another set showing green lights. The train is pulling several cargo cars behind it.",A train moving along a track during the day. | A train passes by a road on a railroad track | Yellow train engine hauling freight cars past a level crossing.  | A large long train on a steel track. | A yellow train engine pulling train cars over road.
000000386912,Qwen2.5-VL-3B,"A woman is sitting at a desk with a computer and various items on it, including books, papers, and a lamp. She is wearing glasses and has a friendly expression. The background features a bulletin board with pictures and notes, and a bookshelf filled with books and DVDs.","The image shows a person sitting at a desk in an office setting. The person is wearing glasses and a blue top with a black cardigan. They are using a white iMac computer. The desk has various items on it, including a keyboard, a mouse, a small bowl, and some papers. Behind the person, there is a bookshelf filled with books and DVDs. The walls are decorated with framed pictures and posters. There is also a lamp on the left side of the desk.",a person sitting at a desk with a keyboard and monitor  | a woman at her desk sits intently and happy | A woman sitting at a desk in her work station | The woman is working on her computer at the desk. | a woman is sitting in front of a desk
000000232865,Qwen2.5-VL-3B,A slice of layered cake on a white plate with a fork next to it.,"The image shows a slice of layered cake on a white plate. The cake has multiple layers, with the top layer being chocolate and the middle layer being cream. There is a fork to the left of the cake on the plate. In the background, there is a glass of dark liquid, possibly cola, and a bottle cap.",A plate with a slice of cake on top of it next to a fork. | A slice of cake and a fork on a plate. | A nice slice of cake on a plate with a fork. | A piece of cake with layers sits on a white plate with a silver fork. | A delicious piece of tiramisu being displayed on a white plate.
000000250758,Qwen2.5-VL-3B,A zebra is standing in a grassy field with trees and a fence in the background.,"The image shows two zebras in an outdoor enclosure with grassy terrain and a fence in the background. The zebra in the foreground is standing on the right side of the image, while another zebra is lying down on the left side. The background features trees and a grassy hill.",A zebra standing on a grass covered field. | The zebra is standing in the field with another zebra laying down in the background.  | a couple of zebras stand on a grass land  | A zebra stands while another zebra lays down nearby.  | A zebra with a left side pose while standing in a field.
000000149785,Qwen2.5-VL-3B,"An elephant is standing in an enclosure with grass and dirt on the ground, and it is facing away from the camera.","An elephant is standing in an enclosure with its back to the camera. The ground is covered with grass and dirt, and there are several poles and wires forming a fence around the area. The elephant appears to be walking away from the camera.",A small elephant is walking in an enclosure by the fence. | THIS IS A PICTURE OF A VERY YOUNG BABY ELEPHANT WALKING ALONG A FENCE | An elephant walking along a fence line away from the camera man.  | An elephant walking in an enclosure in the sun | An elephant walks next to a fence in a field.
000000102235,Qwen2.5-VL-3B,A young girl is blowing out candles on a birthday cake while two other girls look on.,"A young girl is blowing out candles on a birthday cake while two other girls look on. The cake has several lit candles, and there are plates with pink candy on the table. A person in a black dress stands behind the girl blowing out the candles. There is a vase of flowers on a table in the background, and a lamp with a white shade is visible.",Young girl gets ready to blow out candles as family watches | Young girls are sitting around a birthday cake. | a small child blowing out the candles on a cake | A woman and a young girl are blowing out candles on a cake as others watch. | A mother and daughter blowing out candles on a sheet cake.
000000359626,Qwen2.5-VL-3B,"A stop sign is positioned at the corner of Ocean Avenue and a 5-way intersection, with trees lining the street and a building visible in the background.","The image shows a stop sign at an intersection with a 5-way sign below it. The street is marked with white lines for lanes. There is a sidewalk on the right side of the road, and a building with a red awning is visible in the background. Trees line the left side of the street, and there is a trash can near the sidewalk.",A five way stop sign on a street corner lined with trees | A city warning sign is displayed on a street. |  a stop sign on a wooden pole with a street name stenciled on it | A red stop sign sitting on the side of a road. | A red stop sign that is on top of a pole.
000000035197,Qwen2.5-VL-3B,A person is riding a skateboard on a ramp.,"A person is skateboarding on a ramp in a skate park. The skateboarder is wearing shorts and sneakers. In the background, there are buildings and another person standing near a wall. The image is in black and white.",A person on a skateboard rides down a ramp. | Black and white photograph of person on a skateboard. | Person riding on edge of skateboard about to do a trick | A man is standing on a skateboard at a skate park. | A black and white photograph of a person wearing DC shoes on a skateboard in the sun. 
000000443101,Qwen2.5-VL-3B,A cow and a deer stand on a grassy hillside with snow-capped mountains in the background under a blue sky with white clouds.,"The image depicts a serene mountainous landscape with a clear blue sky. In the foreground, there is a cow standing on a grassy hillside. The background features majestic snow-capped mountains, partially obscured by clouds. The scene suggests a peaceful, natural environment.",Two cows are in a mountainside field with snow-covered mountains in the background.  | A white cow stands by a brown and white donkey looking over a hill.  | A white bull and a donkey are in a field at a very high altitude.  | A large white cow standing on top of a lush green hill. | A bull standing near a donkey on a mountain top.
000000209044,Qwen2.5-VL-3B,A young boy and girl are playing a video game on a television in a living room.,"In the image, two children are standing in a living room. The child on the left is wearing a dark-colored shirt and white shorts, holding a game controller. The child on the right is wearing a light-colored sweater and pajama pants with heart patterns. They are both facing a television that displays a baseball video game. The TV is placed on a black entertainment center which also holds various electronic devices and a basket of items. To the right of the TV, there is a window covered by sheer",Two young children are playing a video game. | a couple of children are playing a video game  | A boy and a girl play a video game together. | Two small children playing a game on a video game console.  | Two children playing baseball in the Wii Sports video game.
000000187776,Qwen2.5-VL-3B,"A man in a suit is standing at a table with a glass of champagne and a plate of food, while other people stand around him.","The image depicts an indoor setting, likely a conference room or event space. There is a man standing at a table with a glass of champagne and a plate of food in front of him. He appears to be looking at something off-camera. Another man is seated at the same table, eating. The background features a banner with the text ""bdigital apps"" and an image of a smartphone. Several other people are present in the background, some standing and others seated at tables. The room has a",A bunch of people are gathered around many tables inside of a building.  | a man that is sitting at a table | A group of men stand at small tables drinking wine. | Convention with people standing at table with refreshments | a number of people standing up at small tables 
000000433554,Qwen2.5-VL-3B,"A group of people are standing on a dock, preparing to go water skiing. There are three people wearing life jackets and holding onto the handles of their skis. One person is sitting on a bench, and another person is standing with their hands on their hips. The water is calm, and there are trees in the background.","The image depicts a group of people on a dock by a body of water, likely a lake or river. There is a person in the water wearing a life jacket, holding onto a rope connected to a boat. Another person is standing on a dock, also wearing a life jacket, and appears to be preparing for water skiing. A third person is sitting on a bench near the dock, watching the activity. The dock has a green surface and is equipped with various equipment, including a ramp and a","some people waiting in line to para-sail one guy has taken off | A fat guy wearing a life jacket and short shorts. | An group of young people on a boat prepare to parasail on surfboards. | A family prepares to water ski as one man takes off across the water. | Many people are out there and having some fun.
"
000000328462,Qwen2.5-VL-3B,"A woman is standing in a kitchen, holding a bowl and looking at the camera. She is wearing a floral shirt and has an earring on her left ear. There is a man sitting at a table in the background, using a cell phone. The kitchen has a refrigerator, stove, and cabinets.","A woman in a floral shirt stands in a kitchen, holding a bowl. She is wearing an earring and a watch. A man sits at a table with a TV on it. The TV is displaying a blue screen. There is a refrigerator to the left of the woman, a stove with a pot on it to the right, and a wall clock above the stove. The kitchen has a white refrigerator, a white stove, and a white table.",Lady working in a kitchen while man sits at table watching TV. | A woman sitting next to a stove top oven. | A kitchen room with a lady by the refrigerator and a man seated at a table. | A man watches TV while a woman tends to the kitchen. | A man and a woman in a very small kitchen together.
000000287328,Qwen2.5-VL-3B,Three dogs laying on a bed.,"The image shows three small dogs resting on a bed. The bed has a light blue, patterned blanket and a floral-patterned headboard. One dog is white with a black spot on its back, another is black and white, and the third is wearing a red and black sweater. They appear to be sleeping or resting together.",two small dogs are laying on a human bed | Two lazy dogs lounging in a dirty bed. | Two small dogs laying down together on a small bed. | Two small dogs lounge on a dirty bed.  | two dogs are laying in a bed together
000000213827,Qwen2.5-VL-3B,"A person is performing a backflip on a wakeboard while airborne over a ramp with the words ""Cypress Gardens"" on it. There are boats in the background and trees lining the shoreline.","The image depicts a water sports scene with a person performing a flip on a wakeboard over a ramp. The ramp is branded with ""Cypress Gardens."" In the background, there are several boats on the water, and trees line the distant shoreline under an overcast sky.",a person jumping over a ramp in the water  | A water skier flipping from a ramp in a lake in Florida | A water skier doing a somersault in the air. | A woman on water ski's in the air. | Person on water skis doing jump tricks off ramp
000000209480,Qwen2.5-VL-3B,A blue and white plate with broccoli and cauliflower on it.,The image shows a blue and white patterned plate containing several pieces of broccoli and cauliflower. There is also a slice of red bell pepper on the plate. The background includes a glass container and part of a table with a floral tablecloth.,A blue plate with a pile of vegetables on a table. | A blue plate loaded with broccoli and cauliflower | A plate of broccoli and cauliflower with a slice of tomato. | A pile of broccoli and other vegetables sits upon a blue plate. | A blue patterned china plate filled with broccoli and cauliflower. 
000000021779,Qwen2.5-VL-3B,"A person is lying on the floor with their legs crossed, wearing a white tank top and green shorts. They have a red suitcase next to them, and there are various items scattered around, including a blue towel, a black bag, and some bags with tags. The setting appears to be indoors, possibly in a hotel room or a similar space.","A person is lying on the floor with their legs crossed over a red suitcase. The person is wearing a white sleeveless top and green shorts. There is a black backpack behind them, and various items, including a blue towel, are scattered around.",A woman is laying on top of a suitcase.  | A young woman lies on top of a gym bag.  | a woman laying on some baggage resting on the floor | A girl lying her body down on a big bag smiling. | A woman looking up smiling while on red item.
000000182162,Qwen2.5-VL-3B,"A living room with a couch, a lamp, and a frog balloon.","The image depicts a cozy living room with a black leather couch adorned with a striped pillow. A frog-shaped balloon is attached to the wall near the couch. The room features a wooden floor, a small table with a lamp, and a bookshelf filled with books. There is a hallway leading to another room in the background.","A living room with hard wood flooring and black furniture. | a messy living room with various items and some celebratory balloons | A bouquet of Mylar balloons in a living room.  | Living room with a black couch, coffee table and bookcase visible. | A living room with a black couch, wood floor and bookcase."
000000374505,Qwen2.5-VL-3B,"A woman is holding a pair of scissors in front of her face, obscuring her eyes and nose.","The image shows a person wearing a black top with thin straps, holding a pair of scissors in front of their face. The scissors are positioned such that the blades are covering part of the person's face, creating an optical illusion. The background is dark, which contrasts with the bright white of the scissors.","A woman holding a pair of scissors up to her face. | Person with pair of scissors in front of face. | A person in the dark, holding a pair of scissors up to their face. | Woman posed looking through the blades of scissors. | a close up of a person with a pair of scissors "
000000308160,Qwen2.5-VL-3B,Four children standing on a tennis court holding tennis rackets.,"The image shows four children standing on a tennis court. They are holding tennis rackets and appear to be waiting for their turn to play. The children are dressed in casual clothing suitable for outdoor activities. The court is surrounded by a chain-link fence, and there is a sign with the number 3 visible in the background. The setting suggests a recreational or practice environment for young tennis players.",A group of children stand on a tennis court | Good buddies always give comfort to their best friends. | A group of young kids holding tennis racquets. | Two friends consoling each other after a game of tennis. | Some children are standing on a tennis court.
000000262054,Qwen2.5-VL-3B,"The image shows a kitchen with wooden cabinets, a white stove, and various appliances such as a microwave, toaster, and coffee maker. There is also a window above the stove, allowing natural light to enter the room. The countertops have a few items on them, including a bowl, a bottle, and some fruits. The walls are decorated with colorful wallpaper featuring a pattern of chili peppers.","The image depicts a kitchen with wooden cabinets and countertops. The appliances include a white microwave oven mounted above the stove, which has a pot on it. There is an oven with towels hanging from its handles. The countertops have various items such as a bowl of fruit, a toaster, and a rice cooker. The walls are decorated with a patterned border at the top. There are also several small shelves with various kitchen items.","A large kitchen filled with white appliances with lots of counter space. | Dish towels hang from a stove handle in a kitchen with wooden cabinets. | A kitchen with a stove, a microwave above it and a window. | A clean kitchen is shown with three towels hanging on the cabinet. | A large kitchen with a built-in stove, oven and microwave"
000000064531,Qwen2.5-VL-3B,"A man is wearing a black coat, blue shirt, and a tie with a pattern of nuts and bolts.","The image shows a person wearing a black coat with a buttoned front, a light blue shirt, and a tie featuring a pattern of various nuts and bolts. The background includes a wall with a floral pattern.",A man with a tie that has nuts and bolts on it. | A black jacket and a tie with nuts and bolts on it. | a person wearing a black coat and a tie with bolt designs on it. | A man with a tie made of nuts and bolts. | A person wearing a black jacket and blue shirt along with a tie full of knots and bolts.
000000262404,Qwen2.5-VL-3B,A group of children sitting around a table with a cake on it.,"The image shows four children sitting around a table, engaged in an activity. They appear to be decorating a cake that is placed on a tray covered with aluminum foil. The cake has green frosting spread over it. Each child has a small bowl of colorful candy or toppings in front of them. The children are focused on their task, and the setting suggests a casual, possibly birthday party environment.",A group of children surrounding a table decorating cake. | a number of children at a table with cake | A group of kids cutting into a cake as one boy plays with his utensil. | Kids around a table messily frosting a sheet cake. | A bunch of kids eating a cake with green frosting on it.
000000329957,Qwen2.5-VL-3B,Two women standing in a kitchen with wooden cabinets and appliances.,"In the kitchen, two women stand near a sink with a blue dish in it. The woman on the right wears a black shirt and red pants, while the woman on the left wears a gray shirt and black pants. There is a microwave oven above the stove, a wooden cabinet to the left of the sink, and a painting on the wall behind them.",A couple of girls are standing in a kitchen | Ladies standing in a kitchen posing for the camera. | Two women preparing a meal in a modern kitchen | There are two woman smiling in the kitchen | Two happy women smiling together in a kitchen.
000000479612,Qwen2.5-VL-3B,"A Sharp microwave oven is placed on a table, with a bottle of Coca-Cola and a bottle cap visible to the left, and another bottle cap to the right. The microwave has a digital display and control panel on the right side.","The image shows a Sharp microwave oven placed on a surface. The microwave has a black door with a grid pattern and a control panel on the right side. The brand name ""SHARP"" is visible on the front of the microwave. The time and date stamp at the bottom of the image indicate it was taken on 19/24/2009 at 8:19:00 PM.",A microwave oven sitting on top of a table. | There are a microwave in this picture but nothing in it. | A microwave with the power off on a shelf. | A timestamped photograph of a microwave with a dirty door next to a glass coke bottle and glasses shaped like human torsos.  | A Sharp white colored microwave on a tabletop
000000375566,Qwen2.5-VL-3B,"A woman is walking down the street holding an umbrella, wearing pink pants and a white shirt with a floral pattern. She has a handbag on her shoulder. The street is lined with trees and there are traffic cones placed along the sidewalk.","A person is walking on the street holding an umbrella. They are wearing pink pants and a white shirt with colorful patterns. The person has a handbag on their shoulder. There are traffic cones on either side of the street, and there is a building in the background with some greenery around it.",Lady walking through a parking lot with an umbrella over her head. | A woman walking in the street with a yellow umbrella. | A woman walks down a road with a yellow umbrella.  | A woman holding an umbrella walking down a street. | A person walking down a road with a sun umbrella.
000000504970,Qwen2.5-VL-3B,A toilet is placed on the sidewalk next to a parking meter.,The image shows a toilet placed on the sidewalk next to a parking meter. The toilet is positioned in front of a brick wall with a tree trunk visible behind it. The parking meter has a blue sign indicating parking availability.,A toilet that is outside next to a fence. | There is a toilet sitting outside on the sidewalk in front of a fence. | A toilet sitting beside a parking meter station | a toilet sitting outside next to a fence  | a toilet sitting on a sidewalk next to a pole.
000000310622,Qwen2.5-VL-3B,"The image shows a street sign indicating West 32nd Street and Korea Way, with one-way signs pointing in different directions. The background features tall buildings and a clear sky.","The image shows a street sign indicating ""West 32nd St"" with the Korean translation ""Korea Way."" The sign is attached to a pole that also has other signs pointing in different directions. The background includes tall buildings, suggesting an urban setting.","Corner of Broadway, West 32nd Street, and Korea Way. | Several one way signs are by street signs. | A cluster of street signs hang on a street pole. | Several street signs stating road names and the right ways to go. | A West 32nd sign under a Korea Way road sign. "
000000025453,Qwen2.5-VL-3B,"A light blue 1950s Chevrolet Apache pickup truck is parked on grass, with people in the background.","The image depicts a vintage light blue pickup truck parked on a grassy field. The truck has a classic design with chrome accents and a white roof. It features a large front grille, round headlights, and a rear window that extends into the cargo area. The truck is positioned in front of a crowd of people who appear to be at an outdoor event, possibly a car show. In the background, there are tents, a checkered flag structure, and other vehicles, including a red pickup truck.",A vintage truck is parked at an outdoor event. | Antique blue truck displayed to crowd at outdoor event. | An antique pickup truck restored and displayed at a fair or car show. | An old blue truck is on a grassy area. | A car at a show with people in background.
000000108982,Qwen2.5-VL-3B,A blue and white bird is perched on a branch surrounded by green leaves.,"The image shows a bird perched on a branch among green leaves. The bird has a blue and white plumage with some black markings. The background is filled with green foliage, creating a natural and serene setting.",A blue and yellow colored bird perches on a tree branch. | A bird sitting on a branch of a tree.  | A blue bird is sitting in the branch of a tree.  | A bird sits on a branch in a tree.  | A blue bird sitting on a branch of a tree.
000000245447,Qwen2.5-VL-3B,"A group of people sitting at a table in a restaurant, with one person using a cell phone and another holding a drink.","The image shows a group of people sitting at a table in what appears to be a restaurant or café. The setting includes wooden furniture, a glass drink container, and a person holding a smartphone. The individuals are engaged in conversation, with one person looking at their phone while another uses it. The environment suggests a casual dining atmosphere.",Three woman and a man all sitting at a table on their cell phones. | a family sitting at a table in a restaurant looking at their phones | Women sitting at a table in a restaurant all looking at their phones  | A table with people at it all on their cell phones. | A family sitting a restaurant's dining table on their cellphones.
000000167952,Qwen2.5-VL-3B,A plate of food with a fork and knife on it.,"The image shows a dining table with several plates of food. The main focus is on a plate in the foreground filled with colorful vegetable strips, likely bell peppers or carrots, garnished with herbs. In the background, there are other plates containing grilled bread, meat, and what appears to be a salad. The setting suggests an outdoor dining area, possibly a patio, with chairs and tables visible. A person's hand is seen holding a fork, indicating someone is about to eat.","Many different foods on dishes on a table  | Several plates of food are sitting on the table. | A variety of fancy looking dishes on square plates, including some sort of coleslaw and some flat bread. | A white plate topped with a pile of pasta. | There is some food on a table with plates."
000000547041,Qwen2.5-VL-3B,A plastic container with a salad and a container with crackers and dip next to a keyboard.,"The image shows two plastic containers on a table. The container on the left contains a mix of ingredients, including what appears to be a crumbly cheese or feta cheese, crackers, and a small container of sauce. The container on the right is filled with a salad consisting of lettuce, black olives, shredded cheese, and a lemon wedge. In the background, there is a computer keyboard.","Two plastic containers have a soup and a salad in them. | Two containers, one with a salad, and another with some sort of other food in it. | Two containers with two different salads containing lettuce. | The salad is ready to eat for lunch.  | A tray of salad and a tray of salad toppings to the side."
000000249443,Qwen2.5-VL-3B,A black metal bench sits in front of a window with white curtains and a brick wall behind it.,"The image shows a brick building with a window featuring white curtains. In front of the window, there is a black metal bench with a textured backrest. The bench is positioned on a concrete surface, and the window has a white frame. The curtains are drawn to the sides, revealing a view into the room behind the window.",a black bench is in front of a window | a brick building a black bench a window and curtains | A metal bench sitting in front of a window. | A view of a window with a bench underneath it.  | A metal bench outside of a brick building's window.
000000034811,Qwen2.5-VL-3B,"The image shows a bathroom with a white sink, a mirror above it, and a window on the left side. There is also a towel hanging on a rack to the right of the sink. The bathroom appears to be well-lit by natural light coming from the window.","The image depicts a bathroom scene featuring several key elements:

1. **Sink**: A white pedestal sink with a silver faucet.
2. **Mirror**: A rectangular mirror mounted on the wall above the sink.
3. **Cabinet**: A small, white medicine cabinet attached to the wall next to the mirror.
4. **Window**: A frosted glass window with a white frame, allowing natural light into the room.
5. **Towel Rack**: A towel rack mounted on the wall near the","A bathroom sink underneath a medicine cabinet next to a window. | A bathroom with empty bottles in the window | A bathroom with a sink, window and medicine cabinet. | A bathroom pedestal sink with a mirrored medicine cabinet. | A white bathroom with bottles sitting on a windowsill. "
000000102478,Qwen2.5-VL-3B,"A baseball player is swinging a bat at a ball while another player stands behind him. The pitcher is on the mound, and the catcher is in position behind home plate.","The image depicts a baseball game in progress. A batter is at the home plate, preparing to hit the ball. The catcher is crouched behind the batter, ready to catch the ball if the batter misses. The pitcher is on the mound, having just thrown the ball. The field is green with white lines marking the boundaries and bases. The players are wearing uniforms, and the scene is set on a baseball field.",A group of baseball players with a bat and ball at the pitch | There is a baseball player with a baseball bar at the gane | A pitcher throws a pitch during a baseball game. | Three people are on a baseball field in uniform. | An overhead shot of a a pitcher throwing a baseball.
000000561958,Qwen2.5-VL-3B,"The image depicts a snowy scene at a ski resort with numerous people dressed in winter clothing, some carrying skis and ski poles. The background features a building with snow-covered roofs and a sign that reads ""Village Corral."" The atmosphere appears to be bustling with activity as people prepare for skiing or have just finished their activities.","The image depicts a snowy scene at a ski resort. There is a group of people dressed in winter clothing, some carrying skis and ski poles. The background features a building with signs indicating ski and snowboard rentals, as well as other shops and services. The ground is covered in snow, and the sky appears overcast.",many people holding skis and snow boards on a snowy surface | Many people attend the ski event dressed in warm clothing. | A group of people including small children wearing ski equipment standing in the snow. | People standing outside a ski resort on skies in the snow. | A crowd of people wearing winter cloths are outside in the snow as some people carry snowboards.
000000408746,Qwen2.5-VL-3B,A surfer is riding a wave on a surfboard while another surfer waits in the water.,"A surfer in a black wetsuit is riding a wave on a surfboard, while another surfer in a black wetsuit paddles on the water. The scene captures the dynamic action of surfing with waves crashing and splashing around them.",The man is surfing on a wave as another surfer is in the water nearby.  | A man who is on a surfboard in the water. | A couple of men riding surfboards on top of a wave. | People using surfboards in the water with waves. | A surfer is catching a wave while another one is floating
000000324845,Qwen2.5-VL-3B,"A sandwich with lettuce, tomatoes, cucumbers, and chicken on a white plate.","The image shows two sandwiches on a white plate. The sandwiches contain slices of cucumber, tomato, lettuce, and what appears to be chicken or turkey. There is also a slice of cucumber placed next to the sandwiches on the plate. The background includes a green glass drink container and part of a table setting with a knife and a white plate.",Three sandwhiches with toppings on them and a cucumber | a plate with some sandwiches on it  | Two sandwiches sitting on top of a white plate. | a vegetable sandwich with cucumber pickle and tomato  | Sandwich item with meat and vegetables displayed on plate for consumption.
000000295059,Qwen2.5-VL-3B,"The image depicts a festive scene with a collection of teddy bears and other stuffed animals gathered around a Christmas tree. The teddy bears are dressed in various outfits, including sweaters and hats, and some are wearing Santa hats. The background features a decorated Christmas tree with lights and ornaments, and there is a blue curtain behind the scene. The overall atmosphere suggests a holiday celebration or a themed display.","The image depicts a festive scene with various teddy bears and a small child figure. The teddy bears are dressed in winter clothing, including sweaters and hats, and are positioned around a Christmas tree adorned with ornaments. The background features a curtain with a golden pattern and additional holiday decorations. The scene is likely set up for a holiday celebration, possibly Christmas.",Stuffed bears are gathered together in a display for christmas. | A bunch of stuffed bears altogether during Christmas. | Many teddy bears are displayed in front of the trees. | a couple of Christmas trees with some bears next by. | A Christmas decorated area with many teddy bears. 
000000410339,Qwen2.5-VL-3B,"A woman is walking up a set of stairs in an alleyway, with a traffic light visible above her.",A woman in a black tank top and denim shorts is walking up a set of stairs. The stairs have yellow edges and lead to a yellow wall with a red fire alarm on it. There is a statue of a man on the left side of the stairs.,A woman walking down a flight of stairs. | A young woman walking down the steps of a narrow alley | A woman walking down a narrow stone stairway. | A woman is walking down a stairway which is located between two buildings. | A lady is walking down a tall narrow set of steps alongside a building.
000000571437,Qwen2.5-VL-3B,"A yellow bell pepper, broccoli, and strawberry on a plate.","The image shows a blue plate with a yellow bell pepper, a red strawberry, and two pieces of broccoli. The background is blurred greenery.","Broccoli, yellow bell pepper, and a strawberry on a plate.  | There is a plate with fruits and veggies on it | A plate topped with a mix of vegetables and fruit. | A pepper, broccoli and a half eaten strawberry on a plate.  | A plate with broccoli, a yellow pepper and a strawberry bitten on it. "
000000481670,Qwen2.5-VL-3B,"Two children are skiing down a snowy slope, surrounded by trees and bushes.","The image shows two children skiing on a snow-covered slope. They are wearing helmets and ski gear, with one child in a red jacket and the other in a blue jacket. The background features a forest of evergreen trees and some deciduous trees with yellow leaves.",Two skiers are traveling down a snowy mountain. | Two children that are skiing down a hill in the snow. | A couple of kids riding skis down a snow covered slope. | A couple of kids riding skis down a snowy slope. | two kids skiing on a slope of snow near a tree
000000109316,Qwen2.5-VL-3B,A woman in a blue dress and blue cardigan is holding an umbrella while walking down the street.,"The image shows a person standing on the side of a road, holding an umbrella with a dotted pattern. The person is wearing a blue dress with white polka dots and a blue cardigan. The background features a paved road with a yellow line dividing it into two lanes, and there is a curb visible at the bottom of the image. The overall scene suggests a rainy day.",A woman walking down a street holding a gray umbrella. | A woman carrying a umbrella walking down a street. | A women walking down the street holding a unbrella . | a woman holding an umbrella on a city street | The woman's face is concealed under her umbrella as she walks down the street.
000000361819,Qwen2.5-VL-3B,Two women are skiing in a race.,"The image shows two cross-country skiers in action on a snowy course. The skier on the left is wearing a white outfit with black spots, while the skier on the right is dressed in blue with red accents. Both skiers are using ski poles and are in motion, with their skis parallel to each other. In the background, there are several other skiers and spectators, some of whom are standing near a fence. The setting appears to be a winter sports event, possibly a",A couple of people racing down the side of a ski slope. | Two people cross country skiing racing across a trail. | Competitive cross-country skies in near dead heat with spectators. | Two men skiing on a hill with people watching. | Two cross country skiers race as spectators watch.
000000543215,Qwen2.5-VL-3B,A green street sign for Greenville Road and Greenville Cemetery is in the foreground with trees in the background.,"The image shows two green street signs mounted on a pole. The top sign reads ""GREENVILLE RD"" and the bottom sign reads ""GREENVILLE CEMETERY."" The background features a grassy area with trees and a few parked cars.","Signs point the way to a cemetery on a quiet road | A sign with the name of a street and the name of a cemetery posted on a quiet street. | Two green street signs giving direction to a cemetery. | A sign that reads greenville cemetery and greenville rd | Green and white street signs that read ""greenville rd"" and ""greenville cemetery."""
000000179251,Qwen2.5-VL-3B,A young boy is brushing his teeth in front of a bathroom mirror while another child watches from behind him.,"The image depicts a bathroom scene with several key elements:

1. **Bathroom Counter**: The counter is cluttered with various items including:
   - A blue vase with flowers.
   - A pink basket containing toys.
   - A yellow hairbrush.
   - Several bottles of soap and shampoo.

2. **Children**: There are two children in the scene:
   - One child is standing near the sink, brushing their teeth.
   - Another child is standing behind them, taking a photo with",Two kids brushing teeth in the bathroom with man taking a picture. | Man taking photos of young children while brushing their teeth. | Two children brush their teeth while a man takes their picture. | Two young children are brushing their teeth in the bathroom while their father is taking their picture.  | Two young children are brushing their teeth in the bathroom mirror.
000000239252,Qwen2.5-VL-3B,A bathroom sink with a faucet and a soap dish.,"The image shows a vintage-style bathroom faucet with a curved spout and multiple handles. The faucet is mounted on a white wall, and there is a small mirror to the left of the faucet. Below the faucet, there is a white sink with a soap dish holding a bar of soap. To the right of the sink, there is a bottle of hand sanitizer. The overall aesthetic suggests a classic or retro design.","An elaborate contraption on a water faucet for a bathtub. | Bath tub with metal shower head, vanity mirror, and small utilities compartment.  | a bath tub with a flexible shower head  | a fancy shower and faucet attachment and a white tub | An intricate shower handle in a bathtub. "
000000040686,Qwen2.5-VL-3B,"The image shows the interior of a small, compact living space that appears to be an RV or a mobile home. The room features a bed with blue bedding on the right side, a small refrigerator on the left, and wooden cabinets above and below the refrigerator. There is also a small window near the top center of the image. The overall layout suggests efficient use of space for both living and sleeping areas within the vehicle.","The image shows the interior of a small, compact living space. The room features wooden cabinets with metal handles on the left side, a white refrigerator with a footprint sticker, and a bed with blue bedding in the center. There is a wooden door on the right side, a small window above the bed, and a striped rug on the floor. The walls are painted white, and there is a framed picture hanging on the wall to the right of the door. The overall layout suggests a compact,","A small room with wooden cabinets and two beds. | A motor home has a refrigerator, stove, and two beds. | A refrigerator and bed in a small room. | A motor home that has a small refrigerator and beds on both sides | A refrigerator surrounded by wood cabinets and single beds in a trailer."
000000410068,Qwen2.5-VL-3B,"A person is walking down a street with an umbrella, and there are cars parked on the side of the road.",A person is walking down a cobblestone street holding an umbrella with a green and yellow pattern. They are wearing a red jacket and black pants. The street is lined with parked cars and a truck on the right side. The truck has graffiti on its side. The scene appears to be in an urban area with buildings and other vehicles in the background.,"A person with an umbrella walking across the street. | a woman is crossing the street with an umbrella
 | A woman with a green striped umbrella crosses a street past a brightly painted truck. | A woman walking down the street holding an umbrella. | A woman with a green umbrella crosses the wet street."
000000001425,Qwen2.5-VL-3B,A black and white photo of a hamburger bun with a bite taken out of it.,"The image is a black and white photograph of a sandwich on a plate. The sandwich appears to be made with a soft bun, possibly a hamburger bun, and contains a filling that looks like it could be meat or cheese. The sandwich is cut in half, revealing the inside. To the right of the sandwich, there is a small bowl, which might contain a condiment or sauce. The background is blurred, focusing attention on the sandwich and the bowl. The overall composition suggests a casual meal setting",A meal is lying on a plate on a table. | part of a sandwich sitting on a table | A plate with a burger that is halfway eaten.  | A half eaten meal sitting on a plate. | A sandwich with a bite taken on a plate.
000000489924,Qwen2.5-VL-3B,"A person is standing on a skateboard with their feet positioned on the board, wearing a blue shirt and white shorts. The background appears to be an indoor setting with a yellow line on the floor.",A person is standing on a skateboard with a banana design. They are wearing a blue shirt with a colorful graphic and white denim shorts. The background shows a yellow line on the ground.,A girl on top of skate board on a street. | a young girl riding on a skate board | A child skateboards down the middle of a street | A girl riding a small skateboard on a street. | A girl is skate boarding on a short skateboard.
000000506982,Qwen2.5-VL-3B,"A stainless steel refrigerator with a water dispenser on the door, sitting next to a box of Broan fans and a can of soda.","A stainless steel refrigerator with a water dispenser on the left side is situated in a kitchen setting. The refrigerator has several yellow sticky notes attached to it, likely containing instructions or reminders. To the right of the refrigerator, there is a box labeled ""BROAN"" and a can of soda on the countertop. The kitchen features wooden cabinets and a granite countertop.",A steel refrigerator with several stickers on it. | A refrigerator with all the stickers still on it. | The new refrigerator still has stickers and tags. | A large metallic refrigerator freezer combo in a kitchen. | A refrigerator that still has its sale tags on it.
000000185622,Qwen2.5-VL-3B,"A blue and white airplane is taking off from an airport runway, with a large building in the background.","The image shows an airplane on a runway at an airport. The aircraft is white with blue accents and has the logo ""ANA"" on its tail. In the background, there are large buildings, likely airport facilities, with windows reflecting the surroundings. The sky appears overcast, giving the scene a muted color palette.",A large jetliner taking off from a runway. | AN AIR PLANE IS ABOUT TO TAKE OFF THE RUNWAY  | An ANA airline plane taking off from an airstrip. | A large commercial plane about to fly at the airport. | A plane is taking off from an airport
000000342770,Qwen2.5-VL-3B,A man is standing next to a blue truck on a dirt road surrounded by trees.,"A man stands beside a dark-colored pickup truck on a dirt road surrounded by trees. He is wearing a white t-shirt, blue jeans, and a backpack. The truck has a license plate with the number ""08-37265.""",Young man on side of the road pointing at a truck. | A man standing next to a parked truck in a forest. | Man in a white shirt standing next to a green truck.  | A man stands next to a truck on the side of the road. | Man standing next to truck on dirt road with trees
000000405444,Qwen2.5-VL-3B,A young girl is holding a package of mozzarella cheese over two homemade pizzas on a baking sheet.,"A young girl is holding a package of mozzarella cheese over two homemade pizzas on a baking sheet. The pizzas have various toppings, including what appears to be pesto sauce and sliced cheese. The scene takes place in a kitchen with a tablecloth and chairs visible in the background.",A female child putting cheese on poorly made pizzas. | A young girl preparing two pizzas on the counter. | a small girl wearing a red shirt is making pizza | A little girl is adding cheese to homemade pizzas. | A young girl is making two types of mishaped pizza. | A girl adding toppings to two pizzas on a tray.
000000065057,Qwen2.5-VL-3B,A man in an orange jersey is running with a football while being pursued by another man in a blue jersey.,"Two individuals are running on a grassy field. The person in the foreground is wearing an orange jersey with the number ""10"" and black shorts, holding a football. The person behind them is wearing a blue jersey with the word ""BULAS"" visible, black shorts, and a red flag attached to their waist. Both are wearing white socks with red stripes and black shoes. There is a chain-link fence in the background, and the field appears to be part of a sports facility.",A man with a football being chased by another man. | Woman running with a football with another woman chasing her.  | Two young men running across a soccer field. | A person with a football running with another person behind them. | A touch football player is being persued by an opponent.
000000309836,Qwen2.5-VL-3B,A jet plane is flying in the sky with a contrail behind it.,The image shows an airplane flying in the sky with a contrail behind it. The sky is mostly clear with some scattered clouds.,A bird seems to be flying high in the air.  | jet plane flying at high altitude in front of a rocket | A rocket that just lifted off and a jet fighter | A small airplane flying high up in the air. | The shuttle launching in the air as a plane flies by.
000000295270,Qwen2.5-VL-3B,"A white bench sits on a gravel path in front of a stone building with a window and a green cone nearby. The background features bushes, trees, and mountains.","The image depicts a serene garden scene featuring a wooden bench with ornate metalwork, positioned on a gravel path. The bench is situated near a small, quaint building with a decorative arched window. Surrounding the bench are various shrubs and bushes in different shades of green, red, and yellow, creating a vibrant and lush landscape. In the background, there are trees and rolling hills, adding depth to the scenery. The overall atmosphere is peaceful and inviting, suggesting a well-maintained garden",A white and brown bench sitting on a sidewalk. | A two toned bench sitting in front of grass and bushes.  | A bench that is placed by some bushes. | there is a white and gray bench on the rocky road | The bench next to the building has wooden planks and a metal frame. 
000000117704,Qwen2.5-VL-3B,A red and yellow boat with passengers on it is sailing in the water near a city skyline.,"The image depicts a large red and yellow ferry boat named ""Robert Fulton"" sailing on a body of water with a city skyline in the background. The boat is filled with passengers, and there are several flags visible on the boat. The sky appears to be clear with some clouds.","A red people ferry cruises along the pay with a load of passengers.  | A ferry is carrying people across the water. | A red, yellow and blue boat with city in the background. | A boat on the water near a big city. | A boat rides on top of the water."
000000282698,Qwen2.5-VL-3B,A man wearing glasses and a plaid shirt stands outside in front of a house.,A man wearing glasses and a plaid shirt stands outside in front of a house. He is looking directly at the camera. The background includes trees and a clear sky.,"A man with glasses, checkered shirt and dotted tie | a man in glasses wearing a tie stands in front of a house | A man with a tie and glasses is by a house. | A man in glasses wearing a neck tie standing next to a building. | A MAN IN A COLLARED SHIRT AND TIE STANDING IN FRONT OF A HOUSE "
000000477470,Qwen2.5-VL-3B,A traffic light is lit red at night.,"The image depicts a nighttime urban scene with several key elements:

1. **Streetlights**: There is a prominent streetlight in the background, emitting a bright white light.
2. **Traffic Lights**: A traffic light is visible on the right side of the image, showing a red signal.
3. **Signage**: There are multiple signs attached to poles. One sign reads ""La Cienega Bl"" (likely indicating a street name), another is a no-left-turn sign, and there's",A red traffic light with vehicles passing by too fast to capture. | A red stop light with street lights over head on a dark street. | A traffic signal suspended over a street at night. | The red light of a stop light showing through the dark. | The red light is illuminating the dark street.
000000291305,Qwen2.5-VL-3B,"A group of people riding horses in a parade, with one man sitting in a carriage being pulled by the horses.","The image depicts a festive scene with several key elements:

1. **Horses**: There are three horses visible in the image. Two of them are pulling a carriage, while the third horse is walking ahead.

2. **Carriage**: The carriage is wooden and has a traditional design. It is being pulled by two horses, one of which is in the foreground and the other slightly behind it.

3. **People**: There are several people visible:
   - A man in a blue jacket is",A horse pulls a carriage at the beginning of a parade | A horse and buggy is pulling some people down the road and there are more horses and people behind them.  | A couple of people on a horse pulled carriage. | a horse drawn carriage is coming down the street | Horse pulling carriage with two men followed by mounted guard in uniform.
000000383950,Qwen2.5-VL-3B,"A street sign for Flaming Lips Alley is mounted on a pole, with a tree and some cars in the background.","The image shows a street sign for ""Flaming Lips Alley"" with the numbers 00 and 100 indicating the street number range. The sign is mounted on a pole next to a tree. In the background, there are parked cars and a fence.","A green and white street sign reading ""flaming lips alley."" | A street sign that reads flaming lips alley with a symbol on the left.  | This is a street sign for Flaming Lips Alley, which must be somewhere in England because it sounds pretty gay. | a street sign with trees in the background | The street sign is next to a full tree."
000000306303,Qwen2.5-VL-3B,"The image shows a cityscape with tall buildings and traffic lights, with smoke or steam rising from an industrial source in the background.","The image shows a cityscape with several tall buildings, including one with a distinctive sail-like shape. There is a traffic light on the right side of the image, and a large plume of smoke or steam rising from an industrial source in the background. The sky is clear with some clouds.",A city traffic light is red with a large billow of smoke in the background. | a street post with lights while clouds go by | A traffic light sitting under a blue cloud filled sky. | some clouds a traffic light and some buildings | Traffic lights and a thick cloud in the sky.
000000378244,Qwen2.5-VL-3B,"A skier is descending a snowy slope, surrounded by tall evergreen trees covered in snow. The skier is wearing a black jacket and blue helmet, and is holding ski poles as they navigate the terrain.","A skier descends a snowy slope, surrounded by tall evergreen trees. The skier is wearing a black jacket, gloves, and a helmet, with their skis cutting through the fresh powder. The scene is set in a winter landscape with snow-covered ground and trees.",A person skiing down a slope next to snow covered trees. | A person in a ski suit skiing down a slope | Skier in a black going down the side of a mountain.  | A skier skiing down a snow filled slope. | A person skis through some trees down a hill
000000278627,Qwen2.5-VL-3B,A collage of photos of food and people eating.,The image is a collage of six photographs featuring various dishes and people at a restaurant. The top left photo shows a person raising their hand in the air. The top right photo displays a plate of fried shrimp with green garnish. The middle left photo features two smiling individuals sitting at a table. The middle right photo shows a dish with mixed vegetables and potatoes. The bottom left photo captures a person eating at a table with a plate of food. The bottom center photo presents a plate of meat skewers,A series of photos showing people eating food. | there are six different pictures of people either eating or food | many different pictures of people and food and drinks | A man and a woman in front of a variety of food.  | there is a picture collage of two people at a restaurant 
000000522418,Qwen2.5-VL-3B,A person in a red shirt is cutting a cake with a knife.,"A person in a red shirt is cutting a large sheet of paper with a knife. The setting appears to be an industrial or commercial kitchen, as indicated by the stainless steel refrigerator, cabinets, and the presence of a hairnet on the person's head. There is also a trash can and a door visible in the background.",A woman wearing a net on her head cutting a cake.  | A woman cutting a large white sheet cake. | A woman wearing a hair net cutting a large sheet cake. | there is a woman that is cutting a white cake | A woman marking a cake with the back of a chef's knife. 
000000120282,Qwen2.5-VL-3B,"A group of birds, including a swan and several ducks, are swimming in the water at dusk.","The image depicts a serene body of water with several birds swimming. There is one large swan on the right side of the image, surrounded by smaller birds, possibly ducks. The water appears calm with gentle ripples, reflecting the light from the sky. The overall scene suggests a peaceful, natural setting during either dawn or dusk, given the soft lighting.",A family of ducks floating across a lake. | A swan in the water being followed by its babies. | Some small ducks in the water trailing behind a large duck | A mother swan being followed by a bunch of ducklings | There are some baby ducks following their mother
000000180982,Qwen2.5-VL-3B,"The image depicts two trains on parallel tracks, with one train being blue and the other being black. The blue train is pulling several passenger cars behind it, while the black train has fewer cars. The scene appears to be set in a rural area with trees lining the tracks.","The image depicts two trains on parallel tracks in a rural setting. The train on the left is a classic steam locomotive with a black engine and red buffer beams, pulling several passenger cars. The train on the right is a modern diesel locomotive with a blue engine and a single passenger car. Both trains are surrounded by greenery and trees, and there are multiple telephone poles along the tracks. The sky is clear with a few scattered clouds.",A group of trains passing by each other on a track. | old fashioned trains sitting on the tracks  | A group of trains sitting on top of train tracks. | Several railroad tracks that have trains on them. | A variety of trains traveling on railroad tracks. 
000000395575,Qwen2.5-VL-3B,A bench sits in front of a pond with trees in the background.,"The image depicts a serene outdoor scene featuring a small pond with a reflective surface. In the foreground, there is a wooden bench positioned near the water's edge. The bench appears to be empty and is surrounded by lush greenery, including trees and bushes. The background is filled with dense foliage, creating a natural, tranquil setting. The sky is clear, suggesting it might be either early morning or late afternoon, as indicated by the warm lighting.","THERE IS A BENCH IN FRONT OF TE LAKE  | A bench in a green park overlooks a reflecting pool. | a bench sits between a pond and the tree line | View of a pond with reflection of the surrounding scenery, with a bench and statue surrounded with flowers and trees, | A picture full of water and some trees around. "
000000356742,Qwen2.5-VL-3B,"A stack of books with titles like ""The Chocolate"" and ""She Comes First.""","The image shows a stack of books in black and white. The titles visible on the spines include ""Chocolat,"" ""She Comes First,"" ""Haunted,"" ""Search for Respect,"" and ""Anthropological Theory."" The books appear to be of various genres, including fiction and non-fiction.","A stack of books sitting on top of a table. | A group of books that are stacked on each other. | Variety of books stacked on table in indoor environment. | a bunch of books are stacked up on a table | Various different types of books, including non-fiction, are piled in one high pile."
000000163296,Qwen2.5-VL-3B,A broccoli head with green leaves surrounding it.,"The image shows a close-up of a plant with green leaves and a cluster of small, yellowish-green buds or flowers. The buds are surrounded by large, dark green leaves. The background is blurred, focusing attention on the plant.",A close up image of a green plant that looks like lettuce.  | A close up picture of a green budding plant. | A close shot of a unique looking tree.  | Broccoli just beginning to bud open and blossom | A green plant with a lot of leaves growing on it.
000000579231,Qwen2.5-VL-3B,"A baseball player in a white uniform is swinging a bat, while another player in a blue uniform crouches behind him, ready to catch the ball. The umpire, dressed in red, stands behind the catcher, observing the play.","A baseball player in a white uniform with the number 7 is swinging a bat at home plate. The catcher, wearing a blue uniform with the number 23, is crouched behind the batter, ready to catch the ball. The umpire, dressed in red, stands behind the catcher, closely observing the play. The scene takes place on a baseball field with green grass and a dirt infield.","A baseball player standing next to home plate. | A group of men on a field playing baseball. | A batter, catcher and umpire in a baseball game. | A batter on the field at a baseball game | A baseball player holding a bat with catcher and umpire."
000000535934,Qwen2.5-VL-3B,A group of people sitting at a table with wine glasses and bottles.,"The image shows a group of people sitting around a table in what appears to be a restaurant or a wine tasting event. The table is set with wine glasses, bottles, and various dishes. The individuals are engaged in conversation, and some are holding wine glasses. The setting has a warm ambiance with red walls and wooden shelves displaying various items.",There is no image here to provide a caption for. | Group of people standing in front of a table with wine glasses.  | A group of people sitting around a table with glasses of wine. | A group of people having dinner and drinking wine.  | a group of people sitting at a long table drinking glasses of wine 
000000283168,Qwen2.5-VL-3B,A white styrofoam container with a plastic fork and a sandwich on the grass.,"The image shows a white styrofoam container with a sandwich and a small cup of sauce on a grassy surface. The sandwich appears to be a pulled pork burger with a bun, and the sauce is likely a barbecue sauce. The container has a lid with a fork inside it.",A large sandwich in a styrofoam container with a fork. | A giant sandwich inside of a foam box next to a container of sauce. | A container with a sandwich and a cup of sauce sitting in the grass. | A barbecue sandwich in a foam container on the grass. | A container with a meat sandwich and fork is sitting on the grass.
000000381895,Qwen2.5-VL-3B,A woman with blonde hair and a teddy bear next to her.,"The image features a woman with long, wavy blonde hair and a teddy bear. The woman is wearing a white shirt and has a flower accessory in her hair. The teddy bear is brown and fluffy. In the background, there is a blue circular logo with text that reads ""Phyto defrisant balm Voted Number One by Vogue, Cosmo, & Instyle.""",a teddy bear next to a picture of a woman | A fluffy teddy bear next to a hair product ad | A woman with a bear in a photo with a sign.  | a woman a sign and a tan teddy bear | A teddy bear posing next to a magazine model.
000000516214,Qwen2.5-VL-3B,"The image shows a collection of suitcases and bags placed on a tiled floor, likely at an airport or train station. The luggage includes various colors and sizes, with some items having tags attached to them.","The image shows several suitcases of various sizes and colors, including black, brown, red, and orange. The suitcases have luggage tags attached to them. Some suitcases are placed on the floor, while others are stacked or leaning against each other. The setting appears to be an airport or a luggage storage area with tiled flooring.",Lots of luggage sitting on the ground at an airport  | Luggage with airport luggage tags on the handles. | A bunch of luggage is sitting and waiting. | Several suitcase on the floor with tags on them. | A row of suitcases is lined up in an airport.
000000000428,Qwen2.5-VL-3B,"A baby is eating cake with white frosting and chocolate sprinkles, wearing a brown polka dot bib. The baby has white balloons in the background.",The image shows a baby with red hair standing in front of a cake with white frosting and chocolate decorations. The baby is wearing a brown polka-dotted bib around their neck. There are two white balloons tied to the cake with blue strings. The background appears to be a plain wall.,a close up of a child next to a cake with balloons | A baby sitting in front of a cake wearing a tie. | The young boy is dressed in a tie that matches his cake.  | A child eating a birthday cake near some balloons. | A baby eating a cake with a tie around his/her neck with balloons in the background.
000000285961,Qwen2.5-VL-3B,A giraffe is standing in front of trees.,"The image features a giraffe with a long neck and distinctive brown patches on its light-colored fur. The background consists of lush green trees, suggesting a natural habitat.","A giraffe standing next to leaf filled trees. | The head of a giraffe with trees behind it. | The head of a giraffe surrounded by leaves | A sunlit giraffe's head and neck against a background of trees. | A giraffe is standing near some green, leafy trees."
000000269975,Qwen2.5-VL-3B,"The image depicts a busy city street with multiple vehicles, including buses and cars, moving along the road. There is a grassy area in the foreground, and several pedestrians can be seen walking on the sidewalk. The scene appears to be set in an urban environment with trees lining the street.","The image depicts a busy urban street scene with several vehicles, including buses and cars, moving along the road. There is a grassy area in the foreground, and trees line the background. The sky appears overcast, suggesting it might be a cloudy day. People can be seen walking on the sidewalks, and there are traffic lights visible at various points along the street.",A London roundabout with double decker buses and taxi cabs. | Cars and buses driving around a traffic circle. | Several double decker buses along with other cars are traveling down a street. | A very wide road filled with people and some vehicles. | A city street with cars and buses and people walking on the sidewalk 
000000197350,Qwen2.5-VL-3B,"A woman in a red tennis outfit is playing tennis on a blue court, holding a racket and bending over.","A woman in a red tennis outfit is bending over on a blue tennis court, holding a tennis racket. She is wearing white shoes and has a wristband on her left wrist. The background features a black banner with the Kia logo.",A woman in a red dress playing a game of tennis. | A tennis player readies herself to receive a serve. | A female tennis player playing tennis during the day. | a tennis player on a court holding a racket | A female tennis player holding her racket. 
000000404462,Qwen2.5-VL-3B,"The image is a black and white photograph taken with Kodak 320 T-XP film. The scene appears to be indoors, possibly in a room or hallway. There is a window on the left side of the image, through which light is coming in. Inside the room, there is a wall-mounted object that looks like a speaker or a piece of equipment. The walls are plain and there is a small table or shelf against the wall. The overall lighting is dim, giving the image","The image is a black-and-white photograph taken with Kodak 320 T-XP film. The scene appears to be indoors, possibly in a room with a window on the left side. There is a wall-mounted object that looks like a speaker or a piece of equipment, positioned near the center of the image. The walls are plain and there is a visible shadow cast by an object on the right side of the frame. The bottom of the image has a timestamp indicating ""10.""",A black and white photograph of something I cannot quite make out.  | a black and white photo of a something on display | Black and white photograph of a vase in display case. | A weird box with a strange object inside of it; | An unclear photo of some type of plumbing.
000000546639,Qwen2.5-VL-3B,"The image depicts an office or study room setting with a comfortable leather armchair in the foreground, positioned near a wooden desk. The desk has a laptop computer on it, along with various items such as papers, a printer, and a few books. There is also a bookshelf filled with books and other items to the left of the desk, and another wooden cabinet or shelf unit with more books and a framed diploma hanging above it. The room appears to be well-organized and functional for work or","The image depicts an office or study area with several key elements:

1. **Office Chair**: A brown leather office chair is positioned in front of a desk.
2. **Desk**: The desk has a laptop computer on it, along with some papers and a small box.
3. **Bookshelf**: To the left of the desk, there is a wooden bookshelf filled with books and other items.
4. **Cabinet**: Behind the desk, there is a wooden cabinet with a printer on","A home office with leather desk chair, computer and hutch, and bookshelves, with books scattered on the floor. | A brown chair sitting in front of a laptop computer. | An open laptop sits on a desk in front of an office chair. | a home study with a workstation with a laptop and a bookshelf under a framed diploma | Office chair in front of laptop on small desk in messy office."
000000571835,Qwen2.5-VL-3B,A kitten is peeking out from behind a suitcase.,"A small kitten is peeking out from behind a suitcase, which is placed on a bed. The kitten has a curious expression and is looking towards the right side of the image. The bed has a colorful blanket with a pattern of red, green, and blue shapes.",A grey tabby kitten inside a black suit case. | A small kitten sitting inside of a bag. | A cat on a suitcase is reaching for a pillow.  | A cat laying in a suitcase next to a pillow. | a kitten in a suitcase pawing at a pillow
000000302710,Qwen2.5-VL-3B,Two police motorcycles parked in front of a building.,"The image shows two police motorcycles parked side by side on a city street. The motorcycles have ""NYPD"" written on the sides, indicating they belong to the New York Police Department. They are positioned in front of a brick building with large windows and a sign that reads ""Nina."" The motorcycles have license plates and other typical police vehicle markings.",Two NYPD motorcycles parked along a city street. | Two police motorcycles are parked outside a brick building. | Two NYPD motorcycles are parked in front of a building. | Two NYPD motorcycles are parked at the curb. | Two NYPD motorcycles parked on the street in front of a brick building.
000000437618,Qwen2.5-VL-3B,There is a television screen in the room.,The image shows two flat-screen televisions mounted on stands in a room with beige walls. The television screens display an image of a classroom with desks and chairs. There is a desk in the foreground with a mouse and a chair. A fan is placed on a small table to the right of the televisions. The floor has a patterned carpet with orange and yellow designs.,A large television and some chairs in a room. | some tables chairs a yellow rug and some monitors  | Two tall television monitors are next to chairs and desk. | A room with large desks and chairs with two television monitors. | A table is shown with chairs and televisions.
000000415538,Qwen2.5-VL-3B,"A person wearing a red and white checkered shirt, gray cardigan, and gray tights is holding a phone in their right hand.","A person wearing a black blazer over a red and white checkered shirt, with rolled-up sleeves, is holding a small object in their right hand. The background includes a wooden shelf with some items on it.",A woman wearing a short skirt and a plaid shirt. | A woman wearing unmatched clothes carrying a phone. | a girl in a blue jacket and red checked shirt holding a cell phone | a person is wearing a red shirt and coat | A young lady wearing a red and white checkered shirt and black suit coat holding a cell phone.
000000415872,Qwen2.5-VL-3B,"A person in a yellow sumo suit is snowboarding on a snowy slope, wearing goggles and gloves.","A person in a yellow sumo suit is snowboarding on a snowy slope. The individual is wearing a helmet with goggles, gloves, and ski boots. They are holding a blue snowboard with red bindings. The background features a netted fence and a red pole.",A man in an inflatable sumo suit walking by with a snowboard. | A man in a large padded sumo costume carrying a snowboard across the snow. | A person in a Sumo wrestler suit walking with a snowboard. | A man wearing a sumo wrestler outfit holding a pair of skis. | Someone in an enormous fat puffy suit carrying a snowboard.
000000200717,Qwen2.5-VL-3B,"A man in a blue shirt and black shorts is running on a grassy field, trying to catch a white frisbee that is flying towards him. There are several cars parked in the background, and a few people standing around. The scene appears to be an outdoor recreational area with tents set up.","A man in a blue shirt and black shorts is running on a grassy field, reaching out to catch a white frisbee. He has a headband and is wearing red shoes. In the background, there are several parked cars, a few people, and tents set up for an event. The scene appears to be outdoors during the day with clear skies.",Adult man on grassy field playing disc game. | A man is running in the grass playing with a Frisbee. | a man that is throwing a frizbe around | People playing Frisbee on a large grassy field in front of a parking lot. | A man holding a while frisbee while standing on a field.
000000481413,Qwen2.5-VL-3B,"A young boy is standing on the beach, holding a pink frisbee in his hand. He is wearing colorful swim trunks and appears to be looking out at the ocean. The sky is clear and blue, with some clouds visible in the distance. The waves are crashing onto the shore behind him.","A young child stands on the beach, holding a pink frisbee with a white design. The child is wearing colorful swim trunks and is barefoot. The ocean waves are crashing onto the shore behind them, and the sky is clear with a few scattered clouds.",A small child is holding a frisbee while looking at the beach.  | A toddler boy stands at the ocean's edge | A toddler is standing on the shore holding a Frisbee. | A very small boy on the beach with a disc. | Baby boy with Frisbee on beach near surf watching the waves. 
000000445569,Qwen2.5-VL-3B,"A large elephant is standing in the foreground, with its head and part of its body visible. The background features a grassy area with trees and a building structure.","The image is a black-and-white photograph of an elephant standing in a natural setting. The elephant is positioned on the right side of the frame, occupying most of the vertical space. Its large ears and wrinkled skin are visible. In the background, there is a hill covered with trees and shrubs, and a small structure that appears to be a building or shed. The ground is sandy, and there are a few small animals visible in the distance. The overall scene suggests a rural or semi-w",The elephant appears to have a lot of wrinkles. | A elephant that is standing in the dirt. | A large elephant is very close to the camera. | A large elephant standing in the middle of a field. | A large elephant standing up by some water.
000000159451,Qwen2.5-VL-3B,"A yellow dump truck is parked in front of a building with the words ""Stobart Rail"" on it.","The image shows a large yellow construction vehicle parked in front of a building with a corrugated metal roof. The vehicle has the word ""Stobart Rail"" written on its side. The vehicle is equipped with large tires and a cab for the operator. There is also a small plant growing near the vehicle.",a large dump truck on a dirt road | A yellow dump truck that is near a building. | A large construction dump truck parked by a warehouse | The big truck is waiting for its owner. | A large piece of equipment is parked next to a building.
000000079653,Qwen2.5-VL-3B,A green backpack with a white computer mouse inside it.,"A teal backpack with black zippers and straps is placed on a white surface. A white computer mouse with a black scroll wheel is resting inside the backpack, partially visible through the open zipper. The mouse has a USB cable attached to it.",A mouse is wrapped in its own cord and wrapped in a backpack. | A green backpack with a computer mouse poking out. | A large piece of green luggage sitting on the ground. | A computer mouse is hanging out of a book bag. | A trackball mouse in the pocket of a green backpack.
000000266951,Qwen2.5-VL-3B,"There is a tray with two hot dogs on it. The hot dog in the foreground has cheese and chili toppings, while the one in the background has onions and cheese.","The image shows two hot dogs on buns, each topped with different condiments. The top hot dog has a yellow sauce, possibly mustard, and white toppings that could be onions or cheese. The bottom hot dog is covered with shredded cheese and a red sauce, likely chili. Both hot dogs are placed on aluminum foil, which is on a red tray. The background includes a white paper towel.",Two hot dogs covered in chili and sour kraut. | A hot dog bun stuffed with alot of  sauce. | Two hot dogs in wrappers on a table. | Two hotdogs with chilli an onions on a tray. | Two hot dogs with toppings sit on foil wrappers.
000000485731,Qwen2.5-VL-3B,"The image shows a modern kitchen with white cabinetry, stainless steel appliances, and a tiled backsplash. There is a kitchen island with bar stools, and the countertops have various items on them, including fruits and vegetables. The kitchen has a clean and organized appearance.","The image depicts a modern kitchen with white cabinetry and stainless steel appliances. The kitchen features a large island with a countertop, two stools, and a microwave oven mounted above the counter. There is also a refrigerator and an oven in the background. The floor is made of light-colored wood, and the walls are tiled with white subway tiles. The overall design is clean and contemporary.","A small kitchen with a stove and counters. | A shot of a kitchen with an island, stools and stainless steel appliances. | A kitchen filled with appliances and stools next to food. | A bright kitchen with light cabinets, stove, microwave and refrigerator. | Modern kitchen with counter and cabinet and hardwood floors."
000000314865,Qwen2.5-VL-3B,"The image shows an empty room with a white refrigerator on the left side, a staircase leading to another level in the background, and a door on the right side. The floor is covered with a reddish-brown carpet or flooring material. There are some bags and items scattered around the room, suggesting that it might be under renovation or preparation for a new setup.","The image shows an empty room with a white refrigerator on the left side, a set of stairs leading to another level in the background, and a door on the right side. The floor is covered with a reddish-brown carpet, and there are several bags and items scattered around, including a blue bucket with red handles and a yellow tool box. The walls are plain and light-colored, and there is a window on the left wall with sunlight streaming through it.","A refrigerator that is in an otherwise empty room. | Empty room ready for paint and flooring to be updated. | A mostly empty room with paint cans and a refrigerator. | An empty room with a refrigerator, drop cloth, paint buckets and trays. | A house has a small staircase and a disconnected refrigerator. "
000000088094,Qwen2.5-VL-3B,"A steam train is traveling down the tracks, passing by a small village with houses and a car parked nearby. The train is emitting smoke as it moves along the tracks.","The image depicts a steam locomotive traveling on a set of tracks through a small village. The train is emitting steam, indicating it is in motion. The village consists of several stone buildings with chimneys, some of which have smoke coming out. There is a telephone pole on the right side of the image, and a car parked near the houses. The scene appears to be rural, with trees and greenery surrounding the area.",A steam train coming through town with houses in the back. | A train is seen passing by some houses | Smoke billows from the train travelling down the track. | a train being operated on a train track  | A steam engine chugs along pulling coal cars behind it past a rural township. 
000000220607,Qwen2.5-VL-3B,"The image depicts a busy conference room with several people seated at tables, working on laptops and engaged in discussions. The room is well-lit with overhead lighting, and there are multiple screens and projectors visible in the background. The atmosphere suggests a professional setting, possibly a tech conference or a corporate meeting.","The image depicts a busy conference room with several people seated at tables, working on laptops. The room is well-lit with overhead lighting and has a modern design. There are multiple tables set up for participants, each with a laptop, a notebook, and a bottle of water. Some participants are wearing headphones, suggesting they might be listening to audio content. The walls have large windows allowing natural light to enter, and there are screens displaying information in the background. The overall atmosphere appears focused and professional.",A conference room is packed with people sitting at their laptops. | Several business people sitting with laptops at a conference. | A meeting with people sitting at tables with laptops on.  | People sitting at desk in front of their laptops.  | Long tables filled with people using laptops 
000000292232,Qwen2.5-VL-3B,A black cat is sitting inside an open suitcase.,A black cat is sitting inside an open suitcase. The suitcase has a visible zipper and a handle. The cat appears to be looking out from the suitcase.,A cat that is in a piece of luggage. | A black cat laying inside of a black piece of luggage. | The cat is laying down in the suitcase.  | A black cat peering out of a suit case with a scared look. | a black cat lying in an empty suitcase peers out over the edge of the suitcase
000000210980,Qwen2.5-VL-3B,"An elephant is walking down a street with a man riding on its back, and there are people and vehicles in the background.","The image depicts an elephant walking down a street with a person riding on its back. The elephant is wearing a blanket and has a saddle. In the background, there are several people, vehicles, and trees lining the street. The scene appears to be in an urban area with some greenery.",A large elephant carrying a man down the street | a man riding an elephant down a street | A man rides an elephant down a crowded street. | A man riding an elephant down a street. | Large grey elephant carrying a man down a city street. 
000000187352,Qwen2.5-VL-3B,"A man in a yellow shirt and blue shorts is playing tennis on a court at night, reaching up to hit the ball with his racket.","A man in a yellow shirt and blue shorts is playing tennis on a court at night. He is reaching up with his right hand to hit the ball, which is located above him. The court has a green surface with white lines marking the boundaries. There are several tall lights illuminating the area, and a fence surrounds the court. In the background, there are buildings visible through the fence.",The young man tennis player is serving the ball. | a man is getting ready to serve a tennis ball | A man about to hit a tennis ball in the air. | A man gets ready to swing a tennis racket. | a man holding a tennis racquet on a tennis court.
