image_id,model,baseline_caption,grounded_caption,reference_captions
000000105156,LLaVA-1.5-7B,"The image features a horse-drawn carriage with a white horse and a red blanket on the back. The carriage is parked on a street, and there are several people around it, some of whom are standing close to the horse. The scene also includes a couple of umbrellas, one near the top left corner and another in the middle of the image.","The image features a horse-drawn carriage with a horse standing next to it. The carriage is parked on a street, and there are two people nearby, one closer to the left side of the carriage and the other further to the right. The horse is wearing a harness, and the carriage has a canopy above it. The scene also includes a bench located in the background.",A horse stands still attached to a passenger coach.  | A white horse is saddled to a cart that contains a sitting bench that is covered with a curtained tarp. | A horse is attached to a carriage that is decorated in pretty fabrics and colorful paint.  | a horse drawn carriage on a city street | A white horse hocked up to a covered cart.
000000022861,LLaVA-1.5-7B,"The image features a large pepperoni pizza with a variety of toppings, including pepperoni, cheese, and tomatoes. The pizza is placed in a black pan, and a spatula is used to serve the pizza. The pizza is cut into slices, making it easy to share and enjoy.","A pizza with pepperoni and cheese is served on a black plate. The pizza is sliced into pieces and placed on a black tray. A knife is present on the tray, likely used for cutting the pizza. The pizza is placed on a dining table, and another plate with pizza is visible in the background.","A fresh pepperoni pizza seems to have a couple of slices missing.  | A pizza is shown on a platter with a serving knife. | Hot, cheesy pizza is waiting to be eaten. | Thick crust pepperoni pizza in a pan with serving utensil on a table. | a pan pizza with pepperonis and a spatula"
000000258529,LLaVA-1.5-7B,"The image features a small wooden hut with a bench inside, surrounded by a lush green forest. The hut is situated in the middle of the scene, with a few trees nearby. The bench is positioned in the middle of the hut, providing a comfortable seating area. The overall atmosphere of the scene is serene and peaceful, with the hut serving as a cozy retreat in the midst of nature.","The image features a small wooden hut with a bench inside, surrounded by a lush green forest. The hut is situated in the middle of the scene, with a few trees nearby. The bench is positioned towards the left side of the hut, providing a comfortable seating area for visitors. The overall atmosphere of the scene is serene and peaceful, with the hut serving as a cozy retreat in the midst of nature.",A pathway leading to an outdoor open shed. | this is a small shed on a grassy lawn | Small lean-to with covered seating in a garden path. | The park has a stone rock trail leading to structures.  | A small building and a thin large tree.
000000229840,LLaVA-1.5-7B,"The image features a dog standing next to a horse in a fenced area. The dog is leaning its head over the fence to interact with the horse. The horse is positioned on the left side of the image, while the dog is on the right side. The scene captures a moment of curiosity and connection between the two animals.","A dog is standing next to a horse in a fenced area. The dog is sniffing the horse's nose, while the horse is looking at the dog. The scene is set in a grassy field, and the dog appears to be curious about the horse.",A dog touches noses with a horse through a fence. | A dog standing close to a metal fence. | A dog and a horse are getting to know each other. | A dog and a horse touching noses through a wire fence  | A horse and a dog are touches noses between a barbed wire fence.
000000209747,LLaVA-1.5-7B,"The image features a small kitten sitting in a bathroom sink. The kitten is looking at the camera, and there is a green sponge nearby. The sink is located next to a toilet, and a bottle can be seen in the background. The scene is likely set in a bathroom, with the kitten exploring the space.","A small kitten is sitting in a bathroom sink, looking at the camera. The sink is white, and there is a green sponge nearby. The kitten appears to be curious and is looking at the camera, possibly seeking attention or interaction.",A gray and white kitten sitting in a bathroom sink. | The tiny kitten looks sad sitting in the bathroom sink with a scrub brush on the rim. | A gray and white kitten in a white bathroom sink.  | A kitten sitting in a skin with a green brush with green bristles. | Kitten looking puzzled sitting in a bathroom sink
000000132210,LLaVA-1.5-7B,"The image features an old, rusty fire truck parked in a grassy field. The truck is white and has a red and yellow striped design. The truck is parked in a field, and there is a large fan on the back of the truck. The scene also includes a few trees in the background, adding to the natural setting.","The image features an old white truck with a red and white fire department logo on the side. The truck is parked in a grassy field, and it appears to be a vintage fire truck. The truck is the main focus of the scene, and it is surrounded by a lush green field.",An old fire truck with an old sign in the back of the truck bed. | The truck is hauling a sign used to promote business. | A red and white utility truck with a sign in the truck bed. | A truck is carrying a sign with an arrow on it. | A fire truck with a sign in its bed parked on the grass.
000000096459,LLaVA-1.5-7B,"The image features a large black duck swimming in a body of water, possibly a lake or a pond. The duck is the main focus of the scene, and it appears to be enjoying its time in the water. The water appears to be calm, providing a serene environment for the duck.","A duck is swimming in a body of water, surrounded by a few leaves. The duck is the main focus of the image, with its head and beak visible. The water appears to be calm, providing a serene environment for the duck.",A duck paddling through a shallow body of water. | A mallard duck wading on top of a lake. | A brown duck with a white tail floating in the water. | The duck floated on the water among the leaves and branches. | The duck is swimming in the glassy water.
000000513727,LLaVA-1.5-7B,"The image features a large hamburger on a plate, cut in half, with a knife placed on top of it. The hamburger is accompanied by a side of coleslaw. The dining table occupies the majority of the scene, with a person visible in the background. There are also two cups placed on the table, one near the top right corner and the other near the top left corner.","A large sandwich is cut in half and placed on a metal tray. The tray is sitting on a dining table. The sandwich is accompanied by a knife, which is also placed on the table. There are two cups on the table, one near the top left corner and the other near the top right corner.","Quarter of a giant burger served on a plastic plate | A family size hamburger to be cut into slices. | A huge hamburger with lettuce and tomato on a round plate. | a knife on a tray with a giant sandwich | A cheeseburger the size of a cake, with one slice missing shown on a separate plate."
000000081779,LLaVA-1.5-7B,"A person is holding a box filled with two large donuts. The donuts are covered in sugar and glaze, and they are placed on a table. The person's hand is visible, holding the box with the donuts.","A person is holding a box filled with two large donuts. The donuts are covered in sugar and glaze, and they are placed on a dining table. The person's hand is visible, holding the box with the donuts.",a person presents some big doughnuts in a box | A person is standing in front of a box of large doughnuts. | Box with two large doughnuts and someones hands beside them.  | Two hands displaying two very large glazed doughnuts | a box with some big doughnuts inside of it 
000000556462,LLaVA-1.5-7B,"The image features a person sitting at a dining table, enjoying a meal consisting of a sandwich and a side of french fries. The sandwich is placed on a plate, and the fries are spread out on the table. There are also a few chairs around the table, and a bottle can be seen on the table as well. The person is seated on the left side of the table, and a fork is visible on the right side of the table","A person is sitting at a dining table, enjoying a meal consisting of a sandwich and a side of french fries. The sandwich is placed on a white plate, and the fries are spread out on the table. There are two cups on the table, one near the person and the other further away. A fork is also visible on the table, likely used for eating the sandwich. The person is seated on a chair, which is positioned",Panini and fries are are on a lunch platter are served with dressings. | A sandwich with toothpicks and french fries are on a plate. | A grilled sandwich and french fries on a white plate. | Closeup of a table with a plate of food that includes a sandwich and fries. | This person ordered some sandwich melts with fries on the side.
000000397101,LLaVA-1.5-7B,"The image features a woman wearing a red shirt and a white cap, playing tennis on a court. She is in the middle of a serve, holding a tennis racket and reaching up with her arm. The scene captures her athletic stance and determination as she prepares to hit the ball.","A woman is playing tennis, holding a tennis racket and jumping up in the air to hit the ball. She is wearing a red shirt and a white cap. The scene takes place on a tennis court.",A young woman gets ready to serve the ball. | The woman is playing tennis with a racquet. | A tennis player lines her racket up to hit the ball. | A woman is holding a tennis racquet preparing to serve the ball. | A female tennis player swinging at a tennis ball.
000000029125,LLaVA-1.5-7B,"The image features a tall clock tower with a clock on each of its sides. The clocks are illuminated, making them stand out against the dark sky. The tower is made of stone and has a steeple-like structure. The clocks are positioned at various heights, adding to the tower's unique design.","The image features a tall clock tower with a clock on each of its sides. The clocks are illuminated, making them stand out against the dark sky. The tower is made of stone and has a steeple-like structure. The clocks are visible from different angles, providing a clear view of the time displayed on each clock.",A large clock tower illuminated by lights and topped with a pyramid.. | A well lit church steeple with a clock on it | An illuminated clock tower behind a tree against a dusky sky. | A large clock tower sitting in the shadows. | There is a tall clock tower lit by lights
000000027438,LLaVA-1.5-7B,"The image features two sheep grazing in a grassy field. One sheep is located on the left side of the field, while the other is on the right side. The sheep on the left are closer to the foreground, while the sheep on the right are further back in the field. The scene captures the peaceful and natural environment of the sheep as they enjoy their time in the grassy area.","The image features two sheep grazing in a grassy field. One sheep is standing in the foreground, while the other is positioned further back in the scene. The sheep are peacefully enjoying the lush green grass, creating a serene and pastoral atmosphere.",Two sheep one with a bell tied to its neck walking in a green field. | Two sheep stand near each other on the grassy pasture. | Two sheep walking in the grass on a sunny day.  | Two sheep that are grazing in a field. | Sheep in a meadow with bells around their necks
000000088412,LLaVA-1.5-7B,"The image captures a baseball game in progress. A batter is swinging a baseball bat, attempting to hit the ball. The catcher is positioned behind the batter, wearing a baseball glove, ready to catch the ball. 

There are several other people in the scene, including a player standing in the background, another player closer to the left side of the image, and a person on the right side. The scene also features a baseball glove and a baseball bat,","The image captures a baseball game in progress. A batter is swinging a baseball bat, attempting to hit the ball. The catcher is positioned behind the batter, wearing a baseball glove, ready to catch the ball. 

There are several other people in the scene, including a player standing in the background, and a few more players scattered around the field. A baseball glove can be seen in the hands of one of the players. The scene is lively,",A baseball player swinging a bat during a game. | Uniformed baseball players playing ball at home plate. | A baseball player is standing in front of a catcher preparing to hit a ball.  | A batter takes a swing at an oncoming baseball. | People playing baseball on a baseball field; a man batting.
000000205498,LLaVA-1.5-7B,"The image features a vase with a yellow flower sitting on a table. The table is surrounded by chairs, with one on the left side and another on the right side. The vase is placed in the center of the table, and the flower is positioned in the middle of the vase. The scene is set in a room with a window, allowing natural light to illuminate the space.","The image features a vase with a yellow flower placed on a dining table. The table is surrounded by chairs, with one on the left side and another on the right side. The dining table is located in a room with a window, providing natural light to the space.",A window above a wooden table with a vase containing a white flower. | A kitchen table with a vase and flower and window overlooking it. | vase with flowers make up the center piece of table in front of window | A vase with flowers in it on a table.  | round porthole window in dining room with flower vase
000000218388,LLaVA-1.5-7B,"The image features a stop sign with graffiti on it, located in front of a building. The stop sign is positioned on a pole, and there are several potted plants surrounding the area. The plants are placed in various positions, with some closer to the building and others further away. The scene also includes a bench situated near the stop sign, providing a place for people to sit and relax.","The image features a stop sign with graffiti on it, located in front of a building. The stop sign is positioned on the side of the road, and there are several potted plants placed around the area. The graffiti on the stop sign is visible, adding an element of vandalism to the scene.",A large red sign on a metal pole. | A stop sign sits on a road with graffiti.  | A Stop sign with some potted plants next to some buildings | The stop sign has words painted on it. | a stop sign sits in front of a building 
000000475856,LLaVA-1.5-7B,A man wearing a suit and tie is standing in a room. He is wearing a black suit and a red tie. The room has a doorway and a chair in the corner. The man appears to be posing for a picture.,"A man wearing a suit and tie is standing in a room. He is wearing a black suit and a red tie. The room has a doorway and a chair. There are also two handbags in the room, one near the doorway and the other closer to the man.",A very nicely dressed man standing by a door. | A MAN STANDING NEAR A BROWN DOOR POSING FOR A PICTURE. | A man in a suit poses with his chin up in front of the door. | A man in a suit and a tie is standing by a door. | Man poses for the camera in suit and tie.
000000567198,LLaVA-1.5-7B,"The image features two giraffes standing next to each other in a zoo setting. They are positioned near a stone wall, possibly in their enclosure. The giraffes are facing opposite directions, with one giraffe looking to the left and the other looking to the right. The scene captures the beauty and unique features of these majestic animals.","The image features two giraffes standing next to each other in a zoo enclosure. They are positioned near a stone wall, which serves as a backdrop for the scene. The giraffes are facing opposite directions, with one giraffe looking to the left and the other looking to the right.",Two giraffe standing on a dirt road next to a jungle | Group of giraffes leaning forward to eat out of a feeding area.  | Two giraffes investigating something inside of an enclosure. | Two giraffes are positioned on both sides of a much larger animal who is taking the lead. | Two giraffes foraging for food along the wall
000000024480,LLaVA-1.5-7B,"The image features a black and white cow standing in a grassy field. The cow is eating grass and appears to be enjoying its time in the field. The scene is set against a backdrop of a body of water, creating a serene and picturesque environment.","A black and white cow is standing in a grassy field, eating grass. The cow is wearing a yellow tag in its ear. The field is surrounded by bushes and a body of water can be seen in the background.",A black cow with horns standing on a field. | A black and white cow standing in the grass next to a body of water. | a close up of a cow in a field near a bush | A very mean looking steer grazing in a field. | A cow grazing in a field by a body of water.
000000528811,LLaVA-1.5-7B,"The image features a green and yellow train parked on the tracks. The train is positioned between two other trains, one on the left side and another on the right side. The train on the left is partially visible, while the train on the right is fully visible. The green and yellow train is the main focus of the scene.","The image features a green and yellow train parked on the tracks. The train has two doors, one on the left side and another on the right side. The train is positioned next to a white train, which is located on the left side of the image. The scene also includes a traffic light, which is situated near the left edge of the image.",a green train that is sitting on a train track | Two green trains stop in front of a warning guard. | a group of trains parked side by side next to a sidewalk | Some very big pretty bright colored trains parked. | two trains are parked side by side at the station
000000187187,LLaVA-1.5-7B,"The image features a man wearing a red shirt, sitting in front of two laptops placed on a table. He is using one of the laptops while the other one is open and unused. The man appears to be focused on his work or activity.

In the background, there are two people standing, one on the left side and the other on the right side of the image. Additionally, there are two TVs in the scene, one located on the left","A man is using two laptops, one on each side of a blue stand. The laptops are placed on the stand, and the man is typing on one of them. The scene appears to be set in a room with a painting in the background.","A person and a laptop in a room. | a guy checking out a laptop computer in a store | A man using a laptop at work  | A man using a laptop, while holding it. | A man standing in front of a laptop computer."
000000513381,LLaVA-1.5-7B,"A young boy is sitting at a dining table, smiling and holding a green cup. The table is set with a bowl, a fork, and a spoon. There are also a couple of bottles on the table, one near the boy and another further away. The scene appears to be a casual meal setting, with the boy enjoying his time.","A young boy is sitting at a dining table, smiling and holding a green cup. The table is surrounded by chairs, with one close to the boy and another further away. There are multiple bowls on the table, with one near the boy and another further away. A bottle is also present on the table, close to the boy. The scene appears to be a casual meal setting.","A little girl standing in front of a stack of items. | a child at a table sitting next to stacked items. | A child beside a stack of parmesan cheese containers and a sippy cup. | A young child claps his hands at the ""sculpture"" he made. | A little girl is all happy as she sits at the table with her cup sitting on the containers of cheese. "
000000394478,LLaVA-1.5-7B,"The image features a cat sitting on a wooden table next to a laptop. The laptop is placed on the table, and there is a smaller device, possibly a cell phone, located near the cat. The scene appears to be a cozy and relaxed environment, with the cat seemingly enjoying its time on the table.",A cat is sitting on a table next to a laptop and a cell phone. The laptop is open and displaying a blue screen. The cell phone is also placed on the table. The cat appears to be looking at the laptop screen.,a furry cat sits behind a child's laptop | A cat sitting behind a laptop on a desk. | A cat that is sitting on a table that has electronics on it. | A cat is posing next to a laptop computer. | a cat is standing near a tiny computer
000000207180,LLaVA-1.5-7B,"The image depicts a large, open, and brightly lit train station. The station is filled with people walking around, some of them carrying backpacks. There are several benches placed throughout the station, providing seating for the passengers.

A clock is visible on the wall, helping passengers keep track of time. The station appears to be a busy hub for travelers, with people engaged in various activities such as waiting for their trains, chatting with fellow passengers, or","The image depicts a large, open, and brightly lit building with a high ceiling. The building has a clock mounted on the wall, and there are several benches placed throughout the space. 

Numerous people are walking around the building, with some of them carrying handbags. The overall atmosphere of the scene is lively and bustling, as people move about and interact with each other.",A group of people walking around a train station. | an ornate bus station with a grand clock in it | A large long hallway with many doors to the sides and a large window at the end with a clock. | A terminal with benches and several people walking around | A very large building with the sun shining through the windows.
000000422755,LLaVA-1.5-7B,"A young woman is riding a horse on a dirt road. She is wearing a white shirt and is smiling as she enjoys the ride. The horse is positioned in the middle of the scene, and the woman is seated on its back. The dirt road stretches out in front of them, providing a scenic backdrop for their adventure.",A woman is riding a horse on a dirt road. The horse is wearing a bridle and has a saddle on its back. The woman is smiling and enjoying her ride.,A woman riding on the back of a brown horse. | a teenage girl rides a horse down a dirt road | A woman with a smile on her face riding a horse. | She loves riding her favorite horse as much as she can. | a girl in a white shirt sitting on a brown and black horse
000000555346,LLaVA-1.5-7B,"The image features a large fishing boat floating on a body of water. The boat is equipped with a crane and a winch, which are essential tools for fishing activities. There are several people on the boat, with one person standing near the front and others scattered throughout the vessel.

In the background, there are two smaller boats visible, one on the left side and the other on the right side of the main boat. The scene captures the essence of a day","The image features a large fishing boat floating on the water. The boat is equipped with a crane and a winch, which are essential tools for fishing activities. There are two people on the boat, one near the front and the other closer to the middle. A smaller boat can be seen in the background, possibly accompanying the larger fishing boat.",A tugboat in the water has two occupants.  | A tug boat floating on a large body of water. | Two men in rain gear pull ropes on a fishing boat. | A fishing boat sailing in the ocean with two men. | A small fishing boat with two people on deck
000000261757,LLaVA-1.5-7B,"The image features a delicious pizza with various toppings, including cheese and meat, sitting on a wooden cutting board. The pizza is placed on a dining table, surrounded by several bowls and a knife. The table occupies most of the scene, with the pizza being the main focus.","A pizza is placed on a wooden cutting board, ready to be sliced. The pizza is topped with cheese and meat, and it is sitting on a dining table. The table is surrounded by several plates, indicating that it is set for a meal.",a pizza on a wooden table ready to be cooked | A pie sitting on top of a wooden board near  stack of plates. | An oven fired traditional pizza sits on a board in the kitchen. | A pizza is sitting on a pizza stone fully cooked. | A whole uncut pizza on a pizza paddle.
000000006005,LLaVA-1.5-7B,"The image features a group of giraffes in a zoo enclosure. There are four giraffes in total, with one being a baby giraffe. The giraffes are standing close to each other, with some of them looking at the camera. The enclosure is surrounded by a fence, and there are a few people visible in the background, likely observing the giraffes.","The image features a group of giraffes in a zoo enclosure. There are four giraffes in total, with one being a baby giraffe. The giraffes are standing close to each other, with one giraffe being larger than the others. The enclosure has a fence and a bench, providing a comfortable environment for the giraffes and visitors.",a couple of giraffes that are walking around | A herd of giraffe standing on top of a dirt field. | Several smaller giraffes that are in an enclosure. | The giraffes are walking in different directions outside. | A giraffe standing next to three baby giraffes in a zoo exhibit.
000000150284,LLaVA-1.5-7B,"The image features a man wearing a helmet and riding a motorcycle. The motorcycle is parked in front of a store, and the man appears to be taking a break from riding. There are a few other people in the scene, one standing near the left edge of the image and another person further to the right. A car can be seen in the background, parked behind the motorcycle.","A man is standing next to a parked motorcycle, which is positioned in front of a store. The motorcycle has a helmet placed on the seat, and the man is wearing a helmet as well. The scene also includes a car parked nearby, and a person standing further away from the motorcycle.",A man stands beside his motorcycle in front of a store. | A red and black motorcycle with shiny chrome. | a close up of a motorcycle parked on a street | A motorcycle parked on the side of a road next to a man. | A man stand next to a motorcycle with a bag on the back.
000000397658,LLaVA-1.5-7B,"The image features a woman wearing glasses, a scarf, and a jacket, talking on her cell phone. She is standing on a sidewalk, surrounded by other people. There are at least five other individuals in the scene, some of them carrying handbags. The woman on the phone is the main focus of the image, as she engages in her conversation.","A woman is talking on her cell phone while standing on a sidewalk. She is wearing a black coat and a scarf. There are several other people in the scene, some of whom are carrying handbags. The woman is the main focus of the image, as she engages in a conversation on her phone.",A woman with glasses and holding a cell phone on the street | A woman is looking to the side while talking on her phone. | A woman talking on a cell phone while talking past people. | A woman walking down the street talking on a cell phone. | A woman in a scarf and sweater talks on her cell phone in a large city.
000000319607,LLaVA-1.5-7B,"The image depicts a busy city street with a red traffic light hanging above. There are multiple traffic lights in the scene, with one prominently visible in the foreground. A bicycle is parked on the sidewalk, and a person is riding a bike in the middle of the street.

Several cars are parked or driving along the street, and a bus is visible in the background. The street is bustling with activity, and","The scene features a street corner with a traffic light and a bicycle. The traffic light is red, and the bicycle is parked on the sidewalk. There are also two people in the scene, one standing closer to the traffic light and the other further away. A car is visible in the background, parked on the street.","A bent traffic light next to the side of a street. | A man is riding on bicycle alongside a new construction building. | A street light shows a yellow are point right. | A sign post with an electric traffic signal attached. | A traffic light on the intersection of a city, with a large building and a bicyclist in the background."
000000261426,LLaVA-1.5-7B,"The image features a delicious sandwich cut in half, placed on a dining table. The sandwich is filled with various ingredients, including lettuce, tomatoes, and chicken. The sandwich is accompanied by a side of fries, adding to the meal's appeal.

There are two people in the scene, one on the left side and the other on the right side of the table. A cup can be seen on the table, possibly containing a","A sandwich is cut in half and placed on a plate, with a side of fries. The sandwich is filled with meat and vegetables, and it is accompanied by a small bowl of ketchup. The dining table is set with a fork and a knife, and there is a person sitting at the table, likely enjoying the meal.",A black square plate topped with a cut in half chicken sandwich. | THERE IS A SANDWICH WITH MEAT AND LETTUCE | A sandwich sits on a plate on the table.  | Several sandwiches are on a black square plate. | A sandwich is sitting on a black plate.
000000146568,LLaVA-1.5-7B,"The image depicts a young child standing in a messy room, surrounded by toys and various items. The child is wearing a red shirt and appears to be enjoying the playful environment. The room is filled with toys, including a couple of teddy bears, a chair, and a TV. There are also several books scattered throughout the room, adding to the cluttered appearance.","A young boy is standing in a messy room, surrounded by toys and scattered items. The room features a couch, a chair, and a dining table. The boy is wearing a red shirt and appears to be enjoying the playful environment.",A little boy is standing near a lot of toys. | the young boy has played with all of his toys. | A toddler playing in a room with many toys all over the floor. | A small child stand amidst many primary-colored toys in front of a fireplace. | A young child is standing in a room with toys on the floor.
000000202445,LLaVA-1.5-7B,"The image features a cat lying on a bed, possibly in a hotel room. The cat is positioned near the center of the bed, with its head resting on a pillow. The bed appears to be messy, with blankets and sheets scattered around. The scene is captured in a black and white photo, giving it a vintage feel.","A cat is laying on a bed, which is covered with a white sheet. The cat is positioned near the center of the bed, and its head is resting on the sheet. The bed appears to be in a dimly lit room, creating a cozy atmosphere.","A cat facing away from the camera, among blankets on a bed. | A  cat sleeping on a blanket on someone's bed | A brown cat is curled up on some bed sheets. | A cat laying in bed on top of a blanket. | A cat is lying covered in bed with white sheets"
000000315976,LLaVA-1.5-7B,"The image features a red double-decker bus driving down a street. The bus is quite large, occupying a significant portion of the scene. There are several people visible in the image, with one person standing near the front of the bus and others scattered throughout the scene. A bicycle can also be seen parked on the side of the street.","A red double-decker bus is driving down a street, with a person walking nearby. The bus is passing by a tree, and there is a bicycle parked on the side of the road.",a red double decker bus is seen coming up the street | A red double bus is traveling down the road.  | A double decker bus is on a street. | A red double decker bus driving down a street. | A red double decker bus is riding down the road.  
000000096097,LLaVA-1.5-7B,"The image features a black cat sitting on a wooden chair. The cat is positioned in the middle of the chair, occupying a significant portion of the chair's surface. The chair is placed in a room, and there is a person visible in the background, standing near the right edge of the image.","A black cat is sitting on a wooden chair, looking at the camera. The chair is placed in a room with a dining table nearby.",there is a cat sitting on a wooden chair | A cat is sitting on the wooden chair.  | A small cat sitting down on a chair. | A cat is sitting on a chair looking up. | A black cat playing on top of a wooden chair.
000000087456,LLaVA-1.5-7B,"A cat is sitting on a table in front of a television, watching a bird fly on the screen. The cat appears to be intrigued by the bird's movements. The television is placed on the left side of the table, and the cat is positioned on the right side.","A cat is sitting on a table in front of a television, watching a bird fly on the screen. The cat appears to be intrigued by the bird's movements. The television is placed on the table, and there are several books scattered around the area.",A cat sitting next to a television watching a bird on the screen.  | A cat watching birds flying on a Sony TV screen. | a cat is looking at a television with birds on it | Cat sits staring at birds that are actually only on the tv screen | A cat drooling at a TV with an image of flying birds on display.
000000357402,LLaVA-1.5-7B,"The image captures a woman playing tennis on a court. She is in the middle of a swing, holding a tennis racket and preparing to hit the ball. The scene is filled with excitement as the woman is the main focus of the image.

There are several other people in the scene, some of them sitting on chairs, while others are standing or walking around. A few chairs are scattered throughout the area, providing seating options for the spectators. The presence of","The image captures a woman playing tennis on a court. She is in the middle of a swing, holding a tennis racket and preparing to hit the ball. There are several other people in the scene, some of whom are also holding tennis rackets. The audience is watching the game, and there are chairs placed around the court for spectators. The woman is wearing a white shirt and a blue skirt, and the tennis ball is visible in the air.",The woman has swung her tennis racket behind her back. | a woman holding her tennis racket behind her  | a woman is swinging a teniis racket at a game | A woman playing tennis at a tournament  | A woman swinging a tennis racket at a tennis match.
000000091304,LLaVA-1.5-7B,"The image features a cozy living room with a white couch and a wooden coffee table. The couch is adorned with a blue pillow, and there is a remote control placed on the table. The room also contains a few books, with one on the couch and another on the table. A vase can be seen on the table, adding a decorative touch to the space.","The image features a cozy living room with a white couch and a wooden coffee table. The couch is adorned with a blue pillow, and there is a remote control placed on the table. Above the couch, there is a picture hanging on the wall. The room is well-lit, creating a comfortable atmosphere.",A living room has a couch and a rustic chest for a coffee table. | A PHOTO OF A LIVING ROOM WITH COUCHES AND A TABLE  | The couch is tidy but empty of people. | A living room with a wooden crate coffee table | A white couch sitting in a living room next to a wooden table.
000000337275,LLaVA-1.5-7B,"In the image, a person is feeding a cat an apple slice. The cat is eagerly eating the apple, and the person is holding the apple slice in their hand. The scene takes place in a room, with a couch visible in the background.","A person is feeding a cat an apple slice. The cat is sitting on the person's lap, and the person is wearing a blue shirt. The cat is focused on eating the apple slice, and the person is holding the apple slice in their hand.",A man laying on a chair feeding a cat. | A cat in a mans lap investigating an apple. | A brown and white cat eating an apple from a persons hand. | A cat standing on someones lap sniffing an apple | a small black brown and white cat a person and an apple
000000323231,LLaVA-1.5-7B,"The image captures a group of people skiing on a snowy slope. There are at least five people in the scene, with some of them wearing backpacks. The skiers are scattered across the slope, with some closer to the foreground and others further in the background. The scene is lively, showcasing the enjoyment of winter sports.","The image captures a group of people skiing on a snowy slope. There are three main skiers, with one person wearing a red jacket. They are all wearing skis, and some of them are also holding ski poles. The skiers are scattered across the slope, with some closer to the foreground and others further in the background. The scene is lively and full of action, as the skiers enjoy their time on the snow-covered hill.",A pair of ski emergency responders transporting an injured skier. | Two skiers slide across a snowy landscape.  | Two men on skis are going down a snowy slope. | Two people on skis in a wooded snowy area. | Two skiers traveling on a snowy path in a forested area. 
000000568814,LLaVA-1.5-7B,A man with a beard and a green tie is looking at the camera. He is wearing a brown shirt and has a backpack on his back. The man is standing in a room with a yellow wall.,A man with a beard and a green tie is sitting in a room. He is wearing a brown shirt and has a backpack on his back. The room features a yellow wall and a mirror on the left side.,A man with a bear sitting with his arms crossed and his tie over his left shoulder. | A man with a beard in a tie sits with his arms crossed. | a man with a beard and a gray shirt and tie | A man with a tie is staring at something. | Man with beard folding arms with tie over shoulder.
000000248400,LLaVA-1.5-7B,"A man is standing in front of a pizza box, which has a message written on it. The pizza is placed inside the box, and the man is pointing at it. The scene takes place in a kitchen, with a sink visible in the background.","A man is standing in front of a pizza box, which is open and reveals a pizza inside. The pizza is placed on a dining table. The man is pointing at the pizza, possibly expressing excitement or surprise. The scene takes place in a kitchen, with a sink visible in the background.",A man opens pizza box and stares at the camera. | Man displaying open pizza box with message written on inside. | A man is pointing at a pizza box with a some words on the inner side. | A boy holding open and gesturing towards a pizza box kid with a message written on it. | a kid is showing a pizza with a joke written inside the box cover
000000039726,LLaVA-1.5-7B,"The image features a delicious pastry, possibly a cinnamon roll, sitting on a plate. The pastry is cut in half, revealing the soft, fluffy interior. The plate is placed on a dining table, and there is a cup nearby. The overall scene is inviting and appetizing.","A pastry, possibly a cinnamon roll, is cut in half and placed on a plate. The pastry is filled with cream, and it appears to be a dessert. The plate is on a dining table, and there is a cup nearby.",A danish dessert with frosting that is partially eaten | A close up of a round pastry topped with icing. | a delicious donut with white icing on it  | A frosted donut with a bite taken out. | a frosted donut with a bite out of it
000000432547,LLaVA-1.5-7B,"The image shows a man in a blue jacket, cutting a large sheet of wrapping paper with a pair of scissors. The man is focused on his task, and the room appears to be a workspace or a gathering area.

There are several other people in the room, some of them standing near the man, while others are scattered around the space. A dining table can be seen in the background, and a chair is placed nearby. Additionally, there are a few","The image shows a man in a blue jacket cutting a large sheet of wrapping paper. The man is focused on his task, and the paper is placed on a dining table. The table is surrounded by chairs, with one chair located on the left side and another on the right side. There are also two other people in the scene, one standing near the left edge and the other on the right side.",A man at a table rolling out wrapping paper. | A man unraveling paper on top of a table. | A man cuts wrapping paper on a cluttered table. | an image of a man using wrapping paper | Several people wrapping items with seasonal wrapping paper.
000000504977,LLaVA-1.5-7B,"The image features an elderly woman sitting on a wooden bench. She is wearing a dress and has a handbag placed beside her. The bench is located in a park, surrounded by grass and trees. The woman appears to be relaxing and enjoying her time in the park.","An elderly woman is sitting on a wooden bench, smoking a cigarette. She is wearing a dress and has a handbag placed beside her. The bench is located in a park setting, surrounded by grass and trees.",A lady sitting on a bench in a very open field. | older woman sitting and waiting on a park bench | The lady is sitting on the bench holding her handbag. | An old woman sitting at a bench with her purse. | a lady sitting on a park bench in a park
000000117899,LLaVA-1.5-7B,"The image showcases a large, well-lit kitchen with wooden cabinets and tile flooring. The kitchen features a dining table with chairs, a refrigerator, a microwave, and an oven. There is also a clock on the wall, and a vase can be seen on the table. The room is connected to a dining area, which includes a couch and a chair. The overall atmosphere of the kitchen is inviting and comfortable.","The image showcases a large, well-lit kitchen with wooden cabinets and tile flooring. The kitchen features a dining table with chairs, a refrigerator, a microwave, and an oven. There is also a clock on the wall, and a vase can be seen on the table. The kitchen is connected to a dining area, which includes a couch and a chair.",A kitchen filled with wooden cabinets and a table. | A KITCHEN WITH A TABLE AND A SINK IN IT  | This is an empty kitchen with wooden cabinets and a breakfast area. | A large kitchen with light wooden cabinets and plenty of light. | Kitchen with an island stove and a large grandfather clock in corner. 
000000356351,LLaVA-1.5-7B,"The image depicts a dirty bathroom with a toilet and a sink. The toilet is situated on the left side of the bathroom, while the sink is on the right side. The sink appears to be broken, and the overall condition of the bathroom is unclean and unappealing.","The image features a dirty bathroom with a toilet and a sink. The toilet is situated on the left side of the bathroom, while the sink is on the right side. The sink appears to be broken, adding to the overall unclean appearance of the bathroom.","This bathroom is so filthy it probably doesn't work anymore | this is a toilet with blue paint on it | a white toilet and sink in a bathroom  | The remains of a washroom lies in a neglected house | An old, dirty restroom is seen in this picture."
000000073773,LLaVA-1.5-7B,"A man is sitting on a wooden bench, reading a newspaper. He is wearing a black jacket and sunglasses. The bench is located in a plaza, and there is a backpack placed nearby.","A man is sitting on a wooden bench, reading a newspaper. The bench is located in a plaza, and there is a backpack placed nearby. The man appears to be enjoying his time, engrossed in the newspaper.",a guy that is sitting on a park bench with a news paper | A man sits on a park bench while reading the paper.  | A man sitting on top of a wooden bench. | A PICTURE OF A MAN READING THE NEWSPAPER ON A SIDEWALK  | A man sits alone reading a newspaper on a bench.
000000520232,LLaVA-1.5-7B,"The image captures a bird flying over the ocean at sunset. The bird is positioned in the middle of the scene, soaring above the water. The sunset casts a warm glow over the ocean, creating a serene atmosphere.

There are two traffic lights in the scene, one on the left side and the other on the right side. The traffic lights are positioned near the ocean, possibly indicating a nearby road or intersection.","The image captures a bird flying over the ocean at sunset. The bird is positioned in the middle of the scene, soaring above the water. The sunset creates a beautiful backdrop for the bird's flight. The scene also includes two traffic lights, one on the left side and the other on the right side of the image. The traffic lights are not the main focus of the image, but they add an interesting element to the overall composition.",A bird flying between to stop lights in the evening. | A sea gull flying over two traffic lights by the ocean. | The bird is flying above the red lights on the beach. | Two different red lights on poles on opposite sides of a street. | A couple of red traffic lights by a beach and a kite.
000000276149,LLaVA-1.5-7B,"The image depicts a snowy ski slope with a large group of people skiing and snowboarding. There are at least 14 people visible in the scene, some of them wearing skis and others with snowboards. The skiers and snowboarders are scattered across the slope, enjoying the winter sports.

There are several pairs of skis and snowboards visible in the scene, with some of them placed on the snow. The skis and snowboards","The image depicts a snowy ski slope with numerous people skiing and snowboarding. There are at least 13 people visible in the scene, some of them wearing skis and others with snowboards. The skiers and snowboarders are scattered across the slope, enjoying the winter sports.

There are several pairs of skis and snowboards in the scene, with at least 11 sets of skis and 6 snowboards. The skis",many people on a snowy slope riding skis and snowboards | many people and snowboards at the bottom of a snowy mountain | Skiers and Snowboarders on the bottom of a ski hill | A lot of people that are in the snow. | snowboards and snowboarders standing at the bottom of a run.
000000340278,LLaVA-1.5-7B,"The image captures a lively scene of a large crowd of people gathered on a street at night. Many individuals are standing and walking around, creating a bustling atmosphere. Some people are holding cell phones, possibly taking pictures or communicating with others.

In the crowd, there are several handbags visible, with one near the center of the scene and another towards the right side. The people are of various heights and positions, showcasing the diverse nature of the","The image captures a lively scene of a large crowd of people gathered on a street at night. Many individuals are standing and walking around, creating a bustling atmosphere. Some people are holding cell phones, possibly taking pictures or communicating with others.

There are several umbrellas scattered throughout the scene, possibly indicating a recent rainfall or providing shade for the attendees. The crowd is diverse, with people of different ages and genders, all",A man and woman are standing outside holding a cell phone. | A woman in a couple takes a picture of them while the man looks away.   | A woman taking a picture while a man looks away. | A man standing next to a woman in the street. | Two people taking a picture together next to a crowd of people.
000000543836,LLaVA-1.5-7B,"The image features a man lying in bed with two cats. One cat is located on the left side of the bed, while the other cat is on the right side. The man is resting his head on his hand, and the bed appears to be messy. The scene is cozy and comfortable, showcasing the bond between the man and his cats.","The image features a man lying in bed, surrounded by two cats. One cat is located on the left side of the bed, while the other cat is on the right side. The man appears to be sleeping or resting, with his arm stretched out. The bed occupies most of the scene, and the man's position is centered in the image.",a gray and black cat and a male sleeping and pillows | A man laying in bed with a gray cat laying on top of him. | A MAN ON HIS BED IS SLEEPING WITH HIS CAT | A picture of a black cat sitting on a young man.  | a man sleeping in bed with a cat lying on him.
000000181446,LLaVA-1.5-7B,"A man is standing in front of an open refrigerator, looking at the camera with a frown on his face. The refrigerator is filled with various food items, including multiple bottles, a cup, and a bowl. The man appears to be in a kitchen setting, possibly preparing a meal or organizing the refrigerator.","A man is standing in front of an open refrigerator, looking at the camera. The refrigerator is filled with various food items, including multiple bottles, a cup, and a bowl. The man appears to be in a kitchen setting, possibly preparing a meal or organizing the refrigerator.",A man scowling while looking in a refrigerator  | A black man holding open the door of a refrigerator.  | A man standing next to an open freezer door in a kitchen. | A black man holding a refrigerator door wide open. | The man is looking into a messy fridge.
000000064710,LLaVA-1.5-7B,"The image features a man and a dog walking together on a dirt path. The man is wearing a backpack, and the dog is carrying a backpack as well. They are surrounded by a beautiful landscape, with mountains in the background and a river nearby. The scene captures the essence of a hiking adventure, with the man and his canine companion enjoying the outdoors.","In the image, a man and a dog are walking together on a dirt path. The man is carrying a backpack, and the dog is wearing a backpack as well. They are walking near a river, with the river visible in the background. The scene appears to be a peaceful outdoor adventure.",a person and a dog are standing near some cliffs | A person walks with a backpack being followed by a dog. | A hiker and dogs are walking in a canyon. | A person walks along on a patch of sand near some rocks. | A person walking across a desert filled surrounded by mountains.
000000042204,LLaVA-1.5-7B,"The image depicts a bustling street scene with a group of people walking down the street. There are several umbrellas providing shade, and some of the people are carrying handbags. The street is lined with various shops, and the atmosphere is lively and vibrant.","The image depicts a bustling street scene with a crowd of people walking down the street. Many of the individuals are carrying handbags, and some are wearing ties. The street is lined with various shops and vendors, and there are numerous umbrellas providing shade and adding to the lively atmosphere. The people are engaged in different activities, such as walking, shopping, or socializing, creating a dynamic and vibrant environment.",Many people are walking along a crowded market place. | Many people are gathered to shop and eat. | A group of people walking through a street with many umbrellas. | many tents on the sides of buildings with people walking near | A OPEN MARKET PEOPLE ARE WALKING EVERY WHERE
000000214123,LLaVA-1.5-7B,"The image depicts a group of women gathered in a kitchen, enjoying each other's company. They are standing around a kitchen island, which has a bowl of food on it. There are several wine glasses placed on the island, and a few bottles can be seen as well. The women are engaged in conversation, creating a warm and friendly atmosphere.","The image depicts a group of women gathered in a kitchen, enjoying each other's company. They are standing around a kitchen island, which has a bowl of food on it. There are several wine glasses placed on the counter, and a few bottles are also visible. The women are engaged in conversation, creating a warm and friendly atmosphere.",Group of women socializing with alcohol in house | a couple of women sits around a counter top  | Four people standing around a kitchen bar drinking. | Adults enjoying each others company in residential kitchen. | a number of people standing in a kitchen near one another 
000000272566,LLaVA-1.5-7B,"The image features a man sitting on the ground next to a large pile of bananas. There are several other people in the scene, some of whom are also sitting on the ground. The bananas are spread out across the ground, with some in the foreground and others in the background. The scene appears to be a marketplace or a gathering where people are enjoying the fruit.","The image features a man sitting on the ground next to a large pile of bananas. There are several other people in the scene, including a woman and a child. The bananas are displayed in various locations, with some placed on the ground and others in baskets. The man appears to be smoking a cigarette while sitting near the bananas.",A man and young girl surrounded by various fruits. | A man and child sitting on a street with fruits in baskets. | two people siting on the ground near many different fruits | A man and young girl sit behind a display of fruits. | A couple of people sitting next to piles of fruit.
000000074711,LLaVA-1.5-7B,"The image features two ducks swimming in a body of water, possibly a lake. They are floating on the water, enjoying their time together. The ducks are positioned close to each other, creating a sense of companionship. The scene is serene and captures the beauty of nature.","The image features two ducks swimming in a body of water, possibly a lake. They are both floating on the water, with one duck slightly ahead of the other. The ducks are the main focus of the scene, and their presence adds a sense of tranquility to the image.",Two ducks floating together on a body of water.  | Two ducks are swimming in the green colored pond. | Two Canadian geese swim in a green pond. | Two ducks swim in a pond with green water. | Two swam swimming next to each other on a lake.
000000218494,LLaVA-1.5-7B,"The image features a laptop computer sitting on a wooden desk. The laptop is open and displaying a music program, likely iTunes. The desk also has a mouse placed near the laptop, and a cell phone is located on the left side of the desk. Additionally, there is a cup situated on the right side of the desk.","A laptop computer is open and sitting on a wooden desk. The laptop screen displays a music program, likely iTunes, with a playlist of songs. The desk also has a mouse and a cell phone placed nearby. Additionally, there is a cup and a book on the desk, suggesting a workspace or study area.",A laptop computer with a wireless mouse sitting on a desk | An open laptop computer sitting on a wooden desk. | a laptop sitting open on a desk in front of other stuff | A computer with itunes open is on a desk. | mac book on a desk with itunes open
000000094774,LLaVA-1.5-7B,"The image features a group of people, both men and women, sitting around a large wooden table. They are all dressed in business attire, with some of them wearing ties. The group appears to be posing for a photo, possibly for a company event or a team meeting. The table is surrounded by chairs, and the people are seated in various positions around the table.","The image features a group of people, including both men and women, sitting around a wooden dining table. They are all dressed in business attire, with some of them wearing ties. The group appears to be posing for a picture, possibly for a company event or a team photo. The table is surrounded by chairs, and there are a few cups placed on the table. The people are sitting in various positions, with some sitting closer to the front and others further back",Group of people in dress clothes sitting around a conference table.  | a number of people wearing suits around a table | Men and women are posing for a photo in a conference room. | A group of people sitting around a wooden table. | A bunch of people posing for a group photo in business attire. 
000000357542,LLaVA-1.5-7B,"In the image, a man is kneeling down in the snow, petting a dog. The dog is wearing a blue collar. The scene takes place in a snowy street, with a car parked nearby. The man and the dog are the main focus of the image, creating a heartwarming moment.","A man is kneeling down in the snow, holding a dog on a leash. The dog is wearing a blue collar. The man is wearing a black hat and a black jacket. The scene takes place in a snowy street, with a car parked nearby.",A man kneeling with his dog in the snow. | A man kneeling by its dog on the snowy ground. | A man pets his dog while squatting in deep snow. | A man and a dog sitting in a street covered in deep snow. | A man pets a dog while sitting in the snow.
000000261558,LLaVA-1.5-7B,"A man is standing in front of an open refrigerator, looking inside. The refrigerator is filled with various food items, including multiple bottles, a cup, and a bowl. The man appears to be searching for something specific or just browsing the contents of the refrigerator.","A man is standing in front of an open refrigerator, looking inside. The refrigerator is filled with various food items, including multiple bottles, a cup, and a bowl. The man appears to be searching for something to eat or drink.",A man peering into a refrigerator full of food. | A man is looking into a home refrigerator | A guy opens the refrigerator to look inside.  | A man is looking inside of a refrigerator. | Man with a black shirt on opening the door to a refrigerator. 
000000426795,LLaVA-1.5-7B,"A man is sitting at a table, eating a large piece of bread. He is wearing glasses and has a beard. The table is surrounded by chairs, and there are several books scattered around the room.","A man is sitting at a dining table, eating a large piece of bread. The table is surrounded by chairs, and there are several books scattered around the room. A bottle can be seen on the table, and a cup is placed nearby. The man appears to be enjoying his meal.",A man eating a giant piece of bread. | A guy is hold up a big pastry to is mouth.  | A person is eating a gigantic pastry next to a chair. | A young man with long hair taking a bite out of a full loaf of bread. | Man in a hotel room about to bite into a large pastry.
000000343455,LLaVA-1.5-7B,"The image features a delicious pizza with a variety of toppings, including meat and vegetables. The pizza is cut into slices and placed on a plate, which is resting on a dining table. The pizza appears to be a mix of different flavors and textures, making it an appetizing meal.","A slice of pizza is on a plate, with a few pieces of apple on top. The pizza has a crispy crust and is topped with meat and cheese. The apple pieces are scattered around the plate, adding a touch of freshness to the dish.",The featured dish contains several unusual fresh ingredients. | A close up of a plate with two slices of pizza. | A purple plate holding two slices of pizza. | A couple of slices of pizza on a purple plate. | A close up of a piece of pizza with bacon on a plate.
000000153072,LLaVA-1.5-7B,"The image features a kite festival with a variety of kites flying in the sky. There are at least 13 kites of different shapes and sizes, some of which are colorful and resemble birds. The kites are spread across the sky, with some flying higher and others closer to the ground. The scene is lively and full of excitement, showcasing the beauty of kites in the air.","The image features a kite festival with numerous kites flying in the sky. The kites come in various shapes and sizes, creating a vibrant and lively atmosphere. Some kites are positioned closer to the ground, while others are soaring higher in the sky. The scene is set against a backdrop of trees, adding to the natural beauty of the event.",Some very colorful and large kites being flown on a beach. | A group of large kites and balloon floats flying in the sky. | People are on the beach while several kites are flying. | Colorful kites flying over a beach on a sunny day | A crowd of people flying colorful intricate kites.
000000348379,LLaVA-1.5-7B,"The image shows a group of people gathered on a staircase, holding up signs that say ""Stop Foreclosures."" They are standing together, possibly participating in a protest or demonstration. There are at least 12 people visible in the scene, with some standing closer to the foreground and others further back. The signs are held up in various positions, with some held higher and others lower. The people appear to be united in their cause, advocating for change in the","A group of people is standing on a staircase, holding up signs that say ""Stop Foreclosures."" They are gathered together, possibly participating in a protest or demonstration. The people are wearing various clothing items, such as jackets and hats. Some of them are also wearing ties. The scene appears to be an outdoor gathering, with the staircase serving as a backdrop for the protest.","Group of protesters with red and white signs on concrete steps.  | A number of people standing around with signs. | A group of people standing on steps holding signs. | A protest to ""stand together and stop evictions."" | A man standing near a group of people with picket signs."
000000333845,LLaVA-1.5-7B,"The image features a basket filled with various fruits, including bananas, apples, and pears. The bananas are prominently displayed, with some of them placed on top of the basket. The apples and pears are also present, adding to the colorful and diverse assortment of fruits. The basket is placed on a table, creating an inviting and healthy display.","The image features a basket filled with various fruits, including bananas, apples, and pears. The bananas are prominently displayed, with some of them placed on top of the basket. The apples are scattered throughout the basket, while the pears are located towards the bottom. The arrangement of the fruits creates a visually appealing and colorful display.",A basket fill with different types of fruit. | There are bananas and other fruit that is inside if the basket | Pears and bananas are in a wooden bowl. | Some bananas and pears are in the basket | a basket of bananas and some apples on a table
000000196799,LLaVA-1.5-7B,"The image features a train on a track, with a bridge visible in the background. The train is positioned under the bridge, and it appears to be an old-fashioned train. The scene is set in a grassy area, giving it a vintage feel.","The image features a train on a track, with a bridge visible above it. The train is positioned in the middle of the scene, and there is a person standing near the train. The scene also includes a bench and a potted plant, adding to the overall atmosphere of the location.",A train engine parked under a passage way on some tracks. | a train that is parked on a track that is  under a overpass  | A train sitting on the track under a bridge  | A train that is going through a tunnel. | Locomotive parked under a brick bridge in a secluded spot.
000000250917,LLaVA-1.5-7B,"The image shows a man and a woman sitting together at a dining table in a restaurant. They are both looking at their cell phones, possibly checking messages or browsing the internet. The table is set with cups, a bowl, and a spoon, indicating that they might be having a meal together.

There are other people in the background, possibly enjoying their time at the restaurant as well. The scene is lively, with people engaged in various activities.","In the image, a man and a woman are sitting together at a dining table, both looking at their cell phones. The man is wearing a green shirt, and the woman is wearing a pink shirt. There are two cups on the table, one near the man and the other near the woman. The scene appears to be set in a restaurant, as there are multiple chairs and dining tables visible in the background.",There are two people sitting in a restaurant looking at cell phones. | A couple both looking at their cell phones while sitting in a booth at a cafe | An older man and woman sit in a restaurant booth using a cell phone. | a male and a female and their cellphones | Two people are sitting at a table at a restaurant.  The man in green is holding his cell phone and the woman in pink is holding hers.
000000066427,LLaVA-1.5-7B,"The image features a stop sign with a sticker on it, located in front of a house. The stop sign is positioned on a pole, and there are two street signs above it. The scene also includes a car parked nearby, and a potted plant situated close to the house. The overall atmosphere suggests a residential area with a focus on traffic safety.","The image features a stop sign with a sticker on it, located in front of a house. The stop sign is positioned under a street sign, which indicates the intersection of Virginia Street and 1300. The scene also includes a car parked nearby, and a potted plant placed in front of the house.",A road sign on top of a stop sign  | A stop sign at the corner of two streets. | Stop sign at the corner of Virginia Street. | A stop sign under a street sign on a corner. | Altered STOP sign with street signs attached to it. 
000000574015,LLaVA-1.5-7B,"The image features a train traveling down a track surrounded by lush greenery. The train is positioned in the middle of the scene, with the tracks running horizontally across the image. The surrounding vegetation includes trees and bushes, creating a serene and natural atmosphere.","The image features a train traveling down a track surrounded by trees. The train is positioned in the middle of the scene, with a few cars visible. The train is moving through a forest, creating a serene atmosphere.",A train traveling past a forest filled with green trees. | A train is coming around a bend in a wooded area. | Wooden train passing through a forested hilly area. | A long view of the side of a train as it snakes along a track. | A train passing by a heavily wooded area.
000000160828,LLaVA-1.5-7B,"The image features a woman wearing a blue bikini, skillfully riding a wave on a surfboard. She is the main focus of the scene, with her surfboard visible beneath her. The wave she is riding is relatively small, and the woman appears to be enjoying her time in the water.","A woman is surfing on a wave, wearing a blue bikini. She is skillfully riding the wave on her surfboard. The scene is set in the ocean, with the woman being the main focus of the image.",there is a woman that is riding a surf board in the water | Woman surfing small wave in open ocean area. | The woman in the bikini is surfing through a wave.  | A young woman is having fun surfing a small wave. | A woman is surfing on a wave on the ocean.
000000503148,LLaVA-1.5-7B,"A person is holding a large slice of pizza in their hand, with the pizza being almost as big as the person's hand. The pizza is placed on a table, and there are other slices of pizza scattered around the table. A bottle can be seen on the table as well.","A person is holding a large slice of pizza in their hand, with the pizza being the main focus of the image. The pizza is placed on a table, and the person is standing next to it. The scene also includes a bottle, possibly containing a condiment or beverage, located near the top right corner of the image.",This slice of pizza is rather large and ready to eat.  | A person holds their hand in front of a slice of pizza laying on tin foil. | Outstretched hand and large pizza sliced shown in comparison. | A palm-up hand in front of a giant slice of pizza. | A open palm hovers above a slice of pizza.  
000000229740,LLaVA-1.5-7B,"A cat is sitting on a bathroom counter, looking at the camera. The counter has a bowl of cat food and a bottle of water. The cat is looking at the camera with a blue bowl in the background.","A cat is sitting on a bathroom counter, looking at the camera. The counter has a bowl of cat food and a bottle of water. The cat is looking at the camera, and the bowl of cat food is placed next to it.",A yellow striped cat sitting on a bathroom sink. | A cat makes a face as it sits on a bathroom counter. | A cat is sitting on a bathroom sink near a water bottle. | A cat is sitting on top of a bathroom sink. | Close up of a cat sitting on countertop in a bathroom
000000153697,LLaVA-1.5-7B,"The image features a large, ornate clock with a wooden frame. The clock has a black face and is adorned with a gold design. The clock is positioned in a dark room, possibly a church, and is lit up by a light source. The clock's face is visible, displaying the time of 10:10.","The image features a large, ornate clock with a black face and gold numbers. The clock is positioned on a wall, and its hands are pointing to the numbers 10 and 11. The clock is surrounded by a decorative frame, adding to its elegance.",An ornate wood clock with carvings on the face. | A gold and brown clock shows 6:39 for the time. | This antique and ornate clock is displaying the time | This clock is only the face part of a grandfather clock  | A clock face where it is indicating it is almost six forty.
000000435185,LLaVA-1.5-7B,"The image features a dining table with a vase filled with flowers as the centerpiece. The vase is placed on a glass plate, which is surrounded by other glass plates. The table setting includes a bowl, a cup, and a spoon, all made of glass. The table is set for a meal, and the overall atmosphere is elegant and inviting.","The image features a dining table with a vase filled with flowers as the centerpiece. The vase is placed on a glass plate, which is surrounded by other glass plates. There are also two bowls on the table, one near the vase and the other further away. The table setting creates a pleasant and inviting atmosphere for a meal.",a collection of green tinted glass with some flowers in the vase | Four pieces of green glass kitchen ware on a counter. | A table with three glass bowls and a vase. | A table with flowers in a vase and three glass dishes. | There are three dishes and a vase with two roses on the table. 
000000357041,LLaVA-1.5-7B,"The image features a small blue bird perched on a thin tree branch. The bird is the main focus of the scene, and its vibrant blue color stands out against the tree's branches. The bird appears to be looking up, possibly observing its surroundings or searching for food.","A small blue bird is perched on a thin tree branch. The bird is sitting on the branch, possibly looking for food or resting. The scene is set in a forest, with the bird being the main focus of the image.","A lone, blue and orange bird sits on a bare tree. | The colorful bird is perched on the delicate branch. | A small blue, brown and white bird sitting on a branch. | A SMALL ORANGE AND BLUE BIRD HANGING ON A BRANCH  | A small blue bird sits in a leafless tree"
000000253770,LLaVA-1.5-7B,"The image features two men standing in a room, each holding a Wii remote. They appear to be engaged in a video game, possibly playing a game like Wii Sports. The room is filled with other people, some of whom are also holding Wii remotes. The atmosphere seems to be lively and fun, as everyone is enjoying the gaming experience.","In the image, two men are standing next to each other, both holding Wii controllers. They appear to be engaged in a video game, possibly playing a Pokemon game. The men are wearing glasses, and one of them is wearing a tie. The scene takes place in a room with a TV in the background.",Two young men holding Nintendo Wii controllers standing next to each other. | Two men wearing glasses are playing the video game wii. | Two men holding Wii controllers in a bar. | Two men hold video game remote controllers at a convention. | Two young men are playing a game on the Wii.
000000524962,LLaVA-1.5-7B,"The image features a man riding a skateboard while holding a surfboard. He is performing a trick in front of a crowd of people who are watching him. The spectators are spread out around the scene, with some standing closer to the man and others further away. The crowd appears to be enjoying the performance, and the man seems to be the center of attention.","The image features a man riding a skateboard while holding a surfboard. He is wearing a helmet for safety. The scene takes place in front of a crowd of people who are watching the man's performance. Some of the spectators are sitting on chairs, while others are standing. The onlookers are spread out across the scene, with some closer to the man and others further away.","Surfer is on rollerblades, holding a surf board. | A man holding a lie surfboard while riding a skateboard. | A man wearing roller skates, a helmet, and a surfboard holding a rope. | The surfer is being towed on his skateboard. | A person with a surfboard and skateboard on a street."
000000206433,LLaVA-1.5-7B,"The image features two men standing next to each other, both wearing ties. One man is wearing a red tie, while the other man is wearing a blue tie. They appear to be posing for a picture, possibly at a party or a social event. The men are also wearing hats, with one man wearing a black hat and the other man wearing a brown hat.","The image features two men standing next to each other, both wearing ties. One man is wearing a red tie, while the other man is wearing a blue tie. They appear to be posing for a picture, possibly at a party or a social event.",a close up of two people wearing ties  | Two men wearing ties pose for a picture | A couple of men standing next to each other. | A couple of men with ties and suits. | Two persons in formal dress posing for a photograph.
000000304389,LLaVA-1.5-7B,"The image features a bathroom with a blue countertop and a white window. The countertop has a blue box on it, and there are several bottles scattered around the area. A toilet can be seen in the background, and a potted plant is placed near the window. The bathroom also has a sink and a mirror, which adds to the overall ambiance of the space.","The image features a bathroom with a blue countertop and a white window. The window is open, allowing natural light to enter the room. There is a toilet located on the right side of the bathroom. 

In the bathroom, there are several bottles placed on the countertop, and a cup can be seen on the left side. A teddy bear is also present in the scene, adding a touch of playfulness to the otherwise functional space.","A bathroom depicting a vanity, window and a toilet. | There are items on this bathroom shelf and a window is above the shelf.  | Massage tools sit on the counter of the clean bathroom. | A dresser drawer that has toys on top of it. | A window in a house sitting over a counter top."
000000051258,LLaVA-1.5-7B,"The image captures a baseball game in progress. A batter is swinging a baseball bat, attempting to hit the ball. The catcher is positioned behind the batter, wearing a baseball glove, ready to catch the ball. The umpire is also present, closely observing the play. The scene is set on a baseball field, with the batter, catcher, and umpire all focused on the game.","The image captures a baseball game in progress. A batter is swinging a baseball bat, attempting to hit the ball. The catcher is positioned behind the batter, wearing a baseball glove, ready to catch the ball. The umpire is also present, closely observing the play. The scene is set on a baseball field, with the batter, catcher, and umpire all focused on the game.","A baseball player tossing a bat next to home plate. | The bat flies away from the batter at home plate.  | The batter threw the bat after he hit the ball. | a man is throwing a bat at a baseball game | A man playing baseball, swinging his bat at the plate"
000000215062,LLaVA-1.5-7B,"The image features a dining table with two plates of food, each containing a variety of vegetables. The vegetables include broccoli, potatoes, and carrots. There are also two cups on the table, one containing a beverage and the other possibly containing a sauce. A fork is placed on the table, ready to be used for enjoying the meal. The table is set for a pleasant dining experience.","The image features a dining table with two plates of food, each containing a variety of vegetables, including broccoli and carrots. The vegetables are arranged in different ways, creating a visually appealing meal. 

In addition to the vegetables, there are two cups on the table, one near the center and the other closer to the edge. A fork is also present on the table, placed near the edge. The overall scene suggests a health",Two white plates topped with food on a wooden table. | Lunch consists of bright green and yellow vegetables. | Prepared salads and bread sit on a table. | Plates of food with vegetables sitting on a wooden counter. | Two Two white plates of food with mixed vegetables and meat. 
000000029430,LLaVA-1.5-7B,"The image features a cell phone sitting on top of a pile of blue and black beads. The cell phone is positioned towards the left side of the pile, while the beads are scattered throughout the scene. The beads are of various sizes and are arranged in a somewhat random pattern. The overall scene gives off a sense of a casual, everyday setting.","A cell phone is sitting on top of a pile of blue and black beads. The cell phone is positioned in the middle of the pile, while the beads surround it. The beads are of various sizes and are scattered throughout the pile, creating a visually interesting scene.",a close up of a pot with a cell phone  | A cell phone in a bowl of blue beads.  | A cell phone is sitting in a bowl filled with blue things. | a cell phone laying in a bowl of beads | A cell phone sitting in a clay pot full of beads.
000000296745,LLaVA-1.5-7B,"The image features a large elephant standing in front of a group of people. The elephant is reaching out to touch a woman, who is smiling and holding out her hand. The people surrounding the elephant are of various heights and are standing at different distances from the elephant. Some are closer to the elephant, while others are further away. The scene appears to be a friendly encounter between the woman and the elephant.","The image features a large elephant standing in front of a group of people. The elephant is reaching out to touch a woman, who is holding her hand out. The people are gathered around the elephant, with some standing closer to the elephant and others further away. There are several handbags visible in the scene, with one near the woman and another closer to the elephant. The overall atmosphere appears to be friendly and engaging.",A very large elephant reaching its trunk out to a crowd. | An elephant greeting tourists at an old temple | there are many people looking at a elephant  | Elephant using its trunk to interact with tourists. | A group of people standing next to a elephant.
000000376939,LLaVA-1.5-7B,"The image features a young boy wearing a red shirt and black shorts, riding a surfboard in the ocean. He is surrounded by a few other people, including a man in a wetsuit who is standing nearby, possibly watching the boy surf. The scene is set on a beach, with the ocean waves surrounding the surfers.","The image features a young boy wearing a red shirt and black shorts, riding a surfboard in the ocean. Another person, possibly a man, is standing nearby, watching the boy surf. The boy is in the process of falling off the surfboard, adding excitement to the scene. The ocean waves are visible, creating a dynamic environment for the surfing activity.",a little boy in shallow water on a surf board | A boy is surfing while a man cheers him on. | A young boy who is surfing on a surfboard. | This is a man teaching a smaller child to surf. | A man is behind a young boy trying to ride a surfboard.
000000251736,LLaVA-1.5-7B,"The image features a large, colorful neon sign for a Pollo Burger restaurant. The sign is prominently displayed on the side of a building, likely a restaurant or a fast-food establishment. The sign is lit up, making it stand out against the backdrop of the building.","The image features a large, colorful neon sign for a Pollo Burger restaurant. The sign is prominently displayed on the side of a building. The restaurant is located at the corner of Cesar E. Chavez Ave and E. Ave. The sign is lit up, drawing attention to the establishment.",A sign on top of a restaurant next to a traffic light. | A variety of signs on a street corner. | A sign advertising an eatery in which people can eat burgers. | A street sign with a traffic light and store signs behind it | A display sign of a food joint and Cesar E Chavez Av
000000061520,LLaVA-1.5-7B,"The image features a large building with a prominent red and white sign. The building is located in a busy city, surrounded by other buildings. There are several people in the scene, with some standing close to the building and others scattered throughout the area. A bus can be seen in the background, adding to the bustling urban atmosphere.","The image features a large building with a prominent red and white sign. The building is situated in a busy city area, surrounded by other buildings. There are several people in the scene, with one person wearing a hat and another person wearing a backpack. A bus can be seen in the background, adding to the bustling urban atmosphere.","A street going through a city with tall buildings. | Shot of various traffic signs and traffic light in city area. | A street intersection in some Asian city somewhere in Asia. | street signs and a street light hanging on a metal pole above a street. | Large, tall buildings stand close together in an Asian city."
000000198204,LLaVA-1.5-7B,"The image features a room with a variety of old-fashioned appliances, including a stove, a refrigerator, and a microwave. The stove is positioned in the middle of the room, while the refrigerator is located on the right side. The microwave is placed on the left side of the room. The room appears to be a storage area or a place where these appliances are kept.","The image features a room with a variety of old appliances, including a refrigerator, a stove, and a microwave. The refrigerator is located on the left side of the room, while the stove is situated in the middle, and the microwave is placed on the right side. The room appears to be a storage area or a place where these appliances are being kept.",A row of ovens sitting inside of a warehouse. | Several ovens lined up together in a room. | A number of models and colors of stoves.  | A row of different kind of kitchen stoves with different styles and colors. | A warehouse lined with many different colored stoves.
000000534127,LLaVA-1.5-7B,"The image captures a man and a woman playing frisbee on a grassy hill. The man is in the process of throwing the frisbee, while the woman is running towards him. Both players are wearing backpacks, with the man's backpack being larger than the woman's. The frisbee is visible in the air, close to the man. The scene is set in a lush green field, providing a perfect environment for outdoor","In the image, a man is playing with a frisbee on a grassy hill. He is wearing a backpack and is in the process of throwing the frisbee. Another person is also present in the scene, standing nearby. The frisbee is in the air, and the man is reaching out to catch it. The scene appears to be a recreational activity in a natural setting.",A man in a field ducking from a frisbee | A man standing behind a white frisbee on a lush green field. | A group of people plays frisbee golf in a grassy field. | a man wearing a backpack looking at a frisbee in front of him  | an image of a group of people in the woods playing with frisbee
000000296014,LLaVA-1.5-7B,"The image shows a group of people riding in a green raft on a river. There are three people in the raft, with one person on the left side, another in the middle, and the third person on the right side. Each person is holding an oar, with one oar on the left side, another on the right side, and the third oar in the middle. The group appears to be enjoying their time together on the river.","The image shows a group of people riding in a green raft on a river. There are three people in the raft, with one person on the left side, another in the middle, and the third person on the right side. 

Two paddles are visible in the scene, one near the left side of the raft and the other closer to the right side. The people in the raft are wearing sunglasses, and there is a backpack",a couple of people on a boat on a river | A group of three riding on a raft while white water rafting.  | Three people on a raft going over a small waterfall. | A group of people on a boat in the water. | These three people are traveling down the river in a raft. 
000000199771,LLaVA-1.5-7B,"The image shows a group of people, likely chefs, gathered in a kitchen. They are wearing black hats and are engaged in conversation. The kitchen is well-equipped with various appliances, including an oven, a sink, and a refrigerator.

There are several cups and bowls placed around the kitchen, as well as a bottle and a clock on the wall. The chefs are standing near the counter, with some of them closer","The image depicts a group of people, likely chefs, gathered in a kitchen. They are wearing black hats and are engaged in conversation. The kitchen is well-equipped with various items such as a refrigerator, a sink, a microwave, and an oven. There are also multiple cups and bowls placed around the kitchen. The chefs are standing near the counter, possibly discussing their work or preparing a meal.",A group of people in chef outfits at a kitchen counter. | A group of people in chefs uniforms standing around a counter. | A woman teaches a class of aspiring chefs.  | People in a kitchen with cooking attire on | A group of people dressed in black preparing food.
000000469721,LLaVA-1.5-7B,"The image features a fire hydrant situated in a grassy area near a fence. The fire hydrant is located on the left side of the scene, while the fence is on the right side. The grassy area extends from the middle of the scene to the right edge. There is also a tree in the background, adding to the natural setting.","The image features a fire hydrant situated in a grassy area, with a wooden fence nearby. The fire hydrant is positioned close to the fence, and there is a tree in the background. The scene appears to be a peaceful, rural setting.",A fire hydrant in the grass behind a fence. | Black and white photograph of a fence next to a fire hydrant. | View of a tall fire hydrant behind the fence | A fire hydrant in grass is near a fence post. | A fire hydrant sitting next to a fence in a field.
000000371822,LLaVA-1.5-7B,"The image features a table filled with numerous pizza boxes, each containing a pizza. The pizzas are placed in various positions on the table, with some boxes open and others closed. The table is surrounded by potted plants, adding a touch of greenery to the scene. The pizzas are of different sizes and styles, creating a visually appealing display.","The image features a table filled with numerous pizza boxes, each containing a pizza. The pizzas are placed in various positions on the table, with some boxes open and others closed. The table is surrounded by potted plants, adding a touch of greenery to the scene. The pizzas are the main focus of the image, showcasing a variety of sizes and styles.",A table full of pizzas delivered by Dominoes. | A single open box of Domino's pizzas amongst a bunch of closed boxes. | Stacks of unopened pizza boxes and an open box of pizza | a table full of stacked up pizza boxes | Stacks of Dominos Pizza boxes with a pizza
000000432125,LLaVA-1.5-7B,"The image features a dining table with a cake on it, surrounded by various items. There are two wine glasses placed on the table, along with a cup and a bowl. A chair is positioned near the table, and a potted plant is located in the background.

In addition to the tableware, there are several books scattered around the room, with some placed on the floor and others on the table. A vase can also be seen on the table,","The image features a dining table with a cake on it, surrounded by chairs. There are two wine glasses on the table, and a cup is also present. A few books are scattered around the table, and a potted plant is located near the table. Additionally, there is a teddy bear sitting on the table, adding a playful touch to the scene.","A stuffed toy sitting at a dining table with a frosted cake and cups. | Doll sitting in chair at the table in front of two wine glasses | The table  in the apartment is set for two to have cake, and a doll is seated in one chair. | A doll sitting at a table with plates on it | a stuffed doll sits at a set table"
000000135029,LLaVA-1.5-7B,"The image features a dining table with a variety of food items and beverages. There are two plates, one containing a sandwich and the other with a croissant. A cup of coffee is placed on the table, along with a glass of orange juice. A bottle can be seen on the table as well.

In addition to the food and beverages, there are two cups, one near the center of the table and the other closer to the edge","The image features a dining table with a variety of food items and beverages. There are two plates, one containing a sandwich and the other with a pastry. A cup of coffee is placed on the table, along with a glass of orange juice. A spoon is also visible on the table, likely used for the coffee.

In addition to the food and beverages, there are two chairs positioned around the table, one on the left side","A table with a plates of food and drink arranged on top. | a close up of two plates of food with a drink | Two sets of pastry sitting on white plates next to a coffee cup.  | a glass of orange juice places next to a cup of coffee | Table set for breakfast with a breakfast sandwich, danish, juice and a coffee."
000000248793,LLaVA-1.5-7B,"The image features a clock tower with a clock on its side, located in the middle of a city. The clock tower is surrounded by buildings, and there are several birds flying around the area. The scene is captured from a low angle, giving a unique perspective of the clock tower and its surroundings.","The image features a clock tower with a clock on its side, located in the middle of a city. The clock is visible from multiple angles, including the top, middle, and bottom of the tower. The tower is situated between two buildings, one on the left and the other on the right.

In the sky above the clock tower, several birds can be seen flying, adding a lively atmosphere to the scene. The presence of these birds suggests that the area is a popular spot for","Birds fly overhead in a gloomy sky above buildings, a brick archway and an ornate clock. | People stand on a bridge with a clock tower on it. | A view of birds flying in the air near a clock tower. | a couple of buildings that have a bridge attached | This is a bridge that is connecting two buildings. "
000000132317,LLaVA-1.5-7B,"The image features a dragonfly perched on the screen of a laptop computer. The laptop is placed on a table, and the dragonfly is positioned in the center of the screen. The scene is set outdoors, with a potted plant nearby, adding a touch of nature to the setting.","A dragonfly is perched on the screen of a laptop computer. The laptop is placed on a table, and there is a potted plant nearby.",A bug sitting on the side of a laptop computer. | There is a large dragon fly on the corner of the laptop.  | A dragonfly has landed n the edge of a laptop | A blue dragon fly is perched on the corner of a lap top computer on a patio area. | The insect is flying around on the porch.
000000231508,LLaVA-1.5-7B,"The image captures a baseball game in progress, with a pitcher in the middle of throwing a pitch. The pitcher is wearing a baseball uniform and is in the process of releasing the ball. 

There are several people in the scene, including teammates and opponents, as well as a few spectators. Some of the people are standing, while others are sitting on chairs. A few cars are parked in the background, and a bench can","The image captures a baseball game in progress, with a pitcher in the middle of throwing a pitch. The pitcher is wearing a baseball glove and is in the process of releasing the ball. 

There are several people in the scene, including teammates and opponents, some of whom are sitting on chairs and benches. A few cars are parked nearby, and a truck can be seen in the background. The atmosphere is lively,",A baseball player pitching a baseball on a field. | A baseball pitcher who is in mid pitch. | The pitcher  on the mound has just let go of a baseball directed to the batter.  | A uniformed baseball player being watched by people. | A man in black jersey pitching in baseball game.
000000528951,LLaVA-1.5-7B,"The image features a parking lot with several cars parked in it. There are also a couple of trucks parked in the lot. The parking lot is located near a train station, as evidenced by the presence of a train in the background. The scene is bustling with activity, as people are walking around the area.","The image features a parking lot with several cars parked in it. A train is passing by, traveling down the tracks near the parking lot. The parking lot is situated next to a building, and there is a truck parked in the lot as well. The scene captures the interaction between the train and the parking lot, creating a dynamic and bustling atmosphere.",an image of an aerial view of cars in a parking lot | A parking lot filled with a few cars next to a train. | a parking lot next to a building with an SUV parked outside of it. | A nearly empty parking lot near a railroad station | cars parked in a parking lot with a sky background
000000507427,LLaVA-1.5-7B,"A man wearing a black wetsuit is smiling and sitting in the water. He is holding a surfboard, and the scene appears to be set on a beach. The man is the main focus of the image, and the water and beach surroundings create a relaxed and enjoyable atmosphere.","A man wearing a black wetsuit is sitting in the water, smiling and enjoying his time. He is holding a surfboard, which is placed horizontally in the water. The scene is set against a backdrop of a beach, with a mountain visible in the distance.",a man sitting on a surf board in the water | A smiling man in the water with a surf board. | A man in black wetsuit sitting on surfboard that is submerged. | Guy gives a thumbs up while sitting on his surfboard | A man giving a thumbs up while holding his surfboard
000000246782,LLaVA-1.5-7B,"The image captures a group of people playing a game of beach volleyball on a sandy beach. There are at least six people in the scene, with some of them actively participating in the game, while others are watching or waiting for their turn. The players are spread out across the beach, with some closer to the water and others further inland. The scene is lively and full of energy, as the players enjoy their time on the beach.","The image captures a group of people playing a game on a sandy beach. There are at least five people in the scene, with some of them running and others standing. The people are spread out across the beach, with some closer to the water and others further inland. The scene is lively and full of energy as the players engage in their game.",Multiple people playing with a soccer ball on the beach. | People are playing volleyball on the beach beside the ocean. | A group of boys playing soccer on the beach. | A group of people are playing soccer on a beach. | the men play soccer on the beach with no shoes
000000550995,LLaVA-1.5-7B,"The image features two men playing a video game together. One man is wearing a Santa Claus costume, while the other man is dressed in a blue jacket. Both men are holding Wii controllers, fully engaged in the game.

In the background, there are two chairs, one near the left side of the image and the other near the right side. Additionally, there is a handbag placed on the floor, close to the right side of the image.","Two men are playing a video game together, each holding a Wii remote. They are both wearing jackets, with one man wearing a Santa hat. The men are standing close to each other, enjoying their time together.",a man in a santa suit holding onto a wii mote next to another man holding a wiimote as well | two men holding game controllers in front of a laptop screen. | Two people play with wii remotes in front of a computer. | A man in a Christmas outfit is playing a video game. | A man dressed up like Santa Clause holding a Nintendo Wii controller.
000000402926,LLaVA-1.5-7B,"The image features a giraffe running across a dry, dusty field. The giraffe is the main focus of the scene, with its long neck and legs prominently visible. In the background, there are several birds scattered throughout the sky, adding a sense of liveliness to the scene. The overall atmosphere of the image is one of a vast, open space with a lone giraffe in motion.","The image features a giraffe running across a dry, brown field. The giraffe is in the middle of the scene, with its legs spread apart as it moves. In the background, there are two birds flying, one closer to the left side of the image and the other near the center. The birds appear to be flying in the same direction as the giraffe, adding a sense of motion and activity to the scene.",A giraffe running across a large dirt field. | THERE IS A GIRAFEE THAT IS RUNNING IN THE OPEN FIELD  | Giraffe running across land that is mostly dirt and kicking up dust. | A giraffe running in an open barren desert. | A giraffe running in the middle of a field. 
000000549932,LLaVA-1.5-7B,"The image shows a group of people standing outside a building, possibly a hotel or an airport. They are all wearing backpacks and have various pieces of luggage with them, including suitcases and handbags. The people are gathered around a trash can, possibly discussing their plans or waiting for transportation. The scene appears to be a busy and lively gathering of travelers.","The image features a group of people standing outside a building, possibly a hotel or an airport. They are all wearing backpacks, with some of them also carrying handbags. The people are engaged in conversation and waiting for their luggage.

There are several suitcases and backpacks scattered around the scene, with some of them placed on the ground. A few handbags can be seen as well, with one near the center of the scene and another closer",some people standing in front of a building with some suitcases  | A group of women who are standing by their luggage. | Several people with luggage stand around a small kiosk. | a group of people standing near many luggage bags  | A group of people standing with their luggage by the curb.
000000375409,LLaVA-1.5-7B,"The image features a large silver Amtrak train parked at a station. The train occupies a significant portion of the scene, stretching from the left to the right side. The train is positioned next to a building, and there is a bench located near the right edge of the image. The overall atmosphere suggests a busy transportation hub.","The image features a large silver Amtrak train parked at a station. The train occupies a significant portion of the scene, stretching from the left to the right side. The train is positioned next to a building, which could be a part of the station. The presence of a person in the scene suggests that the train is either arriving or departing, and they might be waiting for the train or just passing by.",A silver and blue Amtrak train sitting below tall buildings. | An Amtrak train engine at the station on a sunny day | An Amtrak train rolling down the tracks of a city. | Train at a train station on a clear day in a city. | A silver blue train parked in a train station.
000000340637,LLaVA-1.5-7B,"The image features a cell phone placed next to a pink knitted hat. The cell phone is positioned towards the right side of the scene, while the hat is located on the left side. The hat appears to be a small, cute accessory that complements the cell phone.","A pink knitted hat is placed next to a cell phone on a woven surface. The hat is positioned on the left side of the cell phone, which is located towards the right side of the image. The woven surface appears to be a carpet or a similar textured surface.",a pink hat and a cellphone on some weaved basket | A cell phone next to a knitted cell phone cover. | A small pink beanie hat next to a cell phone. | A pink winter hat sits next to a cellphone. | A cell phone sitting next to a pink ski hat.
000000206147,LLaVA-1.5-7B,"The image features a wooden cutting board with various food items on it. There are three bowls, one containing broccoli, another with cheese, and the third with a mix of vegetables. Additionally, there are two cups, one with butter and the other with oil. The cutting board is placed on a countertop, and a microwave can be seen in the background.","The image features a wooden dining table with a variety of food items and kitchenware. There are several bowls placed on the table, containing different types of food. A knife is also visible on the table, likely used for cutting or preparing the ingredients. Additionally, there is a cup and a bottle, possibly containing beverages or condiments. The scene suggests a meal preparation or a gathering where people can enjoy the food.","Various items used for cooking a recipe atop a clean table. | A picture of food ingredients on a table in individual bowls. | A wooden cutting board topped with cooking ingredients. | 

Several ingredients on a carving board in the kitchen. | A cutting board set with prepared ingredients on a kitchen counter."
000000131019,LLaVA-1.5-7B,"The image features a zebra and a hyena in a grassy field. The zebra is standing on the left side of the field, while the hyena is on the right side. The hyena is in the process of eating the zebra, with its mouth open and the zebra's body in its grasp. The scene captures the natural predator-prey relationship between these two animals.","The image features a zebra and a monkey in a grassy field. The zebra is standing on the left side of the monkey, which is hanging onto the zebra's back. The zebra is facing the right side of the image, while the monkey is hanging on its back. The scene captures a unique interaction between the two animals.",Two zebras and two monkeys walking on the grass.  | Two giraffes and another animal are on green grass. | A baboon and two zebras grazing on the savannah. | A baboon and its baby eat by two zebras in the grass | Monkey standing behind two zebras as they graze.
000000479727,LLaVA-1.5-7B,"The image features a street corner with a street sign and a traffic light. The street sign is decorated with a colorful design, and there is a traffic light on the side of the street. The scene also includes a few cars parked along the street, and a few people walking around. One person is standing near the traffic light, while others are scattered throughout the scene.","The image features a street corner with a street sign and a traffic light. The street sign is decorated with a colorful design, and there are several people walking around the area. Some of them are carrying handbags. The traffic light is positioned near the street sign, and a fire hydrant can be seen further down the street. The scene captures a typical urban environment with people going about their daily activities.",A semi busy street in a delightful neighborhood | A fire hydrant next to a street sign with a cactus on it. | A street sign near a fire hydrant on a sidewalk. | A piece of artwork is bolted below a traffic sign. | A street sign with graffiti on it next to a building.
000000464522,LLaVA-1.5-7B,"The image features a brown and white dog standing in a grassy field. The dog appears to be looking at something, possibly a person or another animal. The dog is wearing a chain, which is visible around its neck. The scene is set in a field with a mix of grass and dirt, creating a natural and open environment for the dog.","The image features a brown and white dog standing in a grassy field. The dog is wearing a chain, and it appears to be looking at something in the distance. The dog is positioned in the middle of the scene, with the grass surrounding it.",A brown and white dog standing next to another dog. | A dog with a collar standing on the grass | a little dog looking at another dog in the yard  | A small dog looking at a larger dog. | A small dog with a chain collar looking at another dog.
000000085562,LLaVA-1.5-7B,"The image features a large black bus parked on the side of a street. The bus is positioned close to a street sign, and it appears to be waiting for passengers. The bus is the main focus of the scene, occupying a significant portion of the image.","A large black bus is parked on the side of a street, near a pole. The bus is positioned close to the curb, and it appears to be waiting for passengers. The scene is captured in a daytime setting.",A blurry image of a dark colored bus at a bus stop. | a black bus pulled over on the side of the road | Black city bus pulling up to a street sign.  | Black bus parked on the side of the curb. | A bus pulls into a bus stop on the street.
000000043344,LLaVA-1.5-7B,"The image features a tennis court with several tennis players and their equipment. A man wearing a white shirt is sitting on a bench, holding a tennis racket. Another man is sitting next to him, also holding a tennis racket. There are multiple tennis rackets and sports balls scattered around the court.

In addition to the players, there are a few bottles and a cup placed on the court, likely containing water or other beverages for the players to stay hyd","The image features a tennis court with two men sitting on a bench. One man is wearing a white shirt, while the other is wearing a blue shirt. They are both holding tennis rackets, with one racket closer to the left side of the bench and the other racket closer to the right side.

There are several tennis balls scattered around the court, with some near the men and others further away. A backpack can be seen placed on the ground",Two tennis players are sitting on the bench. | Two tennis players sitting on a bench talking | A coach talking to a tennis player sitting on a bench during a tennis event. | A tennis player is seated on the bench  | A man sitting on a white bench atop a tennis court.
000000103585,LLaVA-1.5-7B,"The image depicts a bathroom with a white toilet situated next to a sink. The sink is accompanied by a mirror above it, and there are two vases placed on the counter. The bathroom also features a towel hanging on the wall. The overall design of the bathroom is clean and minimalistic.","The image features a bathroom with a white toilet situated next to a sink. The sink is accompanied by two mirrors, one above the other, which are placed above the sink. The bathroom also has a towel hanging on the wall. The overall color scheme of the bathroom is predominantly white, giving it a clean and bright appearance.","A bathroom with two sinks sitting under mirrors. | A picture of double sinks in a bathroom. | a bathroom with two sinks with a light on above them. | A toilet with two sinks and mirrors with lights on | A clean bathroom with mirrors, sinks, and a toilet."
000000144058,LLaVA-1.5-7B,"The image features a foggy harbor with several boats docked in the water. The boats are of various sizes and are scattered throughout the scene. Some boats are closer to the foreground, while others are further away, creating a sense of depth in the foggy atmosphere. The scene is serene and captures the essence of a foggy day at the harbor.","The image features a foggy harbor with several boats docked in the water. There are at least 12 boats visible, with some of them being larger and others smaller. The boats are scattered throughout the harbor, with some closer to the foreground and others further away. The overall atmosphere of the scene is serene and peaceful.","A view of the harbor with ships moored on a very foggy day. | Dock full of many parked boats with a duck. | Harbor scene on a foggy day with dozens of boats side by side. | A view of a harbor on a smoggy and hazy day, | a boating dock with boats surrounding it "
000000150576,LLaVA-1.5-7B,"The image features a giraffe walking in a grassy field, with a baby giraffe lying down nearby. The adult giraffe is positioned towards the right side of the image, while the baby giraffe is on the left side. The scene appears to be set in a zoo, as there is a fence visible in the background.","In the image, a giraffe is walking across a grassy field, while a baby giraffe is lying down nearby. The adult giraffe is positioned towards the right side of the image, while the baby giraffe is on the left side. The scene appears to be set in a zoo, as the giraffes are in an enclosed area.",A baby giraffe is lying down in an enclosed grassy area while a larger giraffe is walking around. | A pair of giraffes standing around in their enclosure.  | a giraffe walking in a grassy area inside a fenced area | An adult giraffe and a baby giraffe in an enclosed field. | Two giraffes one standing one sitting on green grass
000000397291,LLaVA-1.5-7B,"The image features a group of stuffed animals, including a teddy bear, sitting on a carpet. Among the toys, there is a duck and a tiger. A book is placed on the carpet, and the stuffed animals are gathered around it, creating a playful and cozy atmosphere.","The image features a carpet with a variety of toys and stuffed animals scattered across it. There are several teddy bears, including one large teddy bear and a smaller one. A duck is also present, along with a few other toys. A book is lying on the carpet, possibly a part of the toys' arrangement. The scene appears to be a playful and colorful display of toys and stuffed animals.",A brown teddy bear sitting on the ground next to a comic strip. | Tiny children's toys and a cartoon  sitting on a carpet. | There are several toys that are on the floor  | A cute little teddy bear near a bunch of toys. | There are a bunch of small toys on the floor together
000000561823,LLaVA-1.5-7B,"A person is holding a chocolate cake with strawberries on top, which is placed on a dining table. The cake is decorated with chocolate and strawberries, making it an appealing dessert. The person is likely preparing to serve the cake to others.","A person is holding a chocolate cake with strawberries on top. The cake is placed on a dining table, and there are multiple forks and cups scattered around the table. The person is wearing a red shirt.","A person is getting ready to cut a ""thank you"" cake. | A large chocolate and strawberry covered cake for Lori | A cake with chocolate frosting and strawberries on top. | A chocolate cake with strawberries and writing on top. | A chocolate cake with strawberries on top on a table."
000000058492,LLaVA-1.5-7B,"The image features a bird with a long beak, likely a pelican, standing on a dirt ground. The bird is spreading its wings, possibly preparing to fly. The scene is set in a dirt field, and the bird appears to be the main focus of the image.","The image features a bird with a long beak, likely a pelican, standing on a dirt ground. The bird is spreading its wings, possibly preparing to fly or take off. The scene is set in a dirt area, possibly near a water source.","A bird standing on top of a beach next to water. | A large stork spreads it's wings as it lands. | A crane with fully extended wings landing on a marshy ground. | Vulture swooping down toward the ground in landscape. | This bird has a long beak, long legs and a wide wingspan."
000000361400,LLaVA-1.5-7B,"The image captures a night scene with a green traffic light on a pole. The traffic light is located near a street with a bridge in the background. The scene also features a car driving on the road, and a few other cars can be seen in the distance. The overall atmosphere of the image is that of a busy nighttime city street.","The image features a green traffic light on a pole, with a street sign below it. The traffic light is lit up, and the street sign is positioned below it. The scene also includes a car driving down the street, with its headlights on. The car is located towards the right side of the image.",A traffic light is showing a green arrow. | A traffic light of some sort on a busy road of some sort. | a stop and go light displaying a green light | A traffic light on the side of the road. | A green traffic light sitting next to a traffic filled road.
000000358901,LLaVA-1.5-7B,"The image features a white garbage truck driving down a street. The truck is parked on the side of the road, and it appears to be a residential area. There are two people visible in the scene, one near the left side of the truck and the other closer to the right side. The street is lined with trees, giving the area a pleasant atmosphere.","A white garbage truck is driving down a street, passing by a house. The truck is parked in front of a house, and there is a stop sign nearby. The street appears to be a residential area, with a few trees and a bench visible in the scene.",A white truck driving down a curvy road near trees. | The garbage truck is turning the corner of an intersection. | A trash truck is turning a street corner.  | A white trash truck making a turn on a suburban street. | A heavy duty truck makes a right turn onto a residential street.
000000561437,LLaVA-1.5-7B,"The image captures a thrilling moment of a snowboarder performing a high jump in the air. The snowboarder is in the middle of the jump, with the snowboard clearly visible beneath him. The scene is set against a beautiful blue sky, adding to the excitement of the moment.","A man is performing a trick on a snowboard, flying through the air while riding the snowboard. The snowboard is visible in the image, and the man is wearing a white helmet. The scene is set against a blue sky, creating a vibrant and dynamic atmosphere.",A person in white shirt doing a trick on skis. | A skier performing a jump on a hillside. | A skier flying very high in the air. | a man doing a jump in the air on skis | A person flying through the air on skis.
000000440830,LLaVA-1.5-7B,"The image features a woman standing next to a luggage cart, which is filled with various pieces of luggage. She is smiling and appears to be in a good mood. There are several other people in the scene, some of whom are standing near the luggage cart, while others are scattered throughout the area.

In addition to the luggage, there are two handbags visible in the scene, one near the center and the other towards the right side","A woman is standing next to a suitcase, which is placed on the ground. She is smiling and appears to be in a good mood. There are several other people in the scene, some of whom are carrying handbags. Apart from the main suitcase, there are two more suitcases in the background, one of which is larger and the other smaller.",A young woman is grabbing a pile of luggage. | a young girl with a hat moves her luggage away from a hotel | A woman pushes several bags of luggage outside.  | Woman holding up a group of suitcases in public.  | A person with many suitcases on a street.
000000498641,LLaVA-1.5-7B,"The image features a black dog lying on a carpeted floor, possibly in a living room. The dog is positioned near a chair, which is located in the background. The dog appears to be relaxed and comfortable in its environment.","A black dog is laying on a carpeted floor, looking at the camera. The dog is positioned in front of a chair, which is located near the left side of the image. The carpet is brown, and the dog appears to be relaxed and comfortable in its environment.",A dog that is laying down on its side.  | A dog laying on a rug in a room. | The black dog is waiting patiently for his master. | A dog with a curious look lying on the floor of a den. | The black dog lies on the ground near an easy chair. 
000000235833,LLaVA-1.5-7B,"The image features a white toilet sitting on a rooftop, surrounded by a metal fence. The toilet is positioned in the middle of the scene, with the fence surrounding it on all sides. The rooftop setting and the presence of the fence create an unusual and intriguing scene.","A white toilet is sitting on a rooftop, overlooking a building. The toilet is positioned near the edge of the rooftop, and it appears to be an old model. The scene is set in the dark, with the toilet being the main focus of the image.",A toilet is shown against a wall with wires. | A lone tan toilet stands in a dirty room. | there is a beige toilet in the street | A beige toilet is shown in a weird setting. | A small toilet next to a brick wall.
000000521348,LLaVA-1.5-7B,"A black dog is standing next to a table with a cup of coffee on it. The dog appears to be looking at the cup, possibly waiting for a treat or a drink. The table is made of concrete, and the dog is positioned close to the edge of the table.","A black dog is standing next to a table with a cup of coffee on it. The dog appears to be looking at the cup, possibly waiting for a treat or a drink. The table is made of concrete, and the dog is wearing a collar.",A squinting dog on a brick patio sniffs a cup of coffee. | A dog is smelling a cup of coffee on the table. | There is a dog near a cup of coffee. | A coffee cup sits on a table as a dog tilts its head up toward it.  | A dog sniffs the air near a cup of coffee.
000000010591,LLaVA-1.5-7B,"The image captures a tennis match in progress, with a tennis player holding a racket and a young boy standing nearby. The tennis player is wearing a black shirt and white shorts, while the young boy is wearing a blue shirt. The scene is set on a tennis court, and there are several other people in the background, possibly spectators or other players.","The image captures a tennis match in progress, with a tennis player holding a racket and a young boy standing nearby. The tennis player is wearing a black shirt and white shorts, while the young boy is wearing a blue shirt. The scene is set on a tennis court, and there are several other people in the background, possibly spectators or other players.",A man standing on a tennis court next to a young boy. | a tennis player in a black shirt is wiping his face | Tennis player and kid standing on a pro tennis court. | A crowd is sitting and watching a tennis match. | a tennis player wiping his face off with a towel
000000108152,LLaVA-1.5-7B,"The image features two black horses with blinders on, standing next to each other. They are pulling a carriage, which has a red roof. A person is visible in the background, possibly the driver or a passenger. The scene appears to be set in a park, with a bench located in the foreground.","The image features a horse-drawn carriage with two horses, one on the left and the other on the right. The carriage is parked on a street, and there are two people visible in the scene, one near the left horse and the other near the right horse. The horses are wearing harnesses, and the carriage has a red color.",A couple of horses pulling a cart with a person. | Two horses are standing in front of a red tram where a person is sitting and looking to the side.  | a close up of two horses tethered to a carriage | two large dark brown carriage horses pulling a red truck | Two large brown horses pulling a red trolley behind them.
000000505576,LLaVA-1.5-7B,"The image features a crowd of people standing under a yellow umbrella. The umbrella is positioned in the center of the scene, providing shelter to the people below. There are several people in the crowd, with some standing closer to the umbrella and others further away. The scene appears to be a lively gathering, with the umbrella serving as a focal point.","The image features a crowd of people standing under a yellow umbrella. The umbrella is positioned in the center of the scene, providing shelter to the people below. There are several people in the crowd, with some standing closer to the umbrella and others further away. The scene appears to be a lively gathering, with the umbrella serving as a focal point.","A large group of people with umbrellas on a street. | A big bunch of pretty umbrellas and a crowd. | Many people are walking among large, open umbrellas. | A group of people and some taking cover with umbrellas | It's a rainy day on the street and people are using umbrellas."
000000250766,LLaVA-1.5-7B,"The image features a plate of food with a variety of vegetables and meat. The plate is filled with a mix of vegetables, including tomatoes, cucumbers, and lettuce. There are also several pieces of meat, such as chicken and mushrooms, scattered across the plate. 

A fork and a knife are placed on the plate, ready for use. The fork is positioned on the left side of the plate, while the knife is on","The image features a plate of food with a variety of vegetables and meat. The plate is placed on a dining table, and a fork is positioned on the left side of the plate. The food items include tomatoes, mushrooms, and a piece of chicken. The arrangement of the food items creates a visually appealing and appetizing meal.",Meat and a salad with knife and fork on a plate. | a close up of a pate of food with meat  | A plate topped with meat and a salad. | A plate with salad and a cut of meat and silverware laid on top. | A dinner plate with a colorful salad and grilled meat.
000000319487,LLaVA-1.5-7B,"A man is sitting on the ground next to a red motorcycle. He is wearing a black and red outfit, and his hands are on the motorcycle. The motorcycle has a red frame and a black tire. The man appears to be the owner of the motorcycle, possibly taking a break or preparing for a ride.","A man is sitting on the ground next to a red motorcycle. He is wearing a black helmet and red boots. The motorcycle has a red fender and a red tire. The man is holding the handlebars of the motorcycle, possibly preparing to ride or just taking a break.","A person sits on the road near their motorcycle. | motorcycle rider in black and red riding gear sitting next to bike | A person is in protective motorcycle gear sitting on the ground. | A man in full gear for riding motocross  | A person with a helmet, boots and jacket on sitting in the street next to a motorcycle. "
000000105432,LLaVA-1.5-7B,"The image features a large white ship with a red stripe on its side, floating on the water. The ship is surrounded by a flock of birds flying in the sky above it. There are at least 12 birds visible in the scene, scattered throughout the sky. The ship appears to be a cruise ship, and the birds seem to be enjoying the view from the deck.","The image features a large white boat with a red stripe on the side, floating on the water. Several birds can be seen flying around the boat, with some close to the top of the boat and others further away. The scene captures the beauty of nature as the birds interact with the boat in the open water.",A folk of birds flying over a military ship. | Several birds flying over a boat in the water. | A very large white boat flying under a flock of birds. | Birds flying over the top of a boat. | The top of a boat and some birds flying over it.
000000276528,LLaVA-1.5-7B,"The image features a bedroom with a bed that has a black comforter and a yellow and green quilt. The bed is situated next to a window, which allows sunlight to shine through, creating a warm and inviting atmosphere. A mirror is also present in the room, adding to the overall decor.","The image features a bed with a black comforter and a yellow and black quilt. The bed is situated in a room with a window, and there is a mirror on the wall above the bed. The room is well-lit, and a few pillows can be seen on the bed.",A bed sitting in a room next to a window. | A bedroom with a bedspread and a window. | Light shines through the window by the bed.  | A bed has a black bedspread on it and pillow. | an image of a clean bedroom taken during the day
000000408873,LLaVA-1.5-7B,"The image features a group of elephants in a zoo enclosure. There are three elephants in total, with one standing near the left side of the enclosure, another in the middle, and the third one on the right side. The elephants are standing close to each other, creating a sense of unity and companionship.","The image features a group of elephants in a zoo enclosure. There are three elephants in total, with one standing near the left side of the enclosure, another in the middle, and the third on the right side. The elephants are standing close to a stone wall, which serves as a boundary within the enclosure. The scene captures the elephants interacting with each other and their surroundings.",Three elephants are walking near rocks and boulders in the habitat.  | A group of elephants in an enclosure on a sunny day. | elephants in a habitat enclosure at the zoo | Rippavilla fence walking around in enclosure together.  | A bunch of elephants are gathered around in the outdoors near some rocks.
000000148739,LLaVA-1.5-7B,"A woman is surfing on a wave in the ocean. She is wearing a black wetsuit and riding a surfboard. The wave is large and powerful, providing an exciting ride for the surfer.","A person is surfing on a wave in the ocean. The surfer is wearing a wetsuit and riding a surfboard. The wave is large and white, providing an exciting ride for the surfer.",A person in a wet suit on a surfboard | A person in a wetsuit riding a wave on a surfboard. | Woman in black body suit surfing on a small wave. | The person in the bodysuit is surfing a wave. | a person riding a surf board on a wave
000000427091,LLaVA-1.5-7B,"The image depicts a busy city street filled with traffic. There are multiple cars, including a yellow taxi cab, and a bus occupying the road. The taxi is driving down the street, and there are several other cars in various positions.

Numerous people can be seen walking along the sidewalk, with some of them carrying handbags. The scene is bustling with activity, showcasing the typical hustle and bustle of a city","The image depicts a busy city street filled with traffic. There are multiple cars, including a yellow taxi, and a bus occupying the road. A man is standing on the sidewalk, possibly waiting to cross the street. The scene is bustling with activity, as people are walking and interacting with their surroundings.",City traffic and pedestrians are headed in multiple directions on the street. | A city street busy with many cars driving as well as pedestrians | People in a city cross in front of traffic.  | Traffic in New York City during the day.  | Cars stopped on a busy street while pedestrians cross.
000000002923,LLaVA-1.5-7B,"The image features a lush green field with several birds scattered throughout the area. Some of the birds are standing, while others are flying. The field is situated near a body of water, where a boat is docked. The scene also includes a few cars parked nearby, adding to the overall atmosphere of the location.","The image features a marshy area with a group of birds standing in the grass. There are at least five birds visible in the scene, with some closer to the foreground and others further back. The birds are scattered throughout the marsh, creating a lively atmosphere.",A marsh area with egrets and shrimp boats | An overcast day at dock with sea birds resting in the nearby marsh.  | A couple of birds that are walking in a field. | ships in the distance behind a grassy marsh with egrets | Several ships in the distance behind a grassy marsh with egrets | A couple of birds walk through a field of tall grass near a sail boat harbor.
000000247477,LLaVA-1.5-7B,"A woman is lying on a brown leather couch in a living room. She is wearing a black dress and has her head resting on her hand. The room features a wooden wall and a clock on the wall. There are several books scattered around the room, and a pair of shoes can be seen on the floor.","A woman is lying on a brown leather couch in a living room. She is wearing a black dress and has her head on the couch. The room features a wooden wall and a clock on the wall. There are several books scattered around the room, with some on the couch and others on the floor. A pair of shoes can be seen on the floor near the couch.",Person lying on brown leather couch in sparsely fille room. | The woman is laying down sleeping on the couch.  | A woman lying down on a couch with newspapers near her feet. | a person laying down on a brown coach | A girl asleep on a couch in a wood paneled room
000000471179,LLaVA-1.5-7B,"The image features a herd of black cows standing in a grassy field. There are a total of nine cows in the scene, with some of them standing closer to the fence, while others are scattered throughout the field. The cows are of various sizes, indicating a mix of ages and stages of development. The scene captures the essence of a peaceful, rural setting where the cows can graze and roam freely.","The image features a herd of black cows standing in a grassy field. There are a total of nine cows in the scene, with some of them standing closer to the fence while others are further away. The cows are positioned in various orientations, creating a sense of depth and movement in the scene.",A herd of black cattle standing next to each other. | A group of cows behind a metal wire fence. | A herd of black cows all standing together at the fence.  | several cows with ear tags standing in front of a fence | A herd of cattle standing by a fence in a field.
000000168031,LLaVA-1.5-7B,"The image features two cats, one brown and white and the other orange and white, playing together on a carpeted floor. The brown and white cat is eating grass, while the orange and white cat is looking on. The cats are positioned close to each other, creating a lively and engaging scene.","The image features two cats in a room, one of which is eating grass. The cats are standing on a carpeted floor, with one cat positioned closer to the left side of the room and the other cat on the right side. The room also contains a chair and a refrigerator, which can be seen in the background.",A ca teating green stuff off the floor | A cat eating some grass as another looks on intently. | Two grey and white cats in a kitchen area. | two multi colored cats playing with a leaf on the floor. | Two young cats eat catnip off of the carpet.
000000477974,LLaVA-1.5-7B,"The image features a stop sign with a metal bar attached to it, located on a street corner. Two people are walking past the stop sign, with one person closer to the left side of the sign and the other person on the right side. The scene appears to be set in a foreign country, as indicated by the presence of a traffic light in the background.","The image features a stop sign with a metal bar attached to it, located on a street corner. Two people are walking past the stop sign, with one person closer to the left side of the sign and the other person on the right side. The scene appears to be set in a foreign country, as suggested by the presence of a foreign language on the stop sign.","2 people take a stroll, as a stop sign looms in the foreground. | A stop sign in front of some people on the street. | a close up of a street sign with people walking near by | The stop sign is displayed for all to see.  | A red stop sign sitting on the side of a road."
000000100138,LLaVA-1.5-7B,"The image features a black motorcycle parked on a street. The motorcycle is prominently displayed, occupying a significant portion of the scene. The motorcycle is positioned in front of a bush, and there is a stop sign visible in the background. The scene appears to be set in a residential area, with the motorcycle being the main focus of the image.","A black motorcycle is parked on a street, with its front wheel raised. The motorcycle is positioned in front of a bush, and there is a stop sign nearby. The motorcycle has a side mirror and a windshield, and the front wheel is raised, possibly for maintenance or inspection.",A black motorcycle parked in front of trees. | A black motorcycle in front of some shrubs.  | A motorcycle with no rider is parked by the grass. | The black motorcycle is parked on the asphalt.  | A black motorcycle sitting on the pavement in front of a bush. 
000000281028,LLaVA-1.5-7B,"The image shows a train car with a blue and white color scheme. The train is parked at a station, and there are several chairs inside the train car. Some chairs are located near the windows, while others are placed further back in the car. The train appears to be a passenger train, providing a comfortable environment for its passengers.","The image features a train with a blue and white color scheme. The train is parked at a station, and there are several chairs visible in the scene. Some chairs are located near the train, while others are placed further away. The chairs are arranged in various positions, indicating a busy station.",A train filled with lots of sets next to windows. | A picture through a train window of another train. | A scene shows the inside of a bus with seats. | The train car is stopped and it is empty.  | An empty train is sitting in a train station.
000000477955,LLaVA-1.5-7B,"The image features a person standing on a surfboard in the ocean, flying a kite. The kite is soaring high in the sky, and the person is enjoying the activity. There are several other people in the scene, some of them are also flying kites. The ocean is filled with various boats, including a few sailboats, adding to the lively atmosphere.","A person is standing on a beach, holding a kite and preparing to fly it. The kite is soaring high in the sky, and there are several other kites in the background, indicating a popular kite-flying spot. The person is wearing a wetsuit, suggesting that they might be engaging in water activities as well.","a para sailor launching his sail at the beach. | A female kite surfer hoping a kite and a surfboard. | A person who is standing on the beach and flying a kite. | A man is standing on the beach with a surfboard, flying a kite. | A woman flying a kite over a sandy beach."
000000573928,LLaVA-1.5-7B,"The image features a group of cows standing in a grassy field. There are at least nine cows visible in the scene, with some of them standing close to each other. The cows are of various sizes and are scattered throughout the field. The scene captures the essence of a peaceful, rural setting where the cows can graze and interact with one another.","The image features a group of cows in a grassy field. There are at least nine cows visible, with some standing close to each other and others spread out across the field. The cows are of various sizes and colors, creating a diverse and lively scene.",A couple of cows standing on a field next to each other. | Cows eating grass in the outdoors with each other. | A brown cow and a white cow standing together away from the other cows. | Cows standing nose to nose in a field of grass | A brown cow and a white car are in a pasture.
000000187235,LLaVA-1.5-7B,"The image features a small boat floating on a large body of water, possibly a lake. The boat is situated near the center of the scene, and it appears to be the only boat in the water. The water is calm, and the boat is the main focus of the image.","The image features a small boat floating on a large body of water. The boat is situated near the center of the scene. In the background, there are two sailboats, one closer to the left side and the other towards the right side of the image. The scene also includes a person standing near the left side of the boat, possibly enjoying the view or preparing to board the boat.",A small boat unattended in a bay near a sailboat. | a small boat sitting in the lake with a sail boat in the background | an unmanned boat floating in a blue lake | A boat with no one in it is on the water. | A boat in the water off the shore with a sailboat in the distance 
000000351823,LLaVA-1.5-7B,"The image features a young man wearing a blue and red shirt, standing on a tennis court. He is holding a tennis racket, ready to play. The tennis court is surrounded by a chain-link fence, and there is a bench located near the fence. The scene captures the excitement and anticipation of a tennis match.","A young man wearing a blue and red shirt is holding a tennis racket, preparing to play tennis. He is standing on a tennis court, and there is a fence nearby. The scene is captured in a black and white photo.",A man holding a tennis racquet on a tennis court. | A man holds a tennis racket on a tennis court. | A man standing with a racket on a court. | A man taking a swing at a tennis ball | a tennis player standing and looking across the court 
000000152012,LLaVA-1.5-7B,"The image captures a group of young men playing soccer on a grassy field. There are at least five players actively participating in the game. The soccer ball is located in the middle of the field, with one player about to kick it.

Several cars are parked around the field, with some closer to the foreground and others further away. A bench can be seen near the edge of the field, possibly for spectators or players to rest on","The image captures a group of young men playing soccer on a grassy field. There are several players actively participating in the game, with one player in the center of the field holding a soccer ball. 

In the background, there are multiple cars parked, possibly belonging to the players or spectators. The cars are scattered around the field, with some closer to the foreground and others further in the background.",A group of boys play a game of soccer outside.  | a group of people playing a game of soccer  | A group of players kicking a ball on a soccer field.  | A group of youth soccer players playing a game. | A team of soccer players playing a game on a field.
000000507879,LLaVA-1.5-7B,"The image features a white toilet with a dirty seat and a broken handle. The toilet is situated in a dark room, and there is a small trash can next to it. The toilet appears to be in a state of disrepair, and the broken handle suggests that it may not be functional.","The image features a white toilet with a dirty seat and a broken lid. The toilet is situated in a bathroom with a tiled floor. There is a small trash can placed next to the toilet, and a bowl can be seen on the floor. The overall scene appears to be in a state of disrepair.",A dark picture of a toilet with a small roll of toilet paper on the back of the tank. | A toilet that appears to be dirty and out of toilet paper. | A red light is glaring over the toilet.  | This bathroom has a red light on and its toilet lid is up. | Top down view of a toilet with a scrubbing brush holder.
000000499618,LLaVA-1.5-7B,"The image features a city street with a large white truck parked on the side of the road. The truck has a cage in the back, possibly for transporting animals. There are several people walking on the sidewalk, with some carrying backpacks.

In the scene, there are two traffic lights, one near the center and the other closer to the right side. A fire hydrant can be seen on the sidewalk, and a stop sign is visible further down","The image features a city street with a large white truck parked on the side of the road. The truck has a cage in the back, possibly for transporting animals. There are several people walking on the sidewalk, with one person carrying a backpack. A traffic light is visible in the background, and a fire hydrant can be seen nearby. The scene captures the hustle and bustle of city life.",People walking on the street next to a truck with caged animals in it.  | There are people walking down the sidewalk next to the street. | A couple people are walking on the sidewalk with a truck parked nearby. | A truck parked on the side of a road near tall buildings. | some animals in a cage in the back of a truck
000000000569,LLaVA-1.5-7B,"A woman is standing on a sidewalk, flying a kite. The kite is soaring in the sky, and the woman is enjoying the activity. The scene is set in a park with a variety of flowers in potted plants, adding a vibrant touch to the environment.","A woman is flying a kite in a park. The kite is in the air, and the woman is standing on a sidewalk. The park is filled with colorful flowers, creating a vibrant and lively atmosphere.",A woman in a trench coat playing with her kite | A man is flying  a kite near some steps | A man is standing near a bunch of brightly colored flowers. | a person standing with multiple kites tied together | A man flying a kite on top of a cement park.
000000564132,LLaVA-1.5-7B,"The image captures a motorcycle rider on a street, with the motorcycle's front wheel prominently visible. The rider is wearing a helmet, and the motorcycle is positioned on the left side of the image. The street is lined with trees, creating a scenic atmosphere. There are also a few cars visible in the background, adding to the overall traffic scene.","The image captures a motorcycle rider on a street, with the motorcycle's front wheel prominently visible. The rider is wearing a helmet, and the motorcycle is equipped with a side mirror. The scene also includes a car parked on the side of the road, and a stop sign can be seen further down the street.",A bicycle on a road with a motor bike at the front | A handle bar of a bike and the street with other people riding down it.  | a handle bar view as a motor bike drives down the road  | Back view of motorcycle handlebars with street view following other motorcycles. | The view of the road as seen from riding a motorcycle.
000000304341,LLaVA-1.5-7B,"The image features a clock mounted on the side of a building, possibly a church. The clock is positioned above a bench, which is located on the sidewalk. The bench is blue and appears to be empty. There are also two potted plants in the scene, one near the bench and the other further away. The overall atmosphere suggests a peaceful and relaxing environment.","The image features a clock mounted on the side of a building, possibly a church. The clock is positioned above a bench, which is located on the sidewalk. There are also two potted plants in the scene, one near the bench and the other further away. The overall setting appears to be a public space with a focus on the clock and the bench.","A blue bench sitting under a clock mounted to a wall. | A blue bench under a clock outside a white building. | A round clock, mounted on an outdoor wall with three doorways, hovers over a black-and-blue bench. | There is a blue bench outside the neutral colored building. | A large clock on the wall of a building over a bench."
000000460107,LLaVA-1.5-7B,"The image features a wooden dining table with a variety of items on it. There are several wine glasses placed around the table, as well as a few cups. A man is standing near the table, possibly preparing to serve the drinks. 

In addition to the wine glasses and cups, there are two bowls on the table, one near the center and the other towards the right side. A book is also visible on the table, possibly a menu or","The image features a man standing behind a bar, surrounded by various glassware. There are multiple wine glasses, cups, and a bowl placed on the bar. The man appears to be reading a menu, possibly deciding on a drink or meal. The scene is set in a restaurant or bar environment.","A photo taken from the top of the table looking at a mirror in the background. | a kitchen counter with wine glasses set out. | A countertop holding a pewter bowl across from a shelf holding stemware. | A kitchen counter with a jar and bowl on it, mirror with glasses on it. | A tabletop view of wine glasses in a dining room."
000000018058,LLaVA-1.5-7B,"The image features a blue sign with a cartoon character, possibly a policeman, waving. The sign is written in a foreign language, and it is placed on a tree. The cartoon character is wearing a hat and is waving to the viewer. The sign is located in a park, and there are a few other people in the background, possibly enjoying the outdoors.","The image features a blue sign with a cartoon character, possibly a policeman, waving. The sign is written in a foreign language, and it is placed on a tree. The cartoon character is wearing a hat and a tie, and it appears to be a warning against drinking and driving.","A blue street sign with a cartoon cop warning about drinking and driving. | A blue street sign that reads ""Don't Drink and Drive"". | A sign with graphic of uniformed officer is posted in the street. | Chinese sign that says Don't Drink and Drive. | A sign that says ""Don't Drink and Drive."""
000000105689,LLaVA-1.5-7B,"The image features a slice of pizza on a white plate, placed on a dining table. The pizza is topped with various ingredients, including mushrooms and tomatoes. A glass of soda is also present on the table, adding to the overall dining experience. The table setting includes a fork and a knife, suggesting a more formal dining occasion.","A slice of pizza is sitting on a white plate, which is placed on a dining table. The pizza is topped with tomato sauce and cheese. There is a glass of soda on the table, and a knife is also visible. The scene appears to be set in a restaurant.",a closeup of a slice of pizza covered with various ingredients | a slice of pepperoni pizza sitting on a white plate  | a piece of pizza sits on a plate on a table top  | A piece of pizza sat on a plate with a cup of soda near by. | Slice of pizza on plate sits on table with beverage.
000000341676,LLaVA-1.5-7B,"The image features a kitchen counter with three microwaves placed side by side. Each microwave has a sign on the door, indicating that they are available for use. The signs are placed in different positions on the microwaves, making it easy for users to identify the microwaves they need to use. The microwaves are placed in a row, occupying the majority of the counter space.","The image features a kitchen counter with three microwaves placed side by side. Each microwave has a sign on the door, indicating that they are available for use. The signs are placed in different positions, with one on the left, one in the middle, and one on the right side of the microwaves. The microwaves are placed in a row, occupying the majority of the counter space.",Two microwave ovens one marked with man symbol and the other for woman.  | Two microwaves sitting side by side on a countertop are marked with signs printed with the symbols for man and woman. | a couple of microwaves that are next to each other | Two microwaves side by side with pictures of a man and woman silhouette | The microwaves are marked with female and male signs.
000000289618,LLaVA-1.5-7B,"The image features a group of dogs playing together in a snowy field. There are at least nine dogs in the scene, with some of them running and others standing or sitting. The dogs are scattered throughout the field, with some closer to the foreground and others further in the background. The snow-covered field provides a perfect environment for the dogs to enjoy their playtime.","The image features a group of dogs playing in the snow. There are at least nine dogs in the scene, with some of them running and others standing. The dogs are scattered throughout the snowy field, with some closer to the foreground and others further in the background. The dogs appear to be enjoying their time together in the snowy environment.",a pack of dogs walking down a snow covered yard. | A pack of dogs are playing with assorted toys.  | Several dogs enjoy playing with Frisbees in the snow.  | Several dogs playing with things in the snow. | Dogs play tug of war in the snowy yard.
000000224740,LLaVA-1.5-7B,"The image showcases a cozy living room with a fireplace and a large window. The room features a comfortable couch and a chair, both placed near the window. A dining table is situated in the room, accompanied by a bowl and a few books. The room also has a TV mounted on the wall. The overall atmosphere of the living room is warm and inviting.","The image features a cozy living room with a fireplace, a couch, and a chair. The room is decorated with a bowl of fruit on the coffee table, and a vase is placed on the mantel. The living room is connected to a dining room, which has a dining table and chairs. The room is also adorned with a potted plant, adding a touch of greenery to the space.","A modern furnished living room with large fireplace. | Modern living room with two chairs, a three bay window and fireplace. | A living rooms featuring furniture and a fire place. | A living room with a fireplace and contemporary furnishings. | A beautiful home which is left with the door open to beautiful scenery."
000000053123,LLaVA-1.5-7B,"The image features two young men playing tennis on a court. One of the men is in the middle of a swing, holding a tennis racket, while the other man is standing nearby, also holding a tennis racket. The scene captures the excitement and energy of the game.","The image features two men playing tennis on a court. One man is in the middle of a swing, holding a tennis racket, while the other man is standing nearby, also holding a tennis racket. The scene captures the dynamic nature of the sport, with the players actively engaged in the game.",A tennis player has just attempted to hit the ball. | Two young men are playing tennis on a court. | A tennis player swings his tennis racquet while another person watches. | the two men are playing doubles tennis together. | A boy runs as he tries to smack the tennis ball.
000000226119,LLaVA-1.5-7B,"The image depicts a lively birthday party with a group of people gathered around a dining table. The table is filled with various food items, including cakes and donuts. The guests are enjoying the food and the company of one another.

There are several people in the scene, with some standing closer to the table and others further away. A few of the guests are holding forks, ready to dig into the delicious treats. The atmosphere is cheerful","The image depicts a lively birthday party with a group of people gathered around a dining table. The table is filled with various food items, including cakes and donuts. The guests are enjoying the food and celebrating the occasion.

There are several people in the scene, with some standing closer to the table and others further away. A few chairs are placed around the table, and a couple of cups can be seen on the table as well. The",A man standing behind a child sitting at a table | People around a table that has platters of food on it  | A man cuts cake with a girl at a party. | A man helping a girl cut a birthday cake with a knife. | a man helping a little girl cut a cake on a table covered with food 
000000534270,LLaVA-1.5-7B,"The image features two people sitting on a bench near the water, possibly enjoying a conversation. They are accompanied by a small dog, which is sitting on the ground close to them. The people are holding umbrellas, possibly to protect themselves from the weather.

In the background, there are two boats visible, one closer to the left side of the image and the other further to the right. Additionally, there are two other people in the scene, one standing near the left","The image features two people sitting on a bench near the water, possibly on a beach. One person is wearing a red shirt, while the other person is wearing a red and blue shirt. They are both holding umbrellas, possibly to protect themselves from the sun or rain. 

In the background, there is a boat visible on the water, adding to the beach atmosphere. Additionally, there is a dog sitting on the ground near the people, possibly accomp",Man and woman with umbrella hats sitting on top of a bridge.  | A couple equipped with umbrella hats taking a break from walking their dog on a bridge on a rainy day. | Two people in ridiculous looking umbrella hats.  | two people with umbrella hats near one another  | A couple of people wearing umbrella hats next to the ocean.
000000073738,LLaVA-1.5-7B,"The image shows a person standing in a small bathroom, with a white toilet occupying the majority of the space. The toilet is positioned in the middle of the room, and the person is standing close to it. The bathroom appears to be a public restroom, as indicated by the presence of a toilet paper dispenser on the right side of the room.","A person is standing in a small bathroom, with their feet positioned near a white toilet. The toilet is located in the center of the room, and the person appears to be either entering or exiting the bathroom. The overall scene is quite compact, with the toilet being the main focal point.",A white toilet sitting in between tiled walls. | a small bathroom with a toilet in it | An aerial shot of a public bathroom with the seat up. | a person standing by a white toilet with the lid up  | A persons feet in front of a toilet with the lid up.
000000080306,LLaVA-1.5-7B,"The image features a woman dressed in a white outfit, holding a tennis racket and preparing to hit a tennis ball. She is focused on the game, possibly playing a match or practicing her skills. The tennis ball is in the air, and the woman is ready to make contact with it. The scene captures the intensity and excitement of the sport.","A woman in a white outfit is playing tennis. She is holding a tennis racket and a sports ball, preparing to hit the ball. The scene takes place on a tennis court.","a close up of a tennis player holding a racket and a ball | A woman gets ready to serve at a tennis match | A woman holding a tennis ball and racquet on a court. | A woman wearing white playing tennis, about to serve. | a woman gets ready to perform a serve "
000000457581,LLaVA-1.5-7B,"The image features a kitchen with a stove top oven. The oven is filled with a variety of cookies, with some of them being placed on a tray. There are several spoons and a knife placed around the oven, possibly for cooking or serving the cookies. The scene also includes a person standing near the oven, possibly preparing or enjoying the cookies.","The image features a kitchen with a stove top oven. The oven is open, and it is filled with a tray of cookies. There are several cookies visible in the tray, with some placed closer to the front and others further back. A person is standing near the oven, possibly preparing or checking on the cookies. Additionally, there is a spoon located near the top left corner of the image.",A person opening an oven door filled with baking cookies. | A hand opens an oven door to show cookies baking on a tin. | there is fresh food being made in the oven | A person is baking cookies in a kitchen. | An open stove shows a pan full of a food. 
000000064390,LLaVA-1.5-7B,"The image features a busy street with a traffic light and a street sign. The traffic light is red, and the street sign is written in a foreign language. The street is lined with various buildings, including a gas station.

There are several cars on the street, with one car parked near the traffic light and others scattered throughout the scene. A person can be seen standing near the middle of the street, possibly waiting to cross or just observing the surroundings.","The image features a street scene with a traffic light and a street sign. The traffic light is red, and the street sign is written in a foreign language. There are two cars in the scene, one parked on the left side of the image and another on the right side. A person can be seen standing near the middle of the image, possibly waiting to cross the street or observing the traffic.",a street sign attached to a metal pole next to a street. | A pedestrian traffic light and car are shown at an intersection. | a street light saying it is not okay to cross the street | A stoplight on the side of the road. | A traffic light next to a blue car in front of a building.
000000501760,LLaVA-1.5-7B,"The image features a delicious hot dog with cheese and chili on a bun, placed on a dining table. The hot dog is accompanied by a side of ketchup, which is served in a bowl. The table setting also includes a cup, possibly containing a beverage. The scene is set in a restaurant, with a person visible in the background.","A hot dog with cheese and chili is placed on a dining table. The hot dog is accompanied by a cup of ketchup, and a person is sitting nearby. The table is covered with a red tablecloth, and a person's hand is visible in the background.",A hotdog with cheese fries sitting on top of it. | A hot dog with cheese on top of a red table.  | a big sausage in a roll with cheese and cups of sauce and a person | A large sausage covered with cheese on a bun. | A hot dog with a large amount of cheese.
000000118739,LLaVA-1.5-7B,"The image features a delicious pizza with a variety of toppings, including peppers and tomatoes. The pizza is cut into slices, and a few pieces are missing. The pizza is placed on a dining table, and a person is visible in the background. The table is covered with a white paper, which is likely used to protect the table from the pizza's grease.","A pizza with a slice missing is displayed on a table. The pizza has a few slices missing, and it is covered with various toppings. The table is covered with a white paper, and a person is standing nearby.",There is a pizza with some slices taken out of it | A pizza on cardboard with one slice gone | A pizza with a slice missing on a white sheet in the sunlight. | The pizzas are sitting on plates on the white paper. | Large pizza pie with one slice missing on the table
000000121215,LLaVA-1.5-7B,"The image features a bathroom with a white sink and a white bathtub. The sink is located under a mirror, and there is a towel rack nearby. The bathroom is well-lit, and the sink is equipped with a faucet. The overall design of the bathroom is clean and modern.","The image features a bathroom with a white sink and a white bathtub. Above the sink, there is a mirror reflecting the bathroom's interior. The sink is accompanied by a towel rack, and a toilet is visible in the background. The bathroom is well-lit, with a light on above the sink.","A white bathroom with a sink, towels and tub. | A modern style bathroom awaits hotel guests with fresh linens and toiletries. | A bathroom has a tub, sink, and mirror in it.   | A bathroom with a mirror, sink, tub, towels and a wash cloth in it.  | Folded towels are on the shelf underneath the bathroom sink. "
000000447733,LLaVA-1.5-7B,"The image captures a young man skillfully performing a trick on a skateboard. He is in mid-air, showcasing his talent and balance. The skateboard is positioned under his feet, and the scene takes place in a park.

In the background, there are two other people, one standing closer to the left side of the image and the other person further to the right. Additionally, there are two benches in the scene, one located near the center","A young man is performing a skateboard trick, jumping over a ledge while riding the skateboard. He is wearing a black shirt and jeans. Another person is standing nearby, watching the skateboarder. The scene takes place in a park, with a bench visible in the background.",Man on a skateboard riding a cement wall. | A young man on a skateboard jumping from a raised area to a lower concrete area. | Looking up at a skateboarder tilting on a stone fence | A skateboarder rides the edge of the concrete on his skate board. | A guy on a skate board high in the air.
000000517967,LLaVA-1.5-7B,"The image is a vintage black and white photograph of a woman wearing a hat and holding a laptop computer. She is sitting on a chair, and the laptop is placed in her lap. The photograph is framed and displayed on a wall.","A woman is sitting in a chair, holding a laptop computer in her lap. She is wearing a hat and a dress, and there is a handbag placed nearby. The scene appears to be a vintage photograph.",A picture that has a lady with a laptop. | A painting of a woman sitting in a chair with a laptop computer. | there is a picture of a woman holding a lap top | A picture of a woman in a good frame | The portrait is anachronistic in that a Victorian lady is photographed with a laptop computer.
000000155317,LLaVA-1.5-7B,"The image features a delicious chocolate cake with chocolate frosting and crumbs on top, placed on a plate. The cake is sitting on a counter, and there is a bottle nearby, possibly containing a beverage to accompany the cake. The overall scene is inviting and ready to be enjoyed.","A chocolate cake with chocolate frosting is sitting on a plate on a counter. The cake is decorated with chocolate chips, and it appears to be a delicious treat.",A cake sitting on top of a white plate. | a square cake with frosting sitting on a round plate | Baked and iced dessert item displayed on serving dish. | A large chocolate cake is sitting on a cake pedestal.   | A cake that is sitting on a glass platter.
000000248965,LLaVA-1.5-7B,"A woman is standing on a beach, holding a colorful kite. The kite is large and features a rainbow pattern. The woman is wearing a pink shirt and is positioned near the center of the image. The beach setting is evident from the sandy ground and the presence of a building in the background.","A woman is standing on a beach, holding a colorful kite. The kite is in the air, and the woman is looking at it. The beach is located near a building, and there is a bench nearby.",A young girl holding a colorful kite on a sandy beach. | This little girl tries to figure out how to get her kite to fly | A young girl is flying a multicolored kite outdoors.  | There is a young child standing on the beach with a fancy kite. | A woman holding a big colorful kite next to a building.
000000497330,LLaVA-1.5-7B,"The image is a vintage advertisement featuring a woman sitting on a chair, holding a tennis racket. She is wearing a white dress and appears to be smiling. The advertisement is promoting a tennis racket, and the woman is the main focus of the picture.","A woman is sitting on a chair, holding a tennis racket. She is wearing a white dress and a red and white striped shirt. The woman is smiling and appears to be enjoying her time.",A woman sits in a chair holding a tennis racket. | a women that is sitting down with a tennis racket | A woman in a tennis outfit poses with her racquet. | Woman sitting in a chair while holding a tennis racket. | A woman is posing with a tennis racket for an advertisement.
000000571804,LLaVA-1.5-7B,"The image showcases a variety of antique bathroom fixtures, including a sink, a toilet, and a bathtub. The sink is decorated with flowers, and the toilet is adorned with a floral design as well. The bathtub is also decorated with flowers, adding a touch of elegance to the overall display. The fixtures are arranged on a white surface, creating an appealing and nostalgic atmosphere.","The image showcases a variety of decorative ceramic items, including a sink, a vase, and a bowl. The sink is placed on a shelf, while the vase and bowl are displayed on a table. The vase features a floral design, and the bowl is adorned with a flower pattern. The scene is likely set in a museum or a showroom, as the items are meticulously arranged for display.","Ten porcelain pieces with floral patterns painted on them. | A collection of sinks, and basins are on display. | fine china stays on display, not to be touched  | A porcelain tea and bathroom set is on display. | A collection of soap dishes, bowls, and small trinkets. "
000000398158,LLaVA-1.5-7B,"The image shows a man in a black shirt, standing in a living room and unveiling a new television. The television is placed on a wooden floor, and the man is holding the cover off of it. The room also contains a couch and a chair, with a remote control placed on the couch.","A man is in the process of unpacking a new flat screen TV. He is holding the TV in front of a red couch, which is located in the living room. The TV is placed on a wooden floor, and there is a remote control on the couch. The man is also wearing a black shirt.",a guy unwraping a big screen tv in his living room | A man unpacking a new flat screen TV. | Guy pulls the protective wrapping off a new tv | a person putting a sheet on or off of a television in a living room | A man putting a protective covering over a large TV screen.
000000198959,LLaVA-1.5-7B,"The image captures a moment during a softball game. A woman is swinging a bat, attempting to hit the ball. The catcher is positioned behind her, ready to catch the ball if it comes her way. There are several other people in the scene, some of them possibly teammates or opponents.

In the background, there are chairs and a bench, possibly for spectators or resting players. A bottle can be seen on the ground,","The image captures a moment during a softball game. A woman is swinging a bat, attempting to hit the ball. The sports ball is in the air, close to the batter. 

There are several people in the scene, including the batter, a catcher, and an umpire. The catcher is positioned behind the batter, wearing a baseball glove. The umpire is standing behind the catcher, closely observing the game.","a baseball player swinging a bat at a ball | A batter, catcher and umpire in a softball game. | A baseball player wearing black and white standing on a field swinging a bat.  | The girl is playing baseball in the field.  | A woman hitting a softball with a bat on a field."
000000507782,LLaVA-1.5-7B,"The image features two women standing next to each other, with one of them using a laptop. The laptop is placed on a table, and there are several books scattered around the table. The women appear to be engaged in a conversation or working together on a task. The scene takes place in a room with a potted plant nearby, adding a touch of greenery to the space.","In the image, two women are standing next to each other, with one of them using a laptop. The laptop is placed on a table, and there is a potted plant nearby. The women appear to be engaged in a conversation or working together on the laptop.",A woman in tech support teaches computer skills. | two women and one in a blue top and a laptop | Two women are working on a computer at the office. | A couple of people at a laptop by a desk. | Two ladies sitting at a laptop at a business.
000000189152,LLaVA-1.5-7B,"A man in a camouflage uniform is attending to a cow's ear. He is using a device, possibly a stethoscope, to examine the cow's ear. The cow is standing in a field, and the man appears to be a veterinarian or a farmer.","A man in military fatigues is attaching a tag to the ear of a large cow. The cow is standing in a field, and the man is focused on his task.",A woman wearing a military uniform injecting a cow. | A women in military uniform who is giving a cow a shot. | An army veterinarian injects a substance into a cow. | A person putting a shot into a giant cow. | Large sized cow getting an injection from a woman in camo.
000000293218,LLaVA-1.5-7B,"The image features a large airplane flying over a mountainous area. The airplane is in the middle of the scene, with its wings spread wide. The mountainous landscape is visible in the background, creating a picturesque scene.","The image features a large airplane flying over a mountainous area. The airplane is in the middle of the scene, with its wings spread wide. The mountainous landscape is visible in the background, adding to the overall atmosphere of the image.",An airplane flies low to the ground near a mountain range. | A large plane is taking off from a runway. | A white plane taking off from a airport | A airplane fliyng near a mountain with its wheels out to land | A vintage quadruple propellor plane leaves the runway.
000000374990,LLaVA-1.5-7B,"The image features a woman standing in a kitchen, with a brown dog standing on the floor next to her. The woman is wearing a yellow shirt, and the dog appears to be looking at her. The kitchen is equipped with a refrigerator, a sink, and a microwave. There is also a bowl placed on the countertop.","In the image, a woman is standing in a kitchen, holding a dog on a leash. The dog is looking at the camera, and the woman is wearing a yellow shirt. The kitchen features a sink, a refrigerator, and an oven. There is also a bowl placed on the countertop.",A woman standing in a doorway as a dog turns and looks at her. | A large dog looks back at his owner. | A brown and white dog and person standing on a wooden floor. | A dog is looking at a woman in the kitchen. | The dog is looking up at a woman.
000000351369,LLaVA-1.5-7B,"The image features a large white and red airplane, likely an Emirates jet, taking off from a runway. The airplane is surrounded by a cloudy sky, and it appears to be the main focus of the scene. The runway is visible beneath the airplane, and there are no other objects or people in the image.","The image features a large white and red airplane with the word ""Emirates"" on its side. The airplane is in the process of taking off, with its landing gear down. The airplane is surrounded by a cloudy sky, and there is a small yellow object near the bottom right corner of the image.",A landing jet airplane kicking up spray on a wet runway. | A large white airplane on a open road. | The plane has a lot of colors on the end of the wing | A plane is taking off from a runway in the rain. | Smoke coming from a large white commercial airplane.
000000411938,LLaVA-1.5-7B,"The image features a group of people riding bicycles down a street. Among them, there is a man holding a teddy bear, which is quite unusual. The group consists of at least five people, with some of them riding bicycles and others standing or sitting nearby.

There are two bicycles in the scene, one located in the middle of the group and the other towards the right side. A cup can be seen on the left side of the image,","The image features a group of people riding bicycles down a street. Among them, a man is holding a teddy bear, which is placed on the handlebars of his bicycle. The group is diverse, with some people riding bicycles and others standing or sitting nearby.

There are multiple bicycles in the scene, with one prominently visible in the foreground and another in the background. A few people are also holding cups, possibly enjo",A person holding a huge teddy bear while riding a bike in the street. | A boy is riding a bike with a teddy bear as a person sitting is toasting a beer. | People riding bicycles with a teddy bear on a city street | A woman holding a teddy bear riding a bike with friends | Woman holding a teddy bear on the back of a bicycle. 
000000487612,LLaVA-1.5-7B,"The image features a group of people gathered in a field, flying various kites. There are at least six kites visible in the sky, each with different shapes and sizes. The people are spread out across the field, with some standing closer to the kites and others further away. The scene is lively and full of color, as the kites fill the sky and the people enjoy the outdoor activity.","The image features a group of people flying various kites in a field. There are at least five kites visible in the sky, with different shapes and sizes. Some of the kites are positioned closer to the ground, while others are soaring higher in the sky. 

There are at least nine people in the scene, with some standing closer to the kites and others scattered around the field. A car can be seen in the background, parked near the edge of the",a close up of many large kites near the ground | A row of kites with trees in the background. | The crowd of people are looking to fly their kites.  | some people outside flying a variety of kites | People raising a variety  giant kites into the sky.
000000424812,LLaVA-1.5-7B,"The image features a man riding a horse in a field, with a beautiful sunset in the background. The scene is set against a backdrop of a fence and a forest. There are several cows scattered throughout the field, adding to the rural atmosphere. The combination of the man on the horse, the sunset, and the cows creates a serene and picturesque scene.","The image features a man riding a horse in a field, with a beautiful sunset in the background. The man is wearing a hat, and the horse is positioned towards the right side of the image. The field is surrounded by a fence, and there are several cows scattered throughout the scene, adding to the rural atmosphere.",Riding a horse through a field at dusk. | A person riding a horse through a dry grass covered field. | a person riding a horse though a field  | A person riding a horse in a field with a beautiful sunset. | A person rides a horse across a field under a sunset.
000000114327,LLaVA-1.5-7B,"The image features a stop sign with graffiti on it, located in front of a brick building. The stop sign is positioned on a pole, and there are several windows on the building. The scene also includes a few potted plants, one near the stop sign and another further away.","The image features a stop sign with graffiti on it, located in front of a brick building. The stop sign is positioned on a pole, and there are several windows on the building. The scene also includes a potted plant near the stop sign, adding a touch of greenery to the urban setting.","a stop sign sits on the corner of a street  | A red stop sign in front of a building. | A stop sign altered with spray painted graffiti  | a stop sign on the corner of a street of apartments | The stop sign is at the end of the residential street,"
000000232625,LLaVA-1.5-7B,"The image captures a snowboarder in action, riding down a snowy hill at night. The snowboarder is wearing a plaid shirt and is skillfully navigating the slope. The scene is illuminated by a street light, casting a warm glow on the snowboarder and the surrounding area. The snowboarder appears to be enjoying the thrill of the ride, as they glide down the hill.","A man is snowboarding down a snowy hill, wearing a plaid shirt and a helmet for safety. He is skillfully navigating the slope, showcasing his talent in the sport. The scene is set against a dark sky, adding to the dramatic atmosphere of the winter landscape.",A guy on a snow board in the dark. | Snow boarder riding during the night over a fence. | A man is doing a grind on a snowboard | A young man riding a snowboard on top of a rail. | Snowboarder riding on railing at night during winter.
000000210988,LLaVA-1.5-7B,"The image features a wooden bench situated in a park-like setting. The bench is surrounded by a variety of plants, including trees and bushes, creating a serene and natural atmosphere. The bench is positioned near a tree, providing shade and a comfortable spot for visitors to relax and enjoy the surroundings.","The image features a wooden bench situated in a garden setting. The bench is surrounded by various plants, including a potted plant and a tree. The bench is positioned near a path, possibly leading to another area of the garden. The overall atmosphere of the scene is serene and inviting.",A wooden bench sitting in a forest next to a tree. | A wooden bench overlooks a heavily landscaped pond. | A bench look at a bridge over a pool of water. | A wooden park bench sitting with a view of a pond and bridge. | A bench is the focus of this photo of a tropical park.
000000059000,LLaVA-1.5-7B,"The image depicts a cozy living room with a Christmas tree in the corner. The room is furnished with a couch, a chair, and a dining table. There is a television on the left side of the room, and a collection of books can be seen on the shelves. A few decorative items, such as a vase and a clock, are also present in the room. The room is well-lit, creating a warm and inviting atmosphere.","The image depicts a cozy living room with a Christmas tree in the corner. The room features a couch, a chair, and a television. There are numerous books scattered throughout the room, with some placed on the couch and others on the floor. A remote control can be seen on the couch, and a clock is mounted on the wall. The room also contains a dining table with a few items on it, including a bowl and a vase.",A Christmas tree sitting in a  living room. | A picture of a small living room in someone's apartment.  | There is a Christmas tree in a living room. | A living room with a lot of furniture and accessories | A living room is shown with a Christmas tree in the corner.
000000317330,LLaVA-1.5-7B,"The image features an older man wearing sunglasses and a tie. He is sitting down and appears to be looking at the camera. The man is also wearing a vest, adding a touch of formality to his attire. The scene is set in a room with a bench visible in the background.","The image features an older man wearing sunglasses and a tie. He is sitting down and appears to be looking at the camera. The man is also wearing a vest, which adds to his overall appearance.","A man looking over his glasses with a tie and suspenders on.  | a elderly man in a white collard shirt, sunglasses and a tie | An old man wearing glasses is looking at the camera.  | An elderly man has glasses, a tie and suspenders. | A man wearing suspenders and glasses sits on a bench"
000000019432,LLaVA-1.5-7B,"The image features a tennis court with two men playing tennis. One man is holding a tennis racket, preparing to hit the ball, while the other man is also holding a tennis racket, ready to return the shot. The tennis ball is in the air, close to the first man.

There are several chairs placed around the court, possibly for spectators or players to rest during breaks. The chairs are arranged in various positions, with some closer to the players and others","The image features a tennis court with two men playing tennis. One man is holding a tennis racket, preparing to hit the ball. The other man is also holding a tennis racket, ready to return the ball. The tennis ball is in the air, close to the first man.

There are several chairs placed around the court, possibly for spectators or players to rest during breaks. The chairs are arranged in various positions, with some closer to the players and others further",a man playing tennis going for a low ball | A tennis player with a racket hitting the ball | He's almost got this tennis ball at the end of his racket. | A man with a racquet standing on a tennis court. | A man playing tennis on a blue tennis court
000000554348,LLaVA-1.5-7B,"The image features a woman standing on a train track, capturing a photo of a train passing through a tunnel. The train is visible in the background, and the woman is holding a cell phone to take the picture. She is also wearing a backpack, which is placed on the ground near her. The scene is set in a lush green environment, with a few other people present in the background.","A woman is standing on a train track, holding a cell phone and a backpack. She is looking at a train passing by, which is located near a tunnel. The woman is wearing a white shirt and blue shorts. The scene also includes a handbag placed nearby.",a woman is standing on a set of train tracks | A woman photographs a blue railroad car as it peeks out of a tunnel. | A woman takes a picture of a train on a track. | A woman on railroad tracks watching a train in the distance. | A woman takes a picture of a blue train going into a tunnel.
000000521956,LLaVA-1.5-7B,"The image features a man wearing a white shirt and white shorts, standing on a tennis court and holding a tennis racket. He is in the process of serving the ball, with his arm raised and the tennis ball in the air. The scene captures the intensity and focus of the tennis player as he prepares to hit the ball.","A man in a white shirt and white shorts is playing tennis on a blue court. He is in the process of serving the ball, holding it up in the air with one hand while the other hand is extended outward. The tennis ball is in the air, close to the man's hand.",I am unable to see an image above. | A man in white shirt and wristbands playing tennis. | A man swinging his racket at a ball.  | There is a male tennis player that is going to serve the ball | A man getting ready to serve the ball in a tennis game.
000000216006,LLaVA-1.5-7B,"The image features a street sign on a street corner, with a car parked nearby. The street sign is located on the side of the road, and the car is parked on the side of the street. The scene also includes a few other cars parked further down the street. The street is situated near a body of water, which can be seen in the background.","The image features a street sign on a pole, indicating the intersection of Broadway and E. Howe Street. A car is parked on the side of the road, and a truck is visible in the background. The scene also includes a bench situated near the street sign, and a person can be seen standing in the area. The overall atmosphere suggests a typical urban setting.","Road signs giving directions and a car parked next to it | A two way street sign by a house by a waterway. | INTERSECTION OF HOWE ST. AND BROADWAY A VEHICLE HEADS EAST ON BROADWAY | Street sign in a neighborhood overlooking a lake. | A home, vehicle, street signs, and the ocean."
000000554500,LLaVA-1.5-7B,"The image features a woman sitting in a library, smiling and looking at the camera. She is seated at a desk with a computer and a mouse nearby. The library has multiple chairs and desks, and there are several books scattered throughout the scene. A TV is also visible in the background, likely providing information or entertainment for the library's visitors.","A woman is sitting in a library, smiling at the camera. She is wearing a gray shirt and has a laptop in front of her. There are multiple chairs and a dining table in the room. A mouse can be seen on the table, and a TV is mounted on the wall. Another person is visible in the background, possibly a fellow library patron.",A pretty young lady sitting in a room with computers. | a person sitting down near other people on computers  | A woman is sitting and smiling at the camera. | A smiling woman is in a booth table in a large room. | A woman sitting with another woman behind her with a computer. 
000000207027,LLaVA-1.5-7B,"The image features a beach scene with a large collection of surfboards on display. There are at least 12 surfboards of various sizes and designs, arranged in a visually appealing manner. Some of the surfboards are placed on a rack, while others are leaning against a wall.

In the background, there are a few people enjoying the beach atmosphere. One person is located near the left side of the image, while two others are closer to the","The image features a beach scene with a large collection of surfboards on display. There are at least 12 surfboards of various sizes and designs, arranged in a visually appealing manner. Some of the surfboards are placed on a rack, while others are leaning against a wall.

In the background, there are a few people enjoying the beach atmosphere. One person is located near the left side of the image, while another person is visible in the",A row of wooden surfboards sitting on a rack on the beach. | A beach area with a set of surfboards standing upright in a surfboard holder. | Long board surfboards stacked up on a rack on the beach | a rack of surfboards sits in the sun | Beautiful large surfboards on a rack at the beach.
000000006723,LLaVA-1.5-7B,"The image depicts a city street with a mix of vehicles and pedestrians. There are several cars and a bus driving down the street, while a few people can be seen walking or standing along the sidewalk. The street is lined with buildings, and there are traffic lights installed at various points to control the flow of traffic. The scene captures the hustle and bustle of urban life.","The image depicts a city street with a mix of vehicles and pedestrians. There are several cars and a bus driving down the road, while a few people can be seen walking or standing along the sidewalk. The street is lined with buildings, and there are traffic lights installed at various points to control the flow of traffic. The scene captures the hustle and bustle of urban life.",Row of buildings on empty street near side walk. | A building lined street with three lanes and light traffic. | A street with light poles and businesses on both sides. | A street with a row of older red brick building on one side. | A bike and walking path running side by side near a city street.
000000066072,LLaVA-1.5-7B,"The image captures a man skillfully riding a surfboard on a wave in the ocean. He is wearing a wetsuit and appears to be enjoying the thrill of the ride. The surfboard is positioned in the middle of the scene, with the man standing on it and maintaining balance. The wave is visible in the background, adding to the excitement of the moment.","A man is surfing on a wave in the ocean. He is wearing a black wetsuit and is skillfully riding the surfboard. The surfboard is positioned in the middle of the scene, and the man is in the center, displaying his expertise in the sport.",A surfer surfing on the surfboard with an oar in the ocean.  | A man surfing a small wave with a paddle | A man with an oar on a surfboard in the water. | A surfer with a paddle catches a wave. | A person wake boarding on a small wave.
000000053956,LLaVA-1.5-7B,"The image features a street scene with a large truck parked on the side of the road. The truck is positioned near a traffic light, which is hanging from a wire. The traffic light is located on the corner of a street, and there is a street sign nearby.

In addition to the truck, there are two cars visible in the scene, one parked further down the street and the other closer to the truck. A person can also be seen standing","The image features a street scene with a large truck parked on the side of the road. The truck is positioned near a traffic light, which is hanging above the street. The traffic light is situated above the truck, and there is a street sign nearby. The scene also includes a few cars parked along the street, with one car closer to the truck and the other two cars further away.",Oval shaped picture of buildings with a truck outside and blue sky. | The street is full of various delivery trucks. | a sign showing direction and the name of the street | A eighteen wheeler truck driving by a street sign. | A view of a city corner with a truck stopped at a light. 
000000214961,LLaVA-1.5-7B,"The image captures a man in a swimming pool, skillfully riding a skateboard while wearing swim trunks. He is performing a trick, possibly a handstand, as he glides across the water. The scene is dynamic and showcases the man's athletic abilities.","A man is riding a skateboard in a swimming pool, performing a trick. He is wearing a white shirt and blue shoes. The skateboard is positioned in the middle of the pool, with the man's feet on it.",a man doing a jump in a swimming pool with his skateboard | A man riding a skateboard shirtless with knee pads on.  | A shirtless man performs a trick on a skateboard.  | a shirtless man is skateboarding in a pool | a shirtless young man on a skateboard at the rim of an empty swimming pool
000000062518,LLaVA-1.5-7B,"The image features a yellow and white train traveling down the tracks. The train is quite long, occupying a significant portion of the scene. The tracks are surrounded by trees, giving the scene a natural and serene atmosphere.","A yellow and white train is traveling down the tracks, passing through a wooded area. The train is moving along the railroad tracks, and there are multiple sets of tracks visible in the scene. The train is the main focus of the image, and it appears to be in motion.",Modern commuter train on a well maintained track  | A silver train sitting on the railroad tracks  | There is a somewhat short train moving along a track | A train traveling down tracks through the countryside. | Train coming down railway track towards the camera.
000000028826,LLaVA-1.5-7B,"The image features a wooden bench situated on a sandy beach near the ocean. The bench is positioned in a way that it overlooks the water, providing a relaxing spot for beachgoers. The beach is surrounded by a beautiful landscape, including mountains in the distance.","The image features a wooden bench situated on a sandy beach near the ocean. The bench is positioned in a way that it overlooks the water, providing a relaxing spot for beachgoers. The beach is also adorned with a few boats scattered around the area, adding to the coastal atmosphere.",A bench partially buried in sand on a beach near the ocean. | a bench on a beach near the water | A wooden bench on a sandy beach front. | An especially high tide washes over a bench on the beach. | A bench on a beach with sand piled up around its legs.
000000309958,LLaVA-1.5-7B,"The image features a beautiful bouquet of purple flowers in a basket. The flowers are arranged in a visually appealing manner, with some of them appearing to be blue. The basket is filled with a variety of flowers, creating a vibrant and colorful display. The bouquet is placed on a table, adding a touch of elegance and natural beauty to the scene.","The image features a basket filled with purple flowers, including purple and blue flowers. The basket is placed on a table, and the flowers are arranged in a visually appealing manner. The flowers are the main focus of the scene, creating a beautiful and vibrant display.",flower arrangement in a basket with purple and blue flowers | A bakes with purple and white flowers along with greens. | Purple and blue flowers in a small basket. | A close up shot of a set of flowers.  | A basket filled with blue and purple flowers. 
000000065982,LLaVA-1.5-7B,"A woman is standing against a wall, talking on her cell phone. She is wearing a white shirt and blue jeans. The scene is set against a brick wall, and the woman appears to be enjoying her conversation.","A woman is standing against a wall, talking on her cell phone. She is wearing a white shirt and blue jeans. The wall is made of concrete, and the woman appears to be leaning against it.",A woman leaning on a building talking on her cell phone  | A woman on a cell phone leaned against a wall | A young woman is leaning against the wall and talking on the phone. | A woman on her cell phone leans against a wall | A woman wearing jeans leans against a concrete wall. 
000000484434,LLaVA-1.5-7B,"The image depicts a lively outdoor event, possibly a concert or festival, with a large crowd of people gathered under a blue and white tent. Many of the attendees are holding umbrellas to shield themselves from the elements. The crowd is dispersed throughout the scene, with some people standing closer to the front and others further back.

In the midst of the crowd, a person is holding a guitar, possibly performing or preparing to perform. The event","The image depicts a lively outdoor event, possibly a concert, with a large crowd of people gathered under a blue and white tent. Many of the attendees are holding umbrellas to shield themselves from the elements. There are at least 13 umbrellas visible in the scene, with various sizes and colors.

In addition to the umbrellas, there are several chairs scattered throughout the area, likely for people to sit and enjoy",many people standing together holding open umbrellas  | A group of people who are holding umbrellas are watching a musician. | A crowd of people standing around a large blue state. | A crowd at an out door concert holding up umbrellas. | There is a crowd of people holding umbrellas
000000223467,LLaVA-1.5-7B,"The image features a bathroom with a large mirror on the wall. The mirror is adorned with a colorful design, adding a vibrant touch to the space. The bathroom is equipped with two sinks, one on the left side and the other on the right side. There are also two toilets, one located in the middle of the bathroom and the other on the right side.

In addition to the sinks and toilets, there are","The image features a bathroom with a large mirror on the wall. The mirror is adorned with a colorful design, adding a vibrant touch to the space. The bathroom is equipped with two sinks, one on the left side and the other on the right side. Above the sinks, there are two lights, providing illumination to the area. Additionally, there is a bathtub situated in the left corner of the bathroom.","a bathroom with two sinks, a cabinet and a bathtub. | A couple of sinks and a mirror in a room. | A mirror that is in a bathroom over a sink. | a bathroom with a large mirror with colorful rim | A beautiful bathroom with wooden cabinets and a large oval shaped mirror."
000000261982,LLaVA-1.5-7B,"The image captures a young man skillfully riding a skateboard down a street. He is wearing a blue shirt and jeans, and the skateboard is positioned under his feet. The scene takes place in a parking lot, with multiple cars parked in the background. The skateboarder appears to be enjoying his ride and showcasing his talent.","A person is riding a skateboard on a street, performing a trick. The skateboarder is wearing blue jeans and a black shirt. The street is lined with cars, including one parked on the left side and another on the right side. There is also a truck parked further down the street.",A man flying through the air while riding a skateboard. | a guy having a spill on his skate board | A person on a skateboard does a flip in a parking lot. | A person is riding on a skateboard on the street. | a person on a skate board does a trick 
000000457037,LLaVA-1.5-7B,"The image depicts a hotel room with a large bed, a television, and a chair. The bed is positioned in the center of the room, and the television is located on the right side of the room. The chair is placed near the right side of the room. The room is decorated with green walls, and there is a painting on the left wall. The room also features a doorway, which is open, allowing a view of the hallway.","The image features a hotel room with a bed, a television, and a chair. The bed is positioned in the middle of the room, and the television is located on the right side of the room. The chair is placed near the right side of the room. The room also has a painting on the wall, adding to the overall ambiance.","A bedroom with green and white walls and a small TV. | A hotel room has green paint and a modern lamp. | A modern hotel room with a bath in one corner | A nicely decorated bedroom with furniture and bath.  | A room with a bed, two lamps, chairs, television and bath tub."
000000201241,LLaVA-1.5-7B,"The image features a polar bear swimming in a body of water, possibly a pool. The bear is lying on its side, with its head resting on a piece of fish. The scene is set in a zoo, where the polar bear is comfortably enjoying its time in the water.","A polar bear is swimming in a pool of water, holding a fish in its mouth. The bear is positioned in the middle of the scene, with the fish located towards the left side of its mouth. The water appears to be a mix of blue and green, creating a serene environment for the polar bear.",A polar bear keeping cool in the water. | a white polar bear swimming in the water near gray rocks | A polar bear is having fun in the water.  | A polar bear swimming in a river.  | A POLAR BEAR SPLASHING AROUND IN THE WATER
000000507719,LLaVA-1.5-7B,"The image features a group of people, including a man and a woman, standing in a shallow river. They are accompanied by several horses, with some of the horses being led by the people. The scene appears to be a leisurely activity where the people are enjoying the company of the horses in the water.","The image features a man leading two horses through a shallow river. The horses are positioned close to each other, with one horse slightly ahead of the other. The man is walking in front of the horses, guiding them through the water.

In the scene, there are also three other people, possibly observing the man and the horses or waiting for their turn to cross the river. The presence of multiple people suggests a social gathering or event taking place in the area.",A man that is standing near a horse. | some people and some black and white horses water and trees | Several people walking horses by reins through the water. | A black and white photo of a man leading horses in the water. | Several people are leading horses by a body of water
000000125107,LLaVA-1.5-7B,"The image features a small brown dog lying on a plastic bottle. The dog appears to be resting or sleeping on the bottle, which is placed on the floor. The scene is quite cozy, as the dog seems to be enjoying its time on the bottle.","A small brown dog is laying on a plastic bottle, possibly enjoying the cool surface. The dog is positioned in the center of the image, and the bottle is located on the left side.",A pug chews on a large water bottle.  | This is an image of a pug chewing an empty water bottle. | A small pug dog sleeping on top of a water bottle. | The pug rests its head on  a large broken bottle. | A forlorn looking pug rests its head on an empty plastic bottle
000000537905,LLaVA-1.5-7B,"The image captures a man skillfully water skiing on a lake. He is wearing a life vest and is holding onto a rope, which is attached to a boat. The boat is visible in the background, and the man appears to be enjoying the thrilling experience.","A person is water skiing on a lake, wearing a life vest and holding onto a rope. The water appears to be choppy, and the skier is skillfully navigating the waves. The scene is set against a backdrop of boats in the distance.",A man water skiing behind a boat on the water | Someone riding a surf board while being towed behind a boat | A man hangs onto a boat with a wake board. | A person is being pulled on the water. | a person riding a surf board holding a tether 
000000542922,LLaVA-1.5-7B,"The image features a delicious meal consisting of grilled chicken, broccoli, and tomatoes. The chicken is placed on a plate, and the broccoli and tomatoes are scattered around it. There are two slices of lemon on the plate, adding a touch of freshness to the dish. The combination of these ingredients creates a visually appealing and appetizing meal.","The image features a plate of food with a variety of vegetables and meat. There are several pieces of broccoli spread across the plate, with some placed closer to the center and others towards the edges. A slice of lemon is also present on the plate, adding a touch of citrus flavor to the dish. The meat, which appears to be chicken, is placed towards the center of the plate, surrounded by the vegetables. The overall presentation of the dish is","Chicken and broccoli garnished with tomatoes and sliced lemons. | Food topped with lemons and tomatoes next to broccoli.   | A fish meal has sides of broccoli and tomato. | A piece of salmon with lemon, broccoli and tomato. | Closeup of food that includes chicken, lemon and broccoli."
000000445014,LLaVA-1.5-7B,"In the image, a man is standing next to a giraffe, which is leaning its head over the fence to interact with the man. The man is wearing a cap and an orange shirt. There are several other people in the scene, some of them standing close to the giraffe, while others are further away. The setting appears to be a zoo or a similar environment where people can interact with the animals.","A man in an orange shirt is feeding a giraffe at a zoo. The giraffe is leaning over the fence to eat from the man's hand. The man is wearing a cap and a watch. There are two other people in the scene, one standing behind the man and the other on the right side of the image.",a group of people standing next to a wooden fence and looking at a giraffe | THERE IS A MAN THAT IS NEAR A GIRAFFE | a group of people look over a ledge at a giraffe  | A giraffe is poking its head up to some people | A man and two kids visit a giraffe at the zoo.
000000227901,LLaVA-1.5-7B,"The image shows two people sitting next to each other, both wearing headphones and looking at their laptops. They are likely listening to music or watching videos together. The scene takes place in a room with a couch and a chair, where the two individuals are comfortably seated.","The image shows two people sitting next to each other, both wearing headphones and using their laptops. They are likely listening to music or engaging in other activities that require headphones. The scene takes place in a room with a couch and a chair, where the two individuals are comfortably seated.",A couple of people sitting down by a wall. | A girl working on a laptop next to a man on an music player. | A woman sitting next to a man using a laptop computer. | A woman and a man enjoying their audio devices. | Two people with headphones are sitting against the wall.
000000445365,LLaVA-1.5-7B,"The image features two giraffes standing in a grassy field. One giraffe is positioned towards the left side of the image, while the other is on the right side. They appear to be looking at each other, possibly engaging in a social interaction. The field is lush and green, providing a natural habitat for the giraffes.","The image features two giraffes standing in a grassy field. One giraffe is larger and taller, while the other is smaller and positioned closer to the ground. They appear to be interacting with each other, possibly engaging in a playful behavior. The scene is set in a lush green field, providing a natural and serene environment for the giraffes.","Two giraffes are shown standing in a grassy field. | Two giraffes, one looking toward the camera, stand on some grass. | The two giraffes are standing in a pasture. | Mother giraffe keeping a watchful eye out to protect her baby.  | Two giraffe standing in a green grass covered field."
000000382737,LLaVA-1.5-7B,"The image features a woman laying on a couch, with a cat resting on her chest. The cat is wearing a collar, and the woman is smiling. The room is decorated with a potted plant and a vase, adding a touch of greenery and elegance to the space. There is also a chair in the room, providing additional seating options.","A woman is laying on a couch, with a cat sitting on a chair next to her. The cat is wearing a collar, and the woman is smiling. The room features a potted plant and a vase, adding to the cozy atmosphere.",A woman resting her head up against a cat. | A cat laying on a chair while woman lays her head on the cat.  | Woman lays her head on the cat sitting on the chair | A woman laying her head on a cat on a chair. | A woman sitting on the floor laying her head on a cat.
000000179571,LLaVA-1.5-7B,"The image features a woman wearing a red shirt and a white cap, standing on a tennis court and holding a tennis racket. She is in the process of serving the ball, and there are other people in the background, possibly watching the game or waiting for their turn. The scene also includes a backpack and a handbag, which might belong to the players or spectators.","The image features a woman wearing a red shirt and a white cap, standing on a tennis court and holding a tennis racket. She is in the process of swinging the racket, possibly preparing to hit a tennis ball. There are other people in the scene, one of whom is holding a tennis racket as well. A backpack can be seen placed on the ground, and a handbag is located nearby.",A person standing on top of a tennis court while wearing a white hat. | A tennis player crossing her arms and stretching with ball boys behind her. | woman in red and white tennis outfit on tennis court | Tennis players stretching their arms on the tennis court. | There are people standing on the tennis court.
000000089032,LLaVA-1.5-7B,"A man is standing outside a pizza shop, holding an umbrella to protect himself from the rain. The shop is well-lit, and there are several pizzas displayed in the window. The man is wearing a tie, and he appears to be waiting for someone or something.","A man is standing on a sidewalk, holding an umbrella to protect himself from the rain. He is wearing a suit and tie, and appears to be waiting for someone. The scene takes place in front of a pizza shop, with a pizza visible in the background.",A man with an umbrella is standing in front of a shop. | A man holding an umbrella standing on a corner. | A man stands outside at night and holds an umbrella. | A man standing in the rain at night. | A man in black coat standing under umbrella next to a building.
000000091406,LLaVA-1.5-7B,"The image features a group of four women standing together, posing for a picture. They are all smiling and appear to be enjoying their time together. The women are standing in front of a table filled with pizza boxes, suggesting a casual gathering or event.

The room has several chairs placed around the area, and a couple of books can be seen on the table. The overall atmosphere seems to be friendly and relaxed.","The image features a group of four women standing together, posing for a picture. They are all smiling and appear to be enjoying their time together. The women are standing in front of a table filled with pizza boxes, suggesting that they might be at a pizza party or gathering. The table is surrounded by chairs, with one chair visible on the left side of the table and another on the right side.",Several women gathered together posing with 6 pizzas in take out boxes. | Four women stand behind boxes of large pizzas.  | A group of women standing behind a table filled with pizza. | A group of four women stand together in front of pizzas. | people standing near a table with open pizza boxes
000000405222,LLaVA-1.5-7B,"The image features a group of men riding horses in a field. There are a total of six horses, each carrying a rider. The men are dressed in military uniforms, and some of them are holding flags. The scene appears to be a historical reenactment or a military event. The men are spread out across the field, with some closer to the foreground and others further in the background.","The image features a group of men riding horses in a field. There are a total of six horses, with some of them carrying flags. The men are wearing uniforms, and they appear to be soldiers or part of a military unit. The scene captures the camaraderie and teamwork among the group as they ride together.","Black and white photograph of battle reenactment with men on horses | Black and white of army soldiers on horse back. | A group of men riding horses out of a forest. | A group of soldiers travel on horseback, surrounded by trees. | A black and white photo of a cavalry of men on horses."
000000332987,LLaVA-1.5-7B,"The image captures a young man riding a skateboard in a parking lot. He is skillfully balancing on the skateboard while wearing a red shirt. The parking lot is filled with various cars, including a truck, parked in different positions. The scene is lively, with the skateboarder enjoying his ride amidst the bustling environment.","A person is riding a skateboard in a parking lot, surrounded by multiple cars. The skateboarder is wearing a red shirt and appears to be enjoying the ride. The cars are parked in various positions, with some closer to the skateboarder and others further away. The scene captures the skateboarder's action and the surrounding environment.",Man in a red shirt and blue jeans skateboarding.  | A young boy is skateboarding in the middle of a parking lot.  | a person with a red shirt is skateboarding and some cars | A man riding on a skateboard on the pavement.  | A photo of a boy riding his skateboard in a parking lot.
000000398554,LLaVA-1.5-7B,"The image features a bathroom with a sink and a mirror. The sink is surrounded by various items, including a bottle, a cup, and a wine glass. There are also two toothbrushes placed near the sink. The bathroom appears to be well-equipped and organized.","The image features a bathroom with a sink and a mirror. The sink is surrounded by various items, including a bottle, a cup, a wine glass, and a toothbrush. There are also two towels placed on the counter, and a toothpaste tube is visible. The bathroom appears to be well-equipped and organized.","The bathroom sink and vanity is a little messy.  | Image of a bathroom showing the vanity and sink area. | A bathroom with a sink, mirror, and a bath tub. | A modern bathroom with a large mirror and sink. | A black and white bathroom sink with mirror and bathtub."
000000386332,LLaVA-1.5-7B,"The image features a woman sitting in a living room, surrounded by a total of nine pizzas. The pizzas are placed on a dining table, with some of them being closer to the woman and others spread out across the table. The woman appears to be enjoying the variety of pizzas in front of her.","A woman is sitting in a living room, surrounded by a total of nine pizzas. The pizzas are placed on a dining table, with some of them being closer to the woman and others further away. The woman appears to be enjoying the variety of pizzas in front of her.",A woman seated in front of a buffet of pizzas. | A woman with many selections of pizza to choose from. | a woman sitting at a table with multiple boxes of pizza  | a woman is sitting down in front of several large pizzas | A woman standing in front of an assortment of different pizzas with a plate in front of her. 
000000439907,LLaVA-1.5-7B,"The image features a modern bathroom with a large glass shower stall. The shower is equipped with a metal rack and a towel hanging on it. The bathroom also has a sink with a mirror above it, and a toilet is located nearby. The overall design of the bathroom is sleek and contemporary.","The image features a bathroom with a white shower stall and a sink. The sink is equipped with a mirror above it. There are two towels hanging on the shower door, one on the left side and the other on the right side. Additionally, there are two cups placed on the countertop, one near the sink and the other closer to the mirror.","A bathroom with a shower and a white sink on a wooded counter. | A hotel room bathroom with walk in shower | A bathroom with yellow lighting, a glass shower, and a black countertop sink. | A bathroom scene showing the shower and sink. | A high end bathroom with a shower stall"
000000049885,LLaVA-1.5-7B,"The image features a large red and white medical ambulance bus parked on the street. The bus is prominently displayed, occupying a significant portion of the scene. The bus is likely used for emergency medical services and transportation of patients.","A red and white Fairfax County Medical Ambulance Bus is parked on the street. The bus is prominently displayed in the image, occupying a significant portion of the scene.",A red medical ambulance bus parked and waiting for people to board. | a close up of a medical ambulance on a city street | a fairfax county red medical ambulance bus with its doors open | Modern medical ambulance bus parked on a sunny day | An ambulance bus with the door open sits on the street.
000000092558,LLaVA-1.5-7B,"The image features a large herd of zebras grazing in a grassy field. There are at least 14 zebras visible in the scene, scattered throughout the field. The zebras are of various sizes, indicating a mix of adults and younger members of the herd. The field is vast, providing ample space for the zebras to graze and roam freely.","The image features a large herd of zebras grazing in a grassy field. There are at least 14 zebras visible in the scene, scattered throughout the field. Some zebras are closer to the foreground, while others are further in the background. The zebras are peacefully grazing, enjoying the lush green grass.",A herd of zebra and buffalo standing on a dry grass field. | A group of zebras walking in a grassy field.  | Large herd of wild animals in natural grassy plain. | Zebras and other animals in the field on a sunny day. | A large herd of animals on a grass field.
000000055594,LLaVA-1.5-7B,"The image depicts a lively outdoor market scene with a group of people shopping for fresh produce. There are several individuals scattered throughout the market, with some standing closer to the foreground and others further back.

The market is filled with a variety of fruits and vegetables, including bananas, apples, and oranges. There are multiple bananas in different areas of the market, as well as several apples and oranges. A few people are carrying hand","The image depicts a lively outdoor market scene with a group of people shopping for fresh produce. There are several individuals scattered throughout the market, some closer to the foreground and others further back.

Various fruits and vegetables are on display, including bananas, apples, and oranges. The bananas are prominently placed in the center of the market, while the apples and oranges are found in different areas.

A few hand",A BOY IS LOOKING AT THE VEGETABLE STAND  | Some people at an open market in a city. | A boy in a market place is looking at vegetables. | A young boy looks at produce in a street market. | A young boy is looking at the fruits and vegetables at a market.
000000378502,LLaVA-1.5-7B,"The image depicts a man riding a motorcycle down a busy street. He is wearing a black jacket and is holding a cell phone in his hand. The street is filled with various vehicles, including cars and a truck. There are multiple traffic lights visible in the scene, ensuring the safe flow of traffic. The man on the motorcycle is surrounded by other vehicles, including cars and a truck, as he navigates the bustling street.","A man is riding a motorcycle down a busy street. He is wearing a black jacket and jeans. The street is filled with traffic, including cars and a truck. There are multiple traffic lights along the street, ensuring the safe flow of traffic. The man on the motorcycle is holding a cell phone, possibly using it for navigation or communication.",A person on a motor bike and a car on the street. | A man in the city riding a motorcycle in traffic without a helmet.  | A person on a motorcycle with a large back wheel riding on a street. | A man riding on the back of a motorcycle behind a red car. | A group of cars driving through an intersection.
000000318550,LLaVA-1.5-7B,"The image features a train traveling on a track, passing by a large building under construction. The train is situated in the middle of the scene, with the building's construction site visible in the background.

There are several cars parked or driving along the street near the construction site. Some cars are closer to the train, while others are further away. A truck can also be seen in the scene, parked near the construction site.

In addition to the vehicles,","The image features a train traveling on a track, passing by a large building under construction. The train is situated in the middle of the scene, with the building's construction site visible in the background. 

There are several cars parked or driving on the street near the construction site. Some cars are closer to the train, while others are further away. Additionally, there are two trucks in the scene, one near the left side and the other near the right side of","A photo of a busy city with cranes and a train and bridge | A train rolls by a bright yellow building.  | A rooftop view of a train depot and a new building being built across the tracks from it. | A city scene containing train tracks, a bridge, and a building under construction. | Construction going up in industrial section of city."
000000103306,LLaVA-1.5-7B,"The image features a bathroom with a white shower curtain covering the shower area. A white sink is situated next to the shower, and a toilet is located in the corner of the room. The bathroom appears to be well-maintained and clean.","The image features a bathroom with a white shower curtain and a white sink. The shower curtain is open, revealing the shower area. A towel is hanging on the side of the shower curtain. The sink is positioned next to the shower curtain, and a mirror is visible above the sink. The bathroom appears to be well-maintained and clean.",A bathroom with a shower and a sink. | A white shower curtain and a sink in a bathroom.  | A shower curtain is closed and is next to a white sink and black cabinet. | A very simple bathroom with a sink and a shower. | A closed shower curtain with sink in a bathroom.
000000233298,LLaVA-1.5-7B,"The image features a large commercial airplane flying through a cloudy sky. The airplane is in the middle of the scene, with its wings visible. The sky is filled with clouds, creating a dramatic backdrop for the airplane. The scene captures the essence of air travel and the beauty of the sky.","A large commercial airplane is flying in the sky, with its landing gear down. The airplane is in the process of landing, as indicated by the presence of the landing gear. The sky is cloudy, adding to the atmosphere of the scene.",A large commercial airliner is flying through the sky. | a red and white jet flying and some white clouds | A airplane that is flying in the sky. | a large air plane flying thru the air  | An airplane soaring through the air while lifting its landing gear.
000000180764,LLaVA-1.5-7B,"A man is sitting in a kitchen, eating a pink frosted doughnut. The doughnut is placed in front of him, and he is enjoying the treat. The kitchen is equipped with a microwave, an oven, and a refrigerator. There are also a few books scattered around the room.","A man is eating a pink frosted doughnut in a kitchen. The doughnut is placed in front of him, and he is holding it with his right hand. The kitchen features a microwave, an oven, and a refrigerator. There is also a bottle on the countertop.",A man eating a pink doughnut with sprinkles  | The man eats a donut with pink frosting and sprinkles in his kitchen. | A man biting into a pink icing doughnut that's covered in sprinkles. | A man with glasses taking a donuts with a microwave in the background | A person taking a bite of a iced and sprinkled doughnut in a kitchen. 
000000179327,LLaVA-1.5-7B,"A woman is standing in front of an open refrigerator, holding a large white bag. She is wearing a plaid shirt and appears to be in the process of taking something out of the refrigerator. The refrigerator is filled with various items, including multiple bottles and a bowl. The scene takes place in a kitchen setting.","A woman is standing in front of an open refrigerator, holding a white bag. The refrigerator is filled with various food items, including multiple bottles and a bowl. The kitchen also features a sink and a dining table.",A woman standing in front of an open refrigerator in a kitchen. | A woman trying to put something into a refrigerator. | A woman is carrying a block of ice to the freezer. | Woman struggling to find a spot in the refrigerator for a pizza box. | A woman placing something big insider her refrigerator.
000000505040,LLaVA-1.5-7B,"The image features a train traveling down the tracks, with a hillside in the background. The train is quite long, occupying a significant portion of the scene. The train is moving through a rural area, with a lush green hillside surrounding it. The train's presence adds a sense of motion and activity to the otherwise peaceful and natural landscape.","The image features a train traveling down the tracks, with a hillside in the background. The train is moving through a rural area, and there are two cars visible in the scene. The train is positioned in the middle of the image, and the hillside can be seen stretching across the background.",a train on a train track near hills  | A train traveling through a rural countryside under a gray sky. | A train is moving through grass covered plains. | A train that is riding near the dirt. | A Sante Fe train runs on the tracks through the valley.
000000422176,LLaVA-1.5-7B,"The image features a beautifully decorated vase filled with a variety of flowers. The vase is placed on a wooden table, and the flowers are arranged in a visually appealing manner. The flowers are of different sizes and colors, creating a vibrant and lively atmosphere. The vase is the main focus of the scene, showcasing the artistic arrangement of the flowers.","The image features a white vase filled with a variety of flowers, including a lily. The vase is placed on a wooden table, and the flowers are arranged in a visually appealing manner. The table occupies a significant portion of the image, and the vase is positioned towards the center.",A vase filled with flowers and greens on a shelf. | A table with a vase filled with flowers and foliage on top. | A white vase of flowers sits on a wood shelf. | a bouquet of flowers and leaves in a light colored vase | A vase of beautiful flowers are on display.
000000132791,LLaVA-1.5-7B,"The image is a black and white photo of a bus driving through a flooded area. The bus is surrounded by water, and it appears to be the only vehicle in the scene. There are several people in the image, some of them standing near the bus, while others are scattered throughout the scene. The people seem to be observing the bus as it makes its way through the flooded area.","The image depicts a bus driving through a flooded area, with the bus partially submerged in water. There are several people in the scene, some of whom are standing near the bus, while others are scattered throughout the area. The people seem to be observing the bus as it makes its way through the flooded street.",A man that is standing in the dirt. | a vintage photo of a man looking at a bus | A bus is traveling through flooded land.  | a person walks near water and there is a bus driving through it | A bus filled with people and luggage is crossing a small stream.
000000397063,LLaVA-1.5-7B,"A person is holding a piece of raw meat, which appears to be a hamburger patty, in their hand. The meat is placed in the center of the person's hand, and it is surrounded by a circle of raw meat. The person's hand is visible, and it seems to be a close-up shot of the person holding the meat.","A person is holding a piece of raw meat, which is shaped like a donut. The person's hand is visible, and the donut-shaped piece of meat is placed in the center of the hand.",A small ring of raw meat in someone's palm | A person is holding a ring of meat. | A hand holding a donut shaped piece of meat. | A person is holding something circular in their hand.  | A circle of uncooked meat in someones hand
000000172733,LLaVA-1.5-7B,"A man is standing in a grassy field, holding a red and black kite. He is wearing a green shirt and appears to be enjoying the outdoor activity. The kite is positioned above him, with its tail extending downwards. The scene is set in a park-like environment, with a bench visible in the background.","A man is standing in a grassy field, holding a red and black kite. The kite is positioned above his head, and the man appears to be enjoying his time outdoors.",A man holding a kite at the park | A man that is standing in the grass with a kite. | a man that is holding a large red and black kite | A man holding a kite in a park  | a man holding onto a red and black kite in the park 
000000262014,LLaVA-1.5-7B,"A white cat with a long tail is sitting in front of a window. The cat is looking at the camera, and the window provides a view of the outdoors. The cat appears to be enjoying the sunlight coming through the window.","A white cat with a long tail is sitting on a window sill, looking out the window. The cat is positioned near the center of the image, and its tail extends to the left side. The window provides a view of the outdoors, where the cat seems to be observing.",A cat looks at the camera from a window sill | Black and white cat standing beside a window.  | a black and white cat moving at the edge of a window | A fluffy white cat stands in front of the glass window. | A very cute cat standing by a big window.
000000435466,LLaVA-1.5-7B,"The image depicts a small kitchen with wooden cabinets and a refrigerator. The refrigerator is filled with various food items, including multiple bottles and a bowl. There are also several cups placed around the kitchen. A microwave can be seen on the countertop, and a sink is located towards the right side of the kitchen.

In addition to the kitchen items, there are two chairs in the room, one near the left side and","The image depicts a small kitchen with wooden cabinets and a refrigerator. The refrigerator is filled with various food items, including multiple bottles and a bowl. There are also several cups placed around the kitchen. A microwave can be seen on the countertop, and a sink is located towards the right side of the kitchen. A person is present in the scene, standing near the left side of the kitchen.","A kitchen area with shelves, counter and bar stools. | A red ceiling adorns the kitchen, which also has a cool black and white checkered countertop.  | View of kitchen with chairs, cupboard and large pantry unit. | A long dining room has bar and bar stools. | a kitchen with a lot of shelf and cupboard space "
000000234470,LLaVA-1.5-7B,"The image showcases a large, well-lit kitchen with wooden cabinets and a center island. The kitchen features a sink, a stove, and a refrigerator. There are two chairs in the room, one near the center island and the other closer to the sink. The kitchen is equipped with various appliances, including a microwave, an oven, and a toaster. Additionally, there are two bottles placed on the countertop, and a","The image showcases a large, well-lit kitchen with wooden cabinets and a center island. The kitchen features a sink, a stove, and a refrigerator. There are two chairs in the room, one near the center island and the other closer to the sink. A dining table is also present in the room, surrounded by chairs.

Various items can be seen in the kitchen, such as a bowl, a cup, a bottle,",a big kitchen with an island and track lighting  | A counter and a table in a room. | An empty kitchen with empty dark wooden cabinets. | The contemporary kitchen is full of all the modern appliances. | A kitchen with a center island and lots of cabinets.
000000070254,LLaVA-1.5-7B,"The image depicts a train station with a green and yellow train stopped at the platform. Several people are waiting on the platform, some of them carrying backpacks. There are also a few benches for the waiting passengers.

In the scene, a dog is present, possibly accompanying one of the passengers. A handbag can be seen on the platform, and a cell phone is visible in the hands of one of the waiting passengers. The overall atmosphere suggests a typical day","A green and yellow train is parked at a station, waiting for passengers to board. Several people are waiting on the platform, some of them carrying backpacks. A dog is also present on the platform, possibly accompanying its owner. A bench is located near the platform, providing a place for passengers to sit while waiting for the train.",A green and yellow train traveling past a platform. | A bright green train is pulled up for awaiting customers. | Passengers wait at the platform as a passenger train approaches. | a train pulling up to station people waiting | People are lined up along a train station waiting for a train.
000000416730,LLaVA-1.5-7B,"The image features a woman wearing a brown jacket and a headscarf, talking on her cell phone. She is standing in a public area, possibly a street or a parking lot. The woman is the main focus of the scene, and she appears to be engaged in a conversation.","A woman wearing a brown jacket and a white headscarf is talking on her cell phone. She is standing in a street, and there are other people in the background. A handbag is visible near the woman, and a bottle can be seen in the scene as well.",The woman is talking on a cell phone | a woman in a hood is on the phone | Woman wearing headscarf and trench coat using cell phone. | A woman sitting down talking on her cell phone.  | A woman wearing a head covering talking on a cell phone.
000000518438,LLaVA-1.5-7B,"The image depicts a street scene with a traffic light hanging above the road. There are multiple traffic lights in the scene, with some located closer to the left side and others near the center and right side of the image. 

A few cars are parked or driving along the street, with one car on the left side, another in the middle, and a third car on the right side. Additionally, there are two trucks in the scene, one on the left","The image depicts a street scene with a traffic light hanging above the road. There are multiple traffic lights in the scene, with one near the center and two others on the right side. 

A car is parked on the left side of the street, and another car is visible further down the road. A truck is also present on the right side of the street. 

In addition to the vehicles, there are two people in the scene, one near the",A string of stoplights is going across the street. | an intersection with street lights and street signs | An intersection of streets with stop lights hanging above. | A street with two traffic lights suspended above it. | A street scene with focus on an intersection with traffic lights.
000000092134,LLaVA-1.5-7B,"The image features a beautiful beach scene with a large cruise ship in the background. There are two umbrellas set up on the beach, providing shade for the visitors. One umbrella is located closer to the left side of the scene, while the other is situated more towards the center. 

There are also two chairs placed on the beach, one closer to the left side and the other near the center. The chairs are positioned under the umbrell","The image features a beach scene with a large cruise ship in the background. There are two umbrellas set up on the beach, providing shade for the visitors. One umbrella is located closer to the left side of the scene, while the other is situated more towards the center. 

There are also two chairs placed on the beach, one closer to the left side and the other near the center. A boat can be seen in the background, adding to the",A beach area with several chairs and umbrellas. | A beach with chairs and umbrellas with a cruise ship in the background. | A cruise ship and a tourist boat seen from a white sand beach | A beach with beach chairs with a big cruise ship in the distance. | A group of lawn chairs sitting on top of a beach.
000000046432,LLaVA-1.5-7B,"The image showcases a breathtaking aerial view of a mountain range. The mountains are covered in lush greenery, and the scene is captured from the perspective of an airplane wing. The wing is visible on the left side of the image, while the mountains stretch across the entire frame, creating a stunning backdrop.","The image showcases a breathtaking aerial view of a mountain range. The mountains are covered with lush greenery, and the scene is captured from the perspective of an airplane wing. The wing is visible in the foreground, with the mountains stretching out in the background. The view is a perfect representation of the beauty of nature and the marvel of human engineering.",A view from an airplane flying over a mountainous region. | The view out of an airplane with part of the wing. | A view of a mountain range is seen from an airplane. | Looking out of an airplane at mountains and a river below | A photo taken from an airplane looking down at the mountains.
000000509129,LLaVA-1.5-7B,"The image is a black and white photo of three people standing together. The first person is on the left side, the second person is in the middle, and the third person is on the right side. They are all dressed in suits, with the man on the left wearing a tie. The group appears to be enjoying a social gathering or event.","The image features three people standing together, with two men and a woman. The woman is wearing a dress, and the men are wearing suits. One of the men is holding a beer, and the woman is holding a wine glass. The group appears to be enjoying a social gathering or event.","A group of people that are standing on a carpet. | A woman stands with two men dressed up/ | Two men and a woman are standing in a 70's photo. | A black and white picture of two men and a woman.  | A woman between two men in tuxedos, all standing at a bar."
000000013729,LLaVA-1.5-7B,"The image depicts a group of people gathered in a living room, playing a video game on a Nintendo Wii console. There are four people in the room, with two of them standing close to each other, and the other two standing further apart.

The living room is furnished with a couch and a chair, and there are two remotes visible in the scene, one being held by a person in the middle of the room and the other one closer to the right","The image shows a group of people playing a video game in a living room. There are four people in the scene, with two of them standing close to each other, and the other two standing further apart. 

The living room is furnished with a couch and a chair. A remote control is visible in the scene, likely being used by one of the players. There is also a bottle placed on a surface in the room.",a group of people that are playing some wii | Four people standing in a room playing a video game.  | A group of people are playing Wii in their living room.  | A group of people playing with a Wii in the living room.  | Three men and a woman playing a wii video game
000000087998,LLaVA-1.5-7B,"The image features a black motorcycle parked on a sidewalk next to a building. The motorcycle is prominently displayed in the foreground, occupying a significant portion of the scene.

In the background, there are several cars parked along the street, with some closer to the motorcycle and others further away. Additionally, there is a person visible in the scene, standing near the middle of the image.","A black motorcycle is parked on a sidewalk next to a red car. The motorcycle is positioned in front of the car, and both are parked in a parking lot. The motorcycle has a helmet placed on the handlebars, and there is a person standing nearby.",there is a black motorcycle parked outside in the dirt | black motorcycle standing on display outside in the sun | People are walking past a black motorcycle that is next to a building.  | a close up of a motorcycle parked near other cars | A parked motorcycle sitting near a parking lot in the sun. 
000000222009,LLaVA-1.5-7B,"The image features a vase filled with a variety of red and purple roses. The vase is placed on a table, and the roses are arranged in a visually appealing manner. The table occupies most of the scene, with the vase and roses being the main focus.","The image features a vase filled with a variety of red and purple roses. The vase is placed on a table, and the roses are arranged in a visually appealing manner. The table occupies a significant portion of the scene, and the vase is positioned towards the center of the table. The combination of red and purple roses creates a beautiful and colorful display.",A vase filled with purple and red flowers sitting on a counter. | A blue vase with red roses centered on a white table. | a small blue vase with red flowers  | A vase full of flowers sitting on a table in front of a cement wall. | a group of red flowers in a blue vase on a white table.
000000156511,LLaVA-1.5-7B,"A young girl is playing tennis on a court. She is holding a tennis racket and appears to be in the middle of a swing. The court is surrounded by a fence, and there are a few other people in the background. The scene is set on a sunny day, with the sun shining brightly.","A young girl is playing tennis on a court. She is holding a tennis racket and is in the process of swinging it. The girl is wearing a blue and white dress and a hat. The tennis court is surrounded by a fence, and there is a bench located near the court.",A girl rared back with her racquet on a court. | a girl hitting a ball with a tennis racket | A young girl is playing tennis with a yellow racket. | a young tennis player swinging a racket  | A female tennis player in action on the court.
000000382211,LLaVA-1.5-7B,"The image features a giraffe standing on a wooden platform, possibly in a zoo. The giraffe is the main focus of the scene, with its long neck and legs prominently displayed. The platform is surrounded by trees, creating a natural and serene environment for the giraffe.","A giraffe is standing on a wooden platform, possibly in a zoo. The giraffe is looking up, possibly at the camera. The platform is surrounded by trees, creating a natural environment for the giraffe.",Giraffe holding it's head mid way with a wooden gate behind it. | a tall giraffe standing in front of a wood fence | A girafe standing in front of a wooden fence. | A giraffe stands in an enclosure in the winter.  | a giraffe in its pen a fence grass and trees
000000457229,LLaVA-1.5-7B,"The image features a person riding a horse on a beach. The person is wearing a white shirt and is positioned in the middle of the scene. The horse is standing on the sand, and the beach extends to the horizon. The scene is serene and picturesque, with the ocean waves gently lapping on the shore.","A person is riding a horse on a beach, with the ocean in the background. The horse and rider are the main focus of the image, creating a serene and picturesque scene.",A person on a horse is down by the ocean. | A person riding a horse on top of  a sandy beach. | A person rides a horse on the beach by the water. | A woman on a horse on the shore of the ocean  | A person is sitting on a horse on a beach.
000000453013,LLaVA-1.5-7B,"The image features a white teddy bear sitting in a wooden chair, holding a brown teddy bear in its arms. The brown teddy bear is wearing a blue shirt, and both bears appear to be enjoying each other's company. The wooden chair is placed in a room, and the scene creates a warm and cozy atmosphere.","The image features a white teddy bear sitting in a wooden chair, with a smaller brown teddy bear sitting on its lap. The white teddy bear is wearing a blue shirt, and the brown teddy bear is wearing a tie. The scene appears to be a cozy and playful arrangement of the two stuffed animals.","A large teddy bear with a smaller teddy sitting in a rocking chair. | Two teddy bears, one a police officer bear sitting in the lap of the other, a white bear, both of them sitting on a wooden chair. | a teddy bear in a cop uniform sitting on the lap of another teddy bear  | Two teddy bears sit on a rocking chair. | Large teddy bear with smaller on in lap sitting on rocking chair."
000000200739,LLaVA-1.5-7B,"The image is a black and white photo of a city street with a horse-drawn carriage parked on the sidewalk. The carriage is positioned near the center of the scene. There are several people in the image, with one person standing close to the left side of the photo, another person near the right side, and a third person in the middle of the scene.

In addition to the horse-drawn carriage, there are two trucks visible in the photo.","The image is a black and white photo of a city street with a horse-drawn carriage parked on the sidewalk. The carriage is positioned near the center of the scene. There are several people in the image, with one person standing close to the left side of the photo, another person near the right side, and a third person in the middle of the scene.

In addition to the horse-drawn carriage, there are two trucks visible in the image.","A photo with many buildings off of a street with trucks parked in front. | An old picture of a scene in a city  | A black and white picture of a building with horses, wagons, and vehicles parked on the side of the road.  | This an old fashion picture of trucks and a horse drawn carriage in front of some apartment buildings. | A horse pulling a cart with luggage and a truck nearby in a city street"
000000376767,LLaVA-1.5-7B,"The image features a large, ornate clock tower with a clock on each side. The clocks are positioned at different angles, adding to the tower's architectural charm. The tower is part of a building, and there are two flags flying in front of it, one on the left side and the other on the right side. The scene is set against a cloudy sky, giving the tower a dramatic appearance.","The image features a large clock tower with a clock on the side of a building. The clock is prominently displayed, and the building has a unique design. The clock is positioned at the top of the tower, making it easily visible to passersby. The building's architecture and the clock's presence create an interesting focal point in the scene.",A large building with a clock on it's face and a bird statue on top. | This is a picture of an ornate building with a statue of an eagle on top. | A COLORFUL BUILDING WITH A CLOCK TOWER HAS WAVING FLAGS. | A clock tower on an official building with an eagle on top | A train station with an eagle statue at the top. 
000000053748,LLaVA-1.5-7B,"The image features a giraffe standing next to a truck, possibly a jeep, in a grassy area. The giraffe appears to be looking at the truck, possibly curious about the vehicle. The truck is parked in the middle of the scene, with the giraffe standing on the left side of the truck.","In the image, a giraffe is standing next to a truck, possibly observing the vehicle. The truck is parked in a grassy area, and there is a person inside the truck. The scene also includes a backpack and a suitcase, which are placed near the truck. The giraffe appears to be looking at the truck, creating an interesting interaction between the animal and the human-made vehicle.",A tall giraffe studding next to a  parked truck. | a giraffe looking at a safari truck driving past | A giraffe is standing alongside the road staring at an oncoming vehicle. | A giraffe in a grassy area next to a jeep.  | a giraffe standing next to a tour jeep
000000154854,LLaVA-1.5-7B,"The image depicts a busy city street at dusk, with a mix of cars and traffic lights. There are several cars in various positions along the street, and multiple traffic lights are visible, ensuring the smooth flow of traffic. The scene also features a clock tower, adding a touch of architectural charm to the urban landscape.","The image depicts a busy street scene with multiple cars and a bus. There are at least six cars visible, with some parked and others driving. A bus is also present on the street. Traffic lights are scattered throughout the scene, with at least five of them visible.

In addition to the vehicles, there are two pedestrians in the image, one near the left side and the other closer to the right side. A bench can be seen on the left","A view of a street, with a church in the horizon. | A street with many cars stopped at a traffic light. | a street a fence people cars and traffic lights | A building in the distance bathed in sunlight | Several cars driving down the road near a fence."
000000356612,LLaVA-1.5-7B,"The image depicts a busy street scene with a herd of cattle walking down the road. There are several cows of various sizes, some closer to the foreground and others further back. 

In addition to the cattle, there are multiple cars and a bus on the street. A truck is also present, driving down the road. A person can be seen standing near the middle of the scene, possibly observing the cattle or waiting for the traffic to pass.","The image depicts a busy street scene with a white truck driving down the road. There are several cows walking down the street, with some of them positioned in front of the truck. The cows are spread out along the street, with some closer to the truck and others further away. The truck is the main focus of the scene, as it moves down the road with the cows following behind.",Several black bulls are walking down the street. | The bulls are walking down the street in front of cars.  | A herd of cows walking down a city street. | A group of cows walking in front of several cars. | A group of bulls riding on the street along with cars and buses and a man on a bike giving an girl a ride.
000000001779,LLaVA-1.5-7B,"The image features a street sign for Edloe Street, located on a street corner. The street sign is attached to a metal pole, and it is positioned next to a building. The scene also includes a traffic light, which is situated near the pole with the street sign.","The image features a street sign on a pole, indicating the intersection of Edloe Street and Westpark Drive. The street sign is positioned in front of a building, and there are two traffic lights visible in the scene. One traffic light is located on the left side of the image, while the other is on the right side.",An intersection with a street sign and a building and palm trees in the background. | a couple of signs on a pole outside a building | A couple of green street signs hanging from a traffic light. | A street sign on the corner outside a Spanish style building. | A street sign on a street corner 
000000366782,LLaVA-1.5-7B,"The image features a large white boat sailing on a river, with a man standing on the dock, watching the boat pass by. The boat is surrounded by several people, some of whom are standing on the dock, while others are seated on the boat. The scene captures the excitement of the boat's journey and the onlookers' interest in the event.","The image features a large white boat sailing on a river, with a man standing on the dock, possibly waving at the boat. The boat is surrounded by several people, some of whom are sitting on the boat, while others are standing or sitting on the dock. The scene captures the essence of a leisurely day on the water, with people enjoying the view and the boat's presence.",A man is standing on a dock near water with a passenger boat going by large buildings in the background. | a small boat in al arge body of water  | a black and white boat water people and a clock | The boat is gliding threw the water.  | A yacht passes by some buildings on the shore.  
000000249219,LLaVA-1.5-7B,"The image features a large red and white bus driving down a street. The bus is positioned in the middle of the scene, occupying a significant portion of the image. The street is lined with trees, providing a pleasant atmosphere. There are also a few cars visible in the background, adding to the overall traffic scene.","A large red and white bus is driving down a street, passing by a house. The bus is the main focus of the image, occupying a significant portion of the scene.","A double decker bus driving down the road. | This is a double-decker bus shown in a tropical area. | A double decker bus driving down a city street. | A double decker red white and purple bus | A double decker tour bus with the logo ""SBS Transit"". "
000000428291,LLaVA-1.5-7B,"The image features a dining table set for a meal. The table is adorned with a variety of food items, including sandwiches, salads, and fries. There are multiple plates, cups, and utensils arranged on the table, such as forks, knives, and spoons. Additionally, there are a few bottles and a vase placed on the table, adding to the overall presentation. The table is surrounded by chairs, and","The image features a dining table set for a meal. The table is adorned with a variety of food items, including sandwiches, salads, and fries. There are multiple plates, cups, and utensils arranged on the table, such as forks, knives, and spoons. Additionally, there are several bottles placed around the table, possibly containing beverages. The table is surrounded by chairs, with one chair positioned on",A table prepared with food is seen in this image. | A table full of food with a glass of water. | A table with several plates of food on it. | One plate has sandwiches and fries and two other plates have dark green salads.  | The food is ready to be eaten on the table.
000000268394,LLaVA-1.5-7B,"The image features a red cake shaped like a truck, placed on a dining table. The cake is the main focus of the scene, and it appears to be a delicious dessert. The table occupies most of the image, with the cake taking up a significant portion of the space.","A red cake is displayed on a table, shaped like a truck. The cake is placed next to a slice of red cake, creating a visually appealing presentation. The table is made of wood, and the cake is the main focus of the scene.",A truck cake sitting next to a Ford emblem cake. | A cake made to look like an old truck. | A truck and a cake on a table. | a close up of a cake in the shape of a truck | The large cakes are shaped like a pickup truck and a Chevy insignia.
000000398066,LLaVA-1.5-7B,"The image captures a baseball game in progress, with a man in a red shirt swinging a baseball bat at a ball. Another person is standing nearby, possibly waiting for their turn to bat. The scene takes place in a park, with a city skyline visible in the background. The baseball bat is positioned in the middle of the scene, and the sports ball is located towards the right side of the image.","The image captures a baseball game in progress. A man is swinging a baseball bat, attempting to hit the ball. Another person is standing nearby, possibly waiting for their turn to bat. The scene takes place in a park, with a bench visible in the background. The baseball bat is positioned in the middle of the scene, and the sports ball is located towards the right side of the image.",A young man holding a baseball in front of a pitcher. | A batter is practicing his swing shirtless on a dirt lot. | A baseball player taking a swing at a ball | A shirtless man with a baseball bat being pitched to. | an image of a man about to swing at a ball
000000523780,LLaVA-1.5-7B,"The image shows a group of people skiing down a snowy hill in front of a large building. There are three people in the scene, with one person closer to the left side, another in the middle, and the third person on the right side. They are all wearing skis and appear to be enjoying their time on the snow-covered ground.","The image shows a group of three people skiing down a snowy hill in front of a large building. They are wearing skis and appear to be enjoying their time on the snow-covered ground. The building is situated behind them, and the scene captures the excitement of winter sports.",Two people skiing right up to a big lodge. | Two men skiing down a slick slope next to large building. | A couple of people riding skis down a walkway. | Two people on cross country skis passing by a building. | a person walking on snow covered road  while wearing skis.
000000458177,LLaVA-1.5-7B,"The image features two brown bears walking through a grassy field. They are surrounded by tall grass and flowers, creating a picturesque scene. The bears appear to be exploring the area, possibly searching for food or simply enjoying their surroundings.","The image features two brown bears walking through a grassy field. They are both looking down at the ground, possibly searching for food. The bears are positioned close to each other, with one slightly behind the other. The field is filled with grass, providing a natural habitat for the bears.",Two brown bear cubs in a grassy area with flowers. | Two brown bears are walking through a field of tall grass. | Two bear cubs foraging side by side in a field. | Two small bears are grazing in the open field | There are two baby bears in a field.
000000145747,LLaVA-1.5-7B,"The image features a serene lake with several boats floating on the water. There are three boats in the foreground, with one boat closer to the left side of the lake, another boat in the middle, and the third boat on the right side. 

In the background, there are two more boats, one located near the center of the lake and the other towards the right side. The scene is set against a beautiful mountain backdrop, creating a picturesque and peaceful atmosphere.","The image features a serene lake with several boats floating on the water. There are three boats in the foreground, with one boat closer to the left side of the lake and the other two boats positioned more towards the center. 

In the background, there are two more boats, one located near the right edge of the lake and the other further back. The scene is set against a backdrop of trees, creating a picturesque and peaceful atmosphere.",A large lake filled with small white boats near a forest. | a number of small boats in a large body of water  | a couple of boats are sitting in the water | Three boats in the water are near each other.  | Three boats on a lake on a fall day.
000000179141,LLaVA-1.5-7B,"A group of five people is sitting around a dining table, enjoying a pizza together. They are all smiling and posing for a picture. The table is set with cups, a fork, and a knife. The pizza is placed in the center of the table, and the people are positioned around it, creating a warm and friendly atmosphere.","A group of five people is sitting around a dining table, enjoying a pizza together. They are smiling and posing for a picture. The table is set with cups, a fork, and a knife. The pizza is placed in a box, and there is a bottle on the table as well. The people are sitting on chairs, with one person on the left side, two on the right side, and one person in the middle.",Four people are smiling together over a box of pizza. | two women and two men smiling over a pizza  | Smiling people indoors posing with a delivery pizza. | Four people at a wooden table sitting around a box of pizza. | A group of friends gathered around a box of pizza.
000000279524,LLaVA-1.5-7B,"The image depicts a living room with a couch, a television, and a coffee table. The room is clean and well-organized, with a red rug on the floor. A man is standing in the doorway, possibly observing the room or preparing to enter. The living room is connected to a dining room, which features a dining table and chairs.","The image features a living room with a couch, a television, and a coffee table. A man is standing in the doorway, possibly entering or leaving the room. The room is decorated with a red rug, and there is a remote control placed on the coffee table. The television is located on the left side of the room, and the couch is positioned on the right side.","a living room with a brown couch a table and a black cabinet | Photo of a living room with a TV on the floor  and one on a stand, a person standing outside the door way. | The man is going to the door to let his date in. | A man walking past an empty living room.  | a living room with a couch and a tv near a wall"
000000204749,LLaVA-1.5-7B,"The image features a large truck driving down a highway. The truck is captured in a side mirror, which provides a unique perspective of the vehicle. The mirror shows the truck's side view, including the driver and the surrounding environment.

In addition to the truck, there are several cars visible in the scene, with one car located behind the truck and others scattered along the highway. The presence of multiple vehicles suggests a busy roadway.","The image features a large truck driving down a highway. The truck is visible in the mirror, which is positioned on the side of the vehicle. The mirror reflects the truck and the highway, providing a clear view of the surroundings.",a truck in the reflection on a car mirror  | A tuck looking out its window in the rain | looking into a truck mirror at another truck morror | the reflection of a white truck in a mirror | a mirror that has a truck in the reflection
000000053624,LLaVA-1.5-7B,"The image features an elephant standing in a watering hole, drinking water from a pond. The elephant is the main focus of the scene, and it appears to be enjoying the water. 

In the background, there are several people observing the elephant from a safe distance. Some of them are standing closer to the elephant, while others are further away. The scene captures the interaction between the elephant and the onlookers","The image features an elephant standing in a watering hole, drinking water from a pond. The elephant is the main focus of the scene, and it appears to be enjoying the water. 

In the background, there are several people observing the elephant from a distance. Some of them are standing closer to the elephant, while others are further away. The people seem to be interested in the elephant's actions and enjoying",A large gray elephant standing on a pool of water. | An elephant is standing in the water drinking it. | An elephant drinking water in an enclosure at a zoo. | An elephant standing in water and drinking it through his trunk.  | Elephant enjoying a drink of water in zoo.
000000545826,LLaVA-1.5-7B,"A black and white cat is wearing a blue elephant hat. The cat is sitting on a chair, and the hat is covering its face. The chair is positioned in the middle of the scene, and the cat is occupying the lower part of the image.","A black and white cat is wearing a blue elephant hat. The cat is sitting on a chair, and there is a pink yoga mat nearby.",A black and white cat that is standing on all fours and has an elephant hat on it's head. | A black cat with white paws is standing among some wooden boards and a toy. | A cat is wearing a small elephant hat. | A cat on a stool with something on its head | There is a cat wearing an elephant hat
000000510791,LLaVA-1.5-7B,"A tennis player is standing on a tennis court, holding a tennis racket. He is wearing a white shirt and shorts, and appears to be preparing to play a game. The tennis court is surrounded by grass, and there is a sports ball visible in the scene.","A man wearing a white shirt and white shorts is standing on a tennis court, holding a tennis racket. He appears to be preparing to play a game of tennis. The tennis court is surrounded by grass, and there is a sports ball visible in the scene.",Walking the court prepares the tennis player for his upcoming match. | A tennis player walking on a grass court. | A man holding a racquet on top of a tennis court. | a guy walking on a court carrying a stick | a man is holding a tennis racket on a court
000000056070,LLaVA-1.5-7B,"The image features a black and orange motorcycle parked on a sidewalk. The motorcycle is positioned next to a yellow parking meter. In the background, there are two more motorcycles, one of which is parked further away.

There are several people in the scene, with one person standing close to the left side of the motorcycle, another person near the center, and two more people on the right side of the image. Additionally, there is a car park","The image features a black and orange motorcycle parked on a sidewalk. The motorcycle is positioned next to a yellow parking meter. In the background, there are two other motorcycles, one of which is parked further away. Additionally, there are two cars visible in the scene, one parked behind the motorcycle and the other one parked in the background.",A motorcycle parked next to a yellow thing and tree. | A black and orange motorcycle on a sidewalk. | A shiny motorcycle is parked on a city sidewalk. | Two motorcycles parked on a bricked sidewalk against a newspaper rack. | A motorcycle parked next to a yellow object on a sidewalk.
000000294992,LLaVA-1.5-7B,"The image features a neatly made bed in a bedroom. The bed is adorned with a white comforter and a blue pillow. The room is well-lit, with sunlight streaming through a window, creating a warm and inviting atmosphere.

In addition to the bed, there is a chair located near the bed, and a book placed on the bed. A clock can be seen on the wall, and a vase is present in the room, adding to","The image features a neatly made bed with a white comforter and blue pillows. The bed is situated in a bedroom with a blue wall and a window. A lamp is placed on a nightstand next to the bed, providing lighting for the room. There are several books scattered around the room, possibly indicating a reading area or a study space. Additionally, a clock can be seen on the wall, helping to keep track of time.","a view inside a bedroom seeing a bed , table stand and an open window | A bed sitting in a bedroom under a window. | A sofa and a bed are cramped into in a room. | a bedroom with blue walls and yellow details | A room with a bed, window, lamp and curtains. "
000000052462,LLaVA-1.5-7B,"The image features two zebras standing in a grassy field. They are positioned close to each other, with one zebra on the left side and the other on the right side of the frame. The zebras are surrounded by tall grass, which adds to the natural setting of the scene.","The image features two zebras standing in a grassy field. They are positioned close to each other, with one zebra on the left side and the other on the right side of the frame. The zebras appear to be looking in the same direction, possibly observing something in the distance. The field is filled with tall grass, providing a natural habitat for the zebras.",Two zebra standing next to each other in a dry grass field. | Two zebras standing in tall savannah grass near forest brush. | Two zebras are walking through tall brown grass. | Two zebras standing in a field of tall grass. | Two zebras roaming through the terrain in a countryside setting.
000000045920,LLaVA-1.5-7B,"A baseball player is standing on a grassy field, wearing a baseball uniform and a baseball glove. The field is covered with grass, and the player appears to be looking at the camera.","A baseball player wearing a gray uniform stands on a grassy field. He is holding a baseball glove, possibly preparing for a game or practice. The field is covered with grass, and the player is the main focus of the image.","A great picture of a person in the stillness motion.
 |  A baseball player standing on top of a field. | A baseball player standing in a field with his glove | A player is standing alone in a ground. | a baseball player standing in the outfield "
000000550552,LLaVA-1.5-7B,"The image showcases a large, well-lit kitchen with a wooden dining table surrounded by chairs. The table is adorned with a red tablecloth, and there are several chairs placed around it. The kitchen features a refrigerator, an oven, and a sink, as well as a clock on the wall.

In addition to the main furniture, there are various items scattered throughout the kitchen. A vase can be seen on the counter,","The image showcases a large, well-lit kitchen with a wooden dining table surrounded by chairs. The table is adorned with a red tablecloth, and there are multiple chairs placed around it. The kitchen features a refrigerator, an oven, and a sink.

In addition to the main elements, there are several decorative items in the kitchen, such as a clock on the wall, a vase, and a bowl. A p","A large kitchen with an  island surrounded by stools. | A real estate photo shows a kitchen with breakfast nook. | A kitchen features two tables and chairs and white interior cabinets and white shudders. | An open, furnished kitchen with dining room table | This kitchen has wooden ceilings and two tables"
000000449114,LLaVA-1.5-7B,"The image captures a tennis player in action, swinging a tennis racket to hit a sports ball. The player is in the middle of the court, and the ball is positioned close to the player. The tennis racket is held in a raised position, ready to make contact with the ball. The scene is dynamic and showcases the player's skill and focus on the game.","A man is playing tennis on a court, swinging his racket to hit a tennis ball. He is wearing a blue shirt and black shorts. The tennis ball is in the air, close to the man. The scene captures the dynamic movement of the tennis player as he attempts to make a successful shot.",A tennis player jumps and hits a ball. | A man is playing tennis on a tennis court. | a man is playing tennis on a court | A man with a tennis racket with a tennis ball in the air. | The tennis player is returning a difficult serve.
000000473299,LLaVA-1.5-7B,"The image captures a snowy scene with a person riding a snowboard down a snow-covered slope. Another person is also present in the scene, standing on the snow-covered ground. The snowboarder is wearing a hat, and the snowboard is visible beneath them. The overall atmosphere of the image is that of a fun and exciting winter activity.","The image captures a snowy scene with a woman riding a snowboard down a snow-covered slope. She is wearing a black jacket and appears to be enjoying her time on the snowboard. Another person can be seen in the background, possibly watching the woman snowboard or waiting for their turn. The snowboard is clearly visible, as is the woman's snowboarding gear.",A man riding a snowboard on top of a snow covered slope. | A person on a snowboard riding it in the snow. | People riding down the side of a snowy hill. | A pair of skiers on a snowy hillside dressed for cold weather. | A person rides a snowboard in a forest setting.
000000500270,LLaVA-1.5-7B,"The image captures a young woman riding a skateboard at a skate park. She is skillfully navigating the park, possibly performing tricks or simply enjoying the ride. The skate park features a variety of ramps and structures, providing a suitable environment for skateboarding.

In addition to the main skateboarder, there are several other people in the park, some of whom are also riding skateboards. A bicycle can also","A woman is riding a skateboard at a skate park, possibly performing a trick. The park features a cement ramp and a metal railing. There are several other people in the park, some of them also riding skateboards. Additionally, there are two bicycles in the scene, one near the center and the other towards the right side.",A woman in black shirt riding a skateboard. | a person skateboarding near a skateboarding park at sunset. | People skateboard around a skate park near rails.  | A man riding a skateboard at a skate park. | A young woman on a skateboard in a skate park
000000147921,LLaVA-1.5-7B,"The image depicts a lively scene at a harbor with several people walking around. There are at least 12 people visible in the scene, some of them carrying backpacks. The harbor is bustling with activity, as there are multiple boats of varying sizes scattered throughout the water.

In addition to the people and boats, there are two benches situated near the water, providing a place for people to sit and enjoy the view. The overall atmosphere of the","The image features a beach area with a group of people standing near the water. Some of them are wearing backpacks, and a few are carrying handbags. The beach is lined with benches, and there are several boats visible in the water. The scene is bustling with activity, and the atmosphere appears to be lively and enjoyable.","A beach with umbrellas, boats, and people biking or walking. | A beach scene with a dock and boat at it. | A empty road next to the ocean with lots of boats. | A yacht pulling up to a swimming beach. | A beach front with a yacht in the background."
000000052166,LLaVA-1.5-7B,"The image captures a skiing competition where a man is skiing down a rail, while a crowd of people watches the event. The spectators are spread out around the scene, with some standing closer to the rail and others further away. The skier is in the center of the scene, with his skis visible as he navigates the rail. The atmosphere is lively, as everyone seems to be enjoying the exciting skiing event.","The image captures a skiing event where a man is performing a trick on a rail. He is wearing a green jacket and is in the middle of the action. The scene is filled with people, some of whom are watching the performance, while others are standing around.

There are several pairs of skis visible in the scene, with one pair near the man performing the trick and another pair further away. A backpack can be seen placed on the ground, and a hand",Professional skier performing tricks for a group of people at a ski resort. | A person on skis up on a rail with a group of people watching. | A crowd watches a skier perform a stunt on a rail. | A group of people watching a person doing a trick on skis. | A group of people watching a skier on a track.
000000478157,LLaVA-1.5-7B,"The image shows a group of people sitting on the grass, enjoying a picnic. There are several dogs present, with one dog lying on the ground and another dog sitting on the grass. The people are eating and drinking, with a few cups and bottles scattered around the area. The scene is lively and full of enjoyment.","In the image, a group of people is sitting on the grass, enjoying a picnic. There are two dogs present, one of which is lying on the ground, while the other is sitting. A woman is eating a hot dog, and there are multiple cups and bottles scattered around the area. A handbag is also visible, placed on the ground. The scene is lively and filled with people and pets enjoying their time outdoors.",Two people eating corn dogs with two small dogs between them. | A cute furry dog with some people in the grass. | People eating lunch on the ground with their dog.  | Two people eating food sitting on the grass. | Two people with small dogs sit in the grass eating. 
000000075051,LLaVA-1.5-7B,"The image features a white toilet with a closed lid, placed in a bathroom. The toilet is situated next to a trash can, which is filled with trash. The bathroom also has a sink and a mirror, which can be seen in the background.","The image features a white toilet with a closed lid, placed in a bathroom. The toilet is situated next to a trash can, which is filled with waste. The bathroom also has a sink and a mirror, completing the bathroom setup.",A small white toilet sitting next to a metal trash can. | A compact toilet and shower of a small bathroom | A close up shot of a white toilet and waste bin. | A small white toilette with the lid closed has a metal trash can on one side and a shower stall on the other. | a toilet bowl and a trash can in a bathroom
000000174871,LLaVA-1.5-7B,"The image features a black dog with a white mouse on its back, walking down a street. The dog is wearing a harness, and the mouse is sitting on its back. There are several people in the scene, some of them standing close to the dog and mouse, while others are further away.

In the background, there are two motorcycles parked on the side of the street. Additionally, there is a handbag placed on the ground near the center of the scene","The image features a dog with a mouse on its back, walking down a street. The dog is wearing a harness, and the mouse is sitting on its back. There are several people in the scene, some of whom are standing or walking nearby. A motorcycle is parked on the left side of the image, and a handbag can be seen on the ground. The overall atmosphere suggests a lively street scene with people and animals interacting.",A photograph of a cat and mouse on top of a dog. | A mouse and cat sit on top of a dog. | Small dog with both a cat and a mouse riding on its back. | Cat and mouse riding on a dog on a busy city street. | a close up of a dog with a cat and a mouse on its back
000000063791,LLaVA-1.5-7B,"The image depicts a group of men playing soccer on a grassy field. There are at least 12 people in the scene, with some of them actively participating in the game. A sports ball is visible in the middle of the field, and a bench can be seen on the left side of the field.

In the background, there are several cars parked, with a total of 11 cars visible. Some of the cars are parked closer","The image depicts a group of men playing soccer on a field. There are several players actively engaged in the game, with one player running towards the soccer ball. The soccer ball is located towards the right side of the field.

In the background, there are multiple cars parked, with some closer to the left side of the field and others further away. A bench can be seen on the left side of the field, providing a place for players to rest",A group of men playing soccer in a park. | People outside playing soccer in a park with people watching.  | Two men playing a game of soccer on a grass field. | A group of people playing soccer in a park | Several men playing soccer in a park with a few onlookers.
000000560797,LLaVA-1.5-7B,"The image features a group of men standing on a baseball field, with some of them wearing blue jumpsuits. They are posing for a picture, and one of the men is holding a baseball. The scene takes place in front of a large stadium, where a crowd of people is watching the event. The stadium has a variety of advertisements displayed on its walls, creating a lively atmosphere.","The image features a group of men standing on a baseball field, with some of them wearing blue jackets. They are posing for a picture, and one of the men is holding a baseball. The scene takes place in front of a large stadium, where a crowd of people is watching the game. The spectators are scattered around the field, with some standing closer to the action and others further away.","NASA men making first, ceremonial pitch at a baseball game. | A NASA astronaut throwing out the first ball at a baseball game | A group of men on a field playing baseball. | A bunch of guys on a baseball field about to throw the ball. | A man standing in front of a group of men getting ready to throw a bass to another man."
000000063144,LLaVA-1.5-7B,A man is surfing on a wave in the ocean. He is wearing a black wetsuit and riding a white surfboard. The scene is captured in a black and white photo.,"A man is surfing on a wave in the ocean. He is wearing a black wetsuit and riding a white surfboard. The wave is relatively small, and the man appears to be skillfully navigating it.",A surferboarder is surfing on a small wave. | The man with a wet suit on is surfing in the water. | A person in a wet suit riding a surf board  | A man surfs a small wave in calm waters. | THERE IS A MAN ON THE SURF BOARD ON THE WAVES
000000220981,LLaVA-1.5-7B,"The image features a cell phone with a blue face, placed on a table. The phone is positioned in such a way that it appears to be holding a tooth, possibly a bone or a piece of a bone. The scene is quite unusual and intriguing.","A blue robot is holding a cell phone in its hand. The cell phone is displaying a blue screen. The robot is positioned on a table, and there is a potted plant nearby.",A sad smart phone holding a half a banana. | A figurine that holds an iPhone stands on a table. | a phone with arms holding a piece of banana. | A comical face on a cellphone with a body on it. | An iPhone with a sad face and arms and legs attached.
000000379475,LLaVA-1.5-7B,"The image features a cluttered desk with a laptop computer sitting on top of it. The desk is surrounded by various items, including a keyboard, a mouse, and a cell phone. There are also several books scattered around the desk, adding to the cluttered appearance.

In addition to the desk items, the wall is adorned with a collection of pictures, creating a visually interesting and personalized space.","The image features a desk with a laptop computer on it. The laptop is open and has a keyboard in front of it. There are several books scattered around the desk, with some placed on the left side and others on the right side. A person can be seen in the background, possibly working or studying. The desk is situated in a room with a wall full of pictures, creating a visually engaging environment.",A couple of laptop computers sitting on top of a desk. | A home work station with two laptop computers on it. | Two lap tops set up on a desk in front of a decorated wall. | A computer desk with laptops on it with many photos on the wall behind it . | A desk scene with two laptops and pictures on the wall.
000000113294,LLaVA-1.5-7B,"The image features a man standing on a rocky shore, holding onto a boat that is tied to the shore. The boat is positioned in the water, and the man appears to be preparing to launch it. The scene also includes a few other boats in the water, adding to the overall atmosphere of the location.","A man is pulling a boat into the water, while another person is standing nearby. The boat is positioned close to the shore, and there are several other boats in the water, some of which are further away. The scene also includes a few people scattered around the area, possibly enjoying the day or assisting with the boat launch.",A man tying a boat to a shore line by the water. | the man ties off his small fishing boat in the sea | A man is pulling up a sailboat to dock it on the shore. | A man is holding onto the ropes on his boat | Man tending to small boat on large waterway.
000000536426,LLaVA-1.5-7B,"The image features a fire hydrant situated on the side of a street. The fire hydrant is painted white and is located near the curb. A bright orange traffic cone is placed next to the fire hydrant, possibly to indicate a hazard or to mark a specific area. The scene also includes a car parked further down the street.","The image features a fire hydrant situated on the side of a street. The fire hydrant is painted white and has a red cone placed in front of it. The scene also includes a stop sign and a car parked nearby. The street is lined with trees, providing a pleasant atmosphere.",A photo of a fire hydrant with a cone next to it. | The view of red traffic cone near a fire hydrant. | A FIRE HYDRANT AND WARNING  CONE SITTING ON THE CORNER | A traffic cone in the grass beside a fire hydrant. | a fire hydrant sits next to a street cone 
000000231088,LLaVA-1.5-7B,"The image features a row of colorful umbrellas hanging from a wire. There are a total of six umbrellas, each with different colors and patterns. The umbrellas are arranged in a visually appealing manner, creating an eye-catching display. The scene is set against a blue sky, which adds to the overall aesthetic of the image.","The image features a row of colorful umbrellas hanging from a wire. There are five umbrellas in total, each with a different color. The umbrellas are arranged in a visually appealing manner, creating an eye-catching display. The arrangement of the umbrellas suggests that they are either being displayed for sale or are part of an art installation.",6 open umbrellas of various colors hanging on a line | The sun shining through different colored umbrellas.  | Multi-colored umbrellas hung like a mobile on a wire | Six umbrellas floating in the air near a building. | Several umbrellas of different colors are hanging in the sun.
000000545475,LLaVA-1.5-7B,"The image features a cat lying on a rug, surrounded by a variety of shoes. The shoes are scattered around the cat, with some located near the top, middle, and bottom of the scene. The cat appears to be sleeping or resting comfortably in the midst of the shoes.","A cat is sleeping on a rug, surrounded by a variety of shoes. The shoes are scattered around the cat, with some close to the cat and others further away. The cat appears to be resting comfortably in the midst of the shoes.",A cat thats lieing in a pile of shoes by the door.  | a kitty laying among four pair of shoes | A cat that is laying next to a bunch of shoes. | A cat is surrounded by a pile of shoes. | A cat laying on many shoes on a brown rug. 
000000560358,LLaVA-1.5-7B,"The image features a large clock mounted on a pole, prominently displayed in a building. The clock is positioned in the center of the scene, with its face visible. The building has multiple windows, and the clock is situated in front of one of them. The clock's face is illuminated, making it stand out against the darker background.","The image features a large clock mounted on a pole, prominently displayed in a building. The clock is positioned in the center of the scene, with its face facing the viewer. The building has multiple windows, some of which are located on the left side, while others are on the right side. The clock's presence in the building suggests that it serves as a functional and decorative element within the space.",A clock is on a pole under a set of windows. | a clock in front of three big windows. | A clock sitting in the middle of a building. | the clock is showing thirty-four passed twelve in the station | A lit clock with several bright windows behind it at night.
000000036051,LLaVA-1.5-7B,"The image features a woman playing tennis, holding a tennis racket and preparing to hit a tennis ball. She is wearing a white shirt and pink shorts, and the scene takes place on a tennis court. There are several other people in the background, possibly watching the game or waiting for their turn to play.","A woman is playing tennis, holding a tennis racket and preparing to hit a tennis ball. She is wearing a white shirt and pink shorts. The scene takes place on a tennis court, with several other people in the background.",A woman playing tennis in front of a blurry crowd. | A woman hitting a tennis ball with a tennis racquet. | A woman swinging a tennis racket at a ball on a court. | A woman swinging a tennis racket at a ball. | The woman is hitting a tennis ball with her racket.
000000076731,LLaVA-1.5-7B,"The image features a wooden table with a computer keyboard and a pen placed on it. The keyboard is positioned towards the left side of the table, while the pen is located towards the right side. The table appears to be a workspace or a study area.","A pencil is placed on top of a computer, specifically on a keyboard. The keyboard is a part of a computer, which is placed on a wooden table.",A pen is sitting on top of a laptop. | A wooden table with a purple laptop and orange pen. | A pen sitting on top of an electronic devise | A scale with a musical instrument sitting on top of it. | A yellow pen on top of a closed lap top computer.
000000394199,LLaVA-1.5-7B,"A woman is sitting on a red motorcycle, smiling and wearing a red bandana. She is wearing glasses and has a white shirt. The motorcycle is parked in a yard, and there is a small shed in the background.","A woman is sitting on a red motorcycle, smiling and posing for a picture. The motorcycle is parked in a grassy area, and there is a small shed nearby. The woman is wearing a red bandana and glasses, and she appears to be enjoying her time on the motorcycle.","A woman sitting on top of a red motorcycle. | A woman takes a selfie in her backyard on a moped. | A woman with glasses and a red bandana around her neck, smiling next to a red motorcycle.  | A woman is posing next to a red motorcycle. | a woman on her bike in her yard"
000000550013,LLaVA-1.5-7B,"The image features a man standing in a grassy field, holding a golf club. He is wearing a red shirt and appears to be enjoying his time outdoors. The man is also wearing glasses, which adds to his overall appearance. The scene is set in a park-like environment, with a dog nearby, possibly accompanying the man during his outdoor activities.","A man is standing in a grassy field, holding a golf club. He is wearing a red shirt and appears to be playing golf. The scene is set in a park-like environment with trees in the background.",A man walking around with his dog and sheep. | A man walking across a field holding a wand near a dog. | A man is standing in a field with a dog and goat. | A man is training a sheepdog for a sheepdog trial. | Man with golf club and a dog and a goat
000000532503,LLaVA-1.5-7B,"The image features two men standing on a snowy hill, enjoying the winter scenery. One man is wearing a white jacket, while the other is wearing a black jacket. Both men are holding their hands up, possibly to catch snowflakes or simply to interact with each other.

There are two handbags in the scene, one near the center and the other closer to the right side. The men are also wearing backpacks, with one","In the image, two people are standing on a snowy hill, enjoying the winter scenery. One person is wearing a white jacket, while the other is wearing a black jacket. Both individuals are holding cell phones, possibly taking pictures or communicating with others. The scene also features a backpack, which is placed on the ground near the people.",Man and woman on an ice covered bridge. | a couple of people are standing in the snow | A woman taking a selfie near a ledge | a couple of people that are standing on some ice | A man and woman taking pictures at the edge of a canyon.
000000492562,LLaVA-1.5-7B,"The image features a train traveling across a bridge over a body of water. The train is carrying a variety of cargo, including multiple cars and a truck. The scene is set against a backdrop of mountains, adding to the picturesque view. The train is moving along the tracks, providing a sense of motion and progress.","The image features a train crossing a bridge over a body of water. The train is carrying multiple cars, and the bridge is supported by several pillars. The scene is set against a backdrop of mountains, adding to the picturesque view.",A mountainside with a railroad of trains passing. | A train crossing a bridge over water next to some hills.  | A train goes over a bridge in a mountainous area.  | A train following train tracks in the mountains.  | A train crossing of a railroad bridge above water.
000000297442,LLaVA-1.5-7B,"The image features a person wearing blue shoes and standing on a skateboard. The skateboarder is positioned in the center of the scene, with the skateboard placed horizontally beneath their feet. The person is wearing a black shirt and appears to be enjoying their time skateboarding.","A person is standing on a skateboard, wearing blue shoes and black pants. The skateboard is positioned under the person's feet, and there is a skateboard in the background. The scene appears to be set in a skate park.",A person wearing blue shoes riding a skateboard. | Blue sneakers with white shoe laces are touching a skate board. | A person with blue ripped sneakers riding a skateboard | A person in worn out shoes holds down a skate board. | A person in worn out blue sneakers with a skateboard.
000000245102,LLaVA-1.5-7B,"The image depicts a snowy subway station with a train on the tracks. The station is equipped with a traffic light, which is currently displaying a red light. The tracks are surrounded by a snowy landscape, and the station appears to be empty. The scene is illuminated by a few lights, creating a somewhat dark atmosphere.","The image depicts a snowy subway station with a train on the tracks. The train is positioned in the middle of the scene, and the tracks are visible in the foreground. A traffic light is present in the background, and a person can be seen standing near the edge of the image. The overall atmosphere of the scene is cold and snowy, with the train and traffic light being the main focal points.",A bright red light that is on the side of a snow covered street. | A snow covered ramp in a parking garage | A light shines over a canopy on a snow covered sidewalk. | The entrance and exit to a snowy parking garage. | it is snowing near a staircase and some walls with a light
000000191845,LLaVA-1.5-7B,"The image depicts a busy city street filled with people walking and holding umbrellas. There are numerous umbrellas of various sizes and colors, providing protection from the elements. The crowd is diverse, with individuals of different ages and genders.

Some people are carrying handbags, and a few are wearing backpacks. The street is bustling with activity, as people navigate the urban environment. The overall atmosphere is lively and vibrant,","The image depicts a busy city street filled with people walking and holding umbrellas. There are numerous umbrellas of various sizes and colors, with some people carrying handbags. The crowd is diverse, with individuals of different heights and positions.

In the background, there are a few cars and a truck, indicating that the street is a bustling urban area. The overall atmosphere suggests a lively and active city environment.",A crowd of people with umbrellas on a street. | A crowd of people crossing a street holding umbrellas. | Crowd of people walking across the street under umbrellas | a crowded street of people all with umbrellas | A group of people crossing a street with umbrellas.
000000295491,LLaVA-1.5-7B,"The image depicts a group of people gathered around a dining table, enjoying a buffet-style meal. The table is filled with various food items, including cakes, pies, and other desserts. There are several cups and bottles placed around the table, suggesting that the guests are enjoying beverages as well.

The people are standing and sitting around the table, with some individuals closer to the table and others further away. The atmosphere","The image features a group of people gathered around a dining table, enjoying a buffet-style meal. There are several cakes on the table, with one large cake placed towards the right side and another smaller cake closer to the left side. 

Various bottles are scattered across the table, with some placed near the center and others closer to the edges. A few cups can also be seen on the table, with one near the center and another towards",Military personal serving themselves food at an event. | Soldiers getting food at a patriotic banquet table. | Military personnel holding plates looking for food on tables. | Service men and women attending a buffet for america. | A buffet table filled with desserts being served to military personnel.
000000224104,LLaVA-1.5-7B,"The image features a police officer riding a horse through a busy city street. The officer is wearing a blue helmet and is positioned in the middle of the scene. The horse is located towards the left side of the image.

The street is filled with various vehicles, including multiple cars and a bus. There are traffic lights visible in the scene, with one on the left side and another on the right side. A few pedestrians can be seen walking along the street","A police officer is riding a horse on a city street. The horse is positioned in the middle of the scene, and the officer is wearing a blue helmet. The street is busy with multiple cars and a bus, as well as a traffic light. The traffic light is located on the left side of the scene, and the bus is on the right side. The cars are scattered throughout the scene, with some closer to the foreground and others further back.",A man riding on the back of a brown horse down a street. | A cop that is sitting on a horse. | A police officer in uniform and with a helmet riding on the back of a horse at a stoplight. | An officer sits on a brown horse on a city street. | A man in a police uniform sitting on a horse by a traffic light.
000000249623,LLaVA-1.5-7B,"The image features a black bear walking down a dirt road surrounded by trees. The bear is positioned in the middle of the scene, and the road appears to be a path through the woods. The scene captures the bear's natural habitat and movement.","A black bear is walking down a dirt path surrounded by trees. The bear is in the middle of the scene, and the path appears to be a trail through the woods.",A black bear walking through a path in the woods. | A large black bear walks along a rock covered trail. | A black bear that is walking on a rock pathway. | A large black bear walking down a dirty road. | A bear walks alone on a dirt road in the bush.
000000371890,LLaVA-1.5-7B,"The image features a white and black cat lying on the ground, possibly on a patio. The cat is positioned near a bicycle, which is parked in the background. There are also two chairs in the scene, one located closer to the cat and the other further away. The overall atmosphere suggests a relaxed and comfortable environment for the cat.","A white and black cat is laying on the ground next to a bicycle. The cat appears to be sleeping or resting. The bicycle is parked in the background, and there is a chair nearby.",a black and white cat a chair and some bicycles | A cat lays next to a bike in the back yard. | A cat that is laying on some dirt outside. | a white cat is laying down on the ground | The cat was white and brown  and was going to sleep
000000123842,LLaVA-1.5-7B,"The image is a black and white photo of a cow and a bird in a forest. The cow is standing on the right side of the image, while the bird is on the left side. The scene appears to be a painting or a drawing, as it is not a real-life image. The cow is positioned closer to the viewer, while the bird is farther away, creating a sense of depth in the scene.","The image features a television screen displaying a scene of two cows standing in a field. The cows are positioned close to each other, with one cow being larger than the other. The television screen occupies the majority of the image, showcasing the cows in a natural setting.",A TV with two cows standing in a forest displayed on it's screen. | A television with a man and a bull on the screen. | A television screen has some cows on it. | A television screen displaying a cow in a wooded area. | The television is on and is showing a boy and a bull.
000000282231,LLaVA-1.5-7B,"A man is standing in front of a tennis racket, holding it in his hand. He is wearing a black shirt and appears to be looking at the camera. The scene takes place in a room with a flag in the background, possibly representing a sports event or competition.","A man is standing in a room, holding a tennis racket. He is wearing a black shirt and appears to be looking at the camera. The room has a flag on the wall, and there is another tennis racket visible in the background.",A young man in a black tee holding a racquet | A man holding a racket with a banner written underneath him. | A young man holding a tennis racket in his hands. | A young man is holding a tennis racquet. | A young man holding a red tennis racquet.
000000430756,LLaVA-1.5-7B,"In the image, a woman is hugging a brown horse with a pink bridle. The horse is standing in a stable, and the woman is petting it. The scene is set in a barn, with a bicycle visible in the background. The woman appears to be enjoying her time with the horse, creating a warm and affectionate atmosphere.","A woman is hugging a brown horse, which is wearing a pink bridle. The horse is standing in a stable, and the woman is petting it. The scene also includes a bicycle and a motorcycle, which are located in the background.",A person brushes a tied up horse.  | A woman with a horse brush in one hand and the other hand on the horse.  | the woman is grooming her horse while it is hitched up | A chestnut horse stands bridled in a barn. | a person and a brown and white horse
000000297349,LLaVA-1.5-7B,"The image depicts a group of people gathered around a small building, possibly a shed or a hut. They are standing in a line, with some of them holding backpacks. There are several backpacks scattered around the area, with some placed on the ground and others being held by the people. The group appears to be waiting or preparing for an activity, possibly involving the backpacks.","The image depicts a group of people standing around a small building, possibly a shed or a hut. There are several suitcases and backpacks scattered around the area, indicating that the people might be travelers or tourists. Some of the individuals are wearing backpacks, while others have suitcases. The people are engaged in conversations or waiting for their turn to enter the building. The scene suggests a social gathering or a shared travel experience among the group.",A group of people standing around a pile of luggage. | A bunch of bags sitting in the dirt. | a bunch of people that are leaning on a fence | there are many people standing together y a fence | some people suitcases bags backpacks and a fence
000000067463,LLaVA-1.5-7B,"The image features a large truck driving down a street, with a trailer attached to it. The truck is positioned in the middle of the scene, and the trailer is located towards the right side of the image. The truck is also carrying a crane, which is visible on the right side of the trailer.

There are two people in the scene, one standing near the left side of the image and the other closer to the center. Additionally, there are","A large truck is driving down a street, pulling a trailer with a crane on it. The truck is positioned in the middle of the scene, and the trailer is located towards the right side of the image. The crane is extended, possibly for a construction or maintenance project.",A truck that is sitting in the road. | A truck driving down a street next to a forest. | A large tow truck drives down the street. | A large flatbed truck drives on the street. | A large truck driving down the road near the grass.
000000008612,LLaVA-1.5-7B,"The image features a large brown and white cow standing in a grassy field. The cow is positioned near the center of the scene, and it appears to be looking at the camera. The field is surrounded by a fence, and there are trees in the background, providing a natural and serene environment for the cow.","A large brown and white cow is standing in a grassy field under a tree. The cow appears to be looking at the camera. The field is fenced in, and there is a building in the background.",A young alpaca under a tree in the country. | a brown bull is standing in his pen and some trees | A brown four legged animal with horns in the outdoors.  | A steer is standing under a shade tree. | a cow under the shade of a near by tree
000000431655,LLaVA-1.5-7B,"A single red rose is placed in a glass vase, sitting on a table. The rose is the main focus of the image, and it appears to be the only flower in the vase. The vase is positioned in the center of the table, and the rose is surrounded by a few leaves. The overall scene is simple and elegant, with the rose as the main subject.","A single red rose is placed in a glass vase, sitting on a table. The rose is the main focus of the image, with its vibrant color and delicate petals. The vase is positioned in the center of the table, providing a clear view of the rose.",A red rose sitting on a vase filled with water. | A red rose is in a clear vase half-filled with water. | A small clear glass with a pretty red rose. | A large red rose is in a clear vase full of water. | There is a red rose in a clear vase of water.
000000530500,LLaVA-1.5-7B,"A woman is holding a tablet computer, which displays a picture of two people. She is sitting on a couch in a living room, surrounded by various items. There are two cups on the table, one near the center and the other closer to the edge. A bowl is also present on the table, located towards the left side. Additionally, there are two books in the room, one on the table and the other on a surface nearby.","A woman is holding a tablet computer, which displays a picture of two people. She is sitting on a couch in a living room, with a cup placed nearby. The room also contains a chair and a book.",A woman looking over a picture in a frame. | This old picture brings back great memories of when we were dating. | A woman is looking at a picture in a frame. | A woman in a striped shirt holds a picture as she stands near a sofa. | A woman staring at a framed picture in her hands.
000000093893,LLaVA-1.5-7B,"The image features a wooden dining table with a group of teddy bears sitting around it. There are a total of five teddy bears, each with a cup in front of them, as if they are enjoying a tea party. The cups are placed on the table, and the bears are positioned in various ways, creating a cozy and playful atmosphere.","The image features a wooden dining table with a group of teddy bears sitting around it. There are a total of five teddy bears, each with a cup in front of them, as if they are enjoying a tea party. The cups are placed on the table, and the teddy bears are positioned in various ways, creating a cozy and playful atmosphere.",A group of brown teddy bear sitting at a brown wooden bench. | A group of teddy bears sitting at a table some food. | The teddy bears are posed to sit at the toy picnic table.  | a group of teddy bears sitting at picnic table. | Stuff teddy bears is sitting at a table bench with each teddy bear have a plate of food.
000000068050,LLaVA-1.5-7B,"The image features a group of sheep grazing in a lush green field. There are at least six sheep visible in the scene, with some standing closer to the foreground and others further back. The sheep are scattered throughout the field, enjoying the abundant grass. The scene is serene and picturesque, showcasing the beauty of the countryside.","The image features a group of sheep grazing in a grassy field. There are at least six sheep visible in the scene, with some standing closer to the foreground and others further back. The sheep are scattered throughout the field, with some closer to the fence and others more towards the center. The overall atmosphere of the scene is peaceful and pastoral.",A group of animals that is standing in the grass. | Sheep are standing next to a chain link fence.  | some goats standing around by a fence  | Sheep in a field by the fence on a clear day. | a herd of sheep stand on a grass terrain 
000000506178,LLaVA-1.5-7B,"The image captures a man in a black shirt playing a video game using a Wii remote. He is standing in a room, and the Wii remote is clearly visible in his hand. Another person is also present in the room, possibly watching the man play or waiting for their turn. The room appears to be a living space, with a couch and a chair visible in the background.","A man is playing a video game, holding a Wii remote in his hand. He is wearing a black shirt and appears to be enjoying the game. Another person is visible in the background, possibly watching the game or waiting for their turn to play.",Blurry image of men in living room playing a stand-up video game. | a guy playing wii in a blurry photo | Blurry photo of a young man playing a video game. | The men are playing video games on the wii together | A man standing in a room with a remote.
000000200231,LLaVA-1.5-7B,"The image features a wooden bench with a variety of stuffed animals and flowers placed on it. There are two teddy bears, one on the left side and another on the right side of the bench. Additionally, there are two stuffed animals in the middle of the bench, and a few more scattered around. 

The bench is adorned with a bouquet of pink flowers, and there are two books placed on the bench, one near the","The image features a wooden bench with a variety of stuffed animals and flowers placed on it. There are two teddy bears, one on the left side and another on the right side of the bench. Additionally, there are three stuffed animals in the middle of the bench. The flowers are scattered around the bench, with some placed near the teddy bears and others near the edge of the bench. The scene creates a warm and inviting atmosphere.",A bench with a bunch of stuffed animals and other items on it | a bench that has a bunch of teddy bears and flowers on it | Teddy bears and flowers are in the memorial. | A bench with memorial bears and flowers on it. | Gifts are left on a bench along with flags and letters.
000000476300,LLaVA-1.5-7B,"The image features a group of elephants walking down a dirt road. There are at least five elephants visible in the scene, with some of them carrying people on their backs. The elephants are spread out along the road, with some closer to the foreground and others further in the background. The scene captures the majestic animals as they traverse the dirt path.","The image features a group of elephants walking down a dirt road. There are at least five elephants visible in the scene, with some of them carrying people on their backs. The people are seated on a bench, which is placed on the side of the road. The elephants are walking in a line, creating a sense of order and harmony in the scene.",Several elephants walking in the dirt near grass.  | Four elephants are standing in an open space. | Several elephants are walking up a dirt hill. | A herd of elephants walking across a dirt field. | several elephants roam an open field of grass and dirt 
000000125242,LLaVA-1.5-7B,"The image features a delicious pizza with pepperoni and cheese toppings. The pizza is cut into two slices, and one slice is placed on a plate. The plate is sitting on a dining table, which occupies the majority of the scene. The pizza appears to be a popular choice for a meal.","A slice of pizza is placed on a paper plate, which is resting on a dining table. The pizza is topped with pepperoni and cheese, making it a delicious and appetizing meal.",there are two slices of different pizzas on a paper plate | Two slices of different kinds of pizza are on a plate. | There is a piece of pepperoni pizza and a piece of sausage pizza. | A plate of two different types of pizza slices on a table | Two different slices of pizza with tissue paper under it on a paper plate.
000000327917,LLaVA-1.5-7B,"The image captures a group of people enjoying various water sports on a cloudy day. There are two kites flying in the sky, one near the left side and the other towards the center. A person is windsurfing in the middle of the scene, while another person is parasailing on the right side. Additionally, there are two more people in the water, one closer to the left edge and the other near the center. The scene is lively and full of","The image features a person kiteboarding in the ocean, with a kite flying in the sky above them. The person is riding a surfboard, skillfully navigating the water. The scene is set against a backdrop of a cloudy sky, adding to the overall atmosphere of the image.",A para-sailor on the water one sunny day. | A person out in the water wind surfing.  | Wind surfer riding on a large green kite in the water.  | A man kiteboarding over the ocean under a cloudy sky. | A couple of birds are flying over the beach
000000064030,LLaVA-1.5-7B,"The image features a group of swans swimming in a body of water. There are at least six swans visible in the scene, with some swimming closer to the foreground and others further away. The swans are spread out across the water, creating a sense of depth and movement in the scene.","The image features a group of swans swimming in a body of water. There are at least six swans visible, with some swimming closer to the foreground and others further away. The swans are spread out across the water, creating a sense of depth and movement in the scene.",A flock of ducks floating on top of a lake. | White goose with young floating on water in daytime. | A family of ducks swimming in the water | A group of ducks and a swan in the water. | An adult swan swimming in the water with a few young ones behind it.
000000229270,LLaVA-1.5-7B,"A man is sitting in front of a large pile of luggage, which includes suitcases and backpacks. He is wearing a red shirt and appears to be waiting for his turn to board a plane. The luggage is scattered around him, with some suitcases placed on the floor and others stacked on top of each other.","A man is sitting in front of a large pile of luggage, which includes various suitcases and a backpack. The man appears to be waiting or preparing for a trip. The luggage is scattered around him, with some suitcases placed closer to him and others further away.",A man with a scarf is next to a suitcase. | A man near several pieces of luggage.  | A man standing next to several cases of luggage.  | A man sitting next to a pile of stacked suitcases | An oriental man stands beside a cart of luggage being pulled by someone.
000000347688,LLaVA-1.5-7B,"The image captures a tennis player in action, leaping into the air to hit a tennis ball with a racket. The player is wearing a blue shirt and is in the middle of the jump. The tennis ball is visible in the air, and the player's racket is positioned above the ball. The scene takes place on a tennis court, with the player's feet off the ground, showcasing their athleticism and skill.","The image captures a tennis player in action, leaping into the air to hit a tennis ball with a racket. The player is wearing a blue shirt and black shorts. The tennis ball is in the air, close to the player, and the racket is held in the player's hand. The scene takes place on a tennis court, with a fence visible in the background.",A person hitting a tennis ball with a racquet. | A person is jumping and stretching holding a tennis racket. | a person playing tennis and stretching to reach the ball | tennis playing reaching to get the ball on the court | Man in blue shorts and grey shirt swinging at a tennis ball. 
000000268215,LLaVA-1.5-7B,"The image features a plate filled with a variety of food items. The main dish is a piece of meat, possibly chicken, accompanied by rice and vegetables. The vegetables include carrots and green beans, which are scattered around the plate. There is also a slice of lemon on the plate, adding a touch of citrus flavor to the meal. The plate is placed on a dining table, ready to be enjoyed.","The image features a plate filled with a variety of food items. The plate contains a piece of meat, possibly chicken, and a side of rice. Additionally, there are several carrots scattered around the plate, adding to the colorful and appetizing presentation. The dish appears to be a balanced meal, offering a mix of protein, carbohydrates, and vegetables.","A glass plate that has food on it sitting on a table. | a plate with some chicken and vegetables on it  | a white and blue plate with rice chicken and some vegetables | A plate of food on a table  | string beans and carrots cooked together, rice with a piece of fish and a slice of lemon"
000000148329,LLaVA-1.5-7B,"A man is sitting in a car, brushing his teeth with a green toothbrush. He is wearing a red shirt and glasses. The car is parked in a parking lot, and there are other cars and a truck in the vicinity.","A man is sitting in a car, brushing his teeth with a green toothbrush. He is wearing a red shirt and glasses. The car is parked in a parking lot, and there are other cars and a truck in the vicinity.",A man holding a tooth brush up to his face. | Man in red shirt eating something that is green. | A man brushing his teeth outside his car. | This man is outside on a sunny day next to his car. | A man with eyeglasses seated and a car behind him
000000411968,LLaVA-1.5-7B,"The image features a bathroom with a sink and a mirror above it. The sink is surrounded by a wooden vanity, and there is a towel rack nearby. The bathroom is well-equipped with a toilet, a shower, and a towel. The sink is accompanied by a bottle, a cup, and a toothbrush. The overall atmosphere of the bathroom is clean and well-maintained.","The image features a bathroom with a sink and a mirror. The sink is equipped with a faucet and a soap dispenser. There are two toothbrushes placed near the sink, and a bottle is located close to the mirror. The bathroom also has a toilet situated in the background.","A clean bathroom is pictured in this image. | A bathroom counter with a white sink inside of it. | a bathroom with a black counter and a big mirror | A black topped sink and mirror in a bathroom. | A motel style bathroom vanity, sink, mirror and toilet."
000000511724,LLaVA-1.5-7B,"The image features a group of elephants, including both adult and baby elephants, standing together in a dirt field. The elephants are of various sizes, with some being larger and others smaller. They are gathered around a fence, possibly in a zoo or wildlife sanctuary. The scene captures the bond between the elephants and their close proximity to one another.","The image features a group of elephants, including both adult and baby elephants, standing together in a dirt area. The elephants are gathered around a fence, with some of them looking over the fence. The scene appears to be a zoo enclosure, where the elephants are enjoying their time together.",A family of elephants standing next to each other. | A group of elephants standing inside a pin | 3 adult elephants stand with a baby elephant behind a fence. | Three large elephant and one baby elephant in a zoo enclosure. | Three elephants surround a calf behind a fence.  
000000284641,LLaVA-1.5-7B,"The image features a white dog wearing a striped shirt, lying on a bed. The dog is accompanied by a brown teddy bear, which is placed near the dog. The scene appears to be a cozy and comfortable environment for the dog and the teddy bear.","A white dog is laying on a bed, wearing a striped shirt. The dog is accompanied by a brown teddy bear, which is also on the bed. The scene appears to be a cozy and comfortable environment for the dog and the teddy bear.","An adorable white dog laying on top of a bed in a shirt holding a teddy bear. | a dog that is wearing a shirt and has a teddy bear | A dog laying on a bed with a stuffed animal | A small dog wearing a t shirt sits next to a bear. | A small, white dog laying on a bed with a stuffed toy."
000000575970,LLaVA-1.5-7B,"The image showcases a large kitchen with wooden floors and wooden cabinets. The kitchen is well-equipped with a stove, oven, microwave, and sink. There are two chairs positioned in the kitchen, one near the sink and the other near the stove.

Various kitchen items can be seen, such as a bowl, a cup, a vase, and a bottle. Additionally, there are several oranges scattered throughout the kitchen","The image features a large kitchen with wooden floors and wooden cabinets. The kitchen is well-equipped with a refrigerator, microwave, oven, and sink. There are two stools positioned in the kitchen, one near the sink and the other near the oven. 

Various kitchen items can be seen, such as a bowl, a cup, a vase, and a bottle. Additionally, there are two apples placed on",The living room is nicely cleaned and organized. | A neatly arranged room with two lights.  | Three bar stools in a kitchen with a black refrigerator. | A sleek modern kitchen with pale oak floors and open cabinets and an island with stools. | A counter stands in the center of a kitchen.
000000498535,LLaVA-1.5-7B,"The image features a baseball player wearing a blue and orange uniform, holding a baseball glove in his hand. He is surrounded by a group of people, some of whom are also wearing baseball gloves. The scene appears to be a gathering or a practice session for the baseball team.","The image features a baseball player wearing a blue and orange uniform, holding a baseball glove. He is in a crouched position, likely preparing to catch a ball. The player is surrounded by a group of people, some of whom are wearing ties. The scene appears to be a gathering or event where the baseball player is the center of attention.",A base ball player wearing a catchers mitt. | A baseball player crouching with a crowd behind him. | A man wearing hat and a baseball glove. | New York Mets baseball player playing the game waiting for the ball. | A baseball player in a blue jersey standing ready with a catcher's mitt
000000007260,LLaVA-1.5-7B,"The image captures a lively tennis match taking place on a grass court. Two women are playing against each other, with one holding a tennis racket and the other holding a tennis ball. The scene is filled with excitement as a crowd of spectators watches the match intently.

There are several people in the background, some of whom are standing close to the court, while others are further away. A bench can be seen in the background, likely for players to rest during","The image depicts a lively tennis match taking place on a grass court. Two women are playing tennis, with one holding a tennis racket and the other holding a tennis ball. The tennis ball is in the air, and the players are actively engaged in the game.

There are several spectators watching the match, with some standing closer to the court and others further away. A bench can be seen in the background, likely for players to rest during breaks. The scene",women on a tennis court playing a game of tennis  | Four people compete in a doubles tennis match. | four people on the tennis court playng a doubles match  | There are people playing a game of tennis. | Four people playing tennis on a tennis court with onlookers.
000000522613,LLaVA-1.5-7B,"The image features a giraffe standing in a forest, surrounded by trees and bushes. The giraffe is positioned in the center of the scene, with its long neck and legs prominently visible. The forest appears to be a lush green, providing a natural habitat for the giraffe.","The image features a giraffe standing in a forest, surrounded by trees. The giraffe is looking up, possibly observing its surroundings or the camera. The giraffe's long neck and legs are prominently visible, making it the main focus of the scene.",A tall giraffe standing in a forest on a grassy ground. | The giraffe is a tall a the tree trunks near to it. | A brown and white giraffe is standing among the trees. | Lone giraffe standing in grass facing the camera. | A giraffe standing upright near a group of trees.
000000281725,LLaVA-1.5-7B,"The image captures a snowy scene with several people skiing and snowboarding. A woman in a pink jacket is prominently featured, skiing down the slope while holding her ski poles. Other people can be seen skiing and snowboarding in the background, creating a lively atmosphere on the mountain.","The image captures a snowy scene with multiple people skiing and snowboarding. A woman in a pink jacket is prominently featured, skiing down the slope while holding her ski poles. Other people can be seen skiing and snowboarding in the background, creating a lively atmosphere on the snow-covered hill.",A man riding a snowboard over a snow covered slope. | There are snowboarders and skiers on a slope | Skiers and snowboarders on a snowy slope near a ski lift. | a person riding a snow board on a snowy slope | a man in a red jacket going down the hill on a snowboard
000000097599,LLaVA-1.5-7B,"The image features a steam train traveling down the tracks, blowing smoke as it moves. The train is quite large, occupying a significant portion of the scene. The smoke is visible in the air, creating a dramatic atmosphere. The train appears to be moving through a countryside setting, with trees in the background.","The image features a steam train traveling down the tracks, blowing smoke as it moves. The train is surrounded by a lush green field, and there are trees in the background. The train is quite large, occupying a significant portion of the image.","A train is traveling down the train tracks during the day. | A photo of a steam engine train going by. | A vintage train is going down the tracks, | A train with steam pouring out of it's engine through a rural country side. | A black, steam locomotive pulling many train cars behind it."
000000127068,LLaVA-1.5-7B,"A man is standing in front of a surfboard, looking at it. The surfboard is white and has a black logo on it. The man appears to be a surfer, possibly preparing for a surfing session.","A man is standing next to a surfboard, which is attached to a wall. The surfboard is white and has a black logo on it. The man appears to be looking at the surfboard, possibly admiring it or preparing to use it.",A man holds a surfboard at the beach. | A man looking at a wooden surf board. | Young man peers at his wooden surfboard on the beach. | A dark haired man holding a wooden surfboard. | A man examines a surf board that has a label on it.
000000248382,LLaVA-1.5-7B,"A woman wearing an orange dress is sitting on a bench, looking at the camera. She is wearing a scarf and has a pensive expression on her face. The bench is located in a park setting, surrounded by trees and grass.",A woman wearing an orange dress is sitting on a bench. She is wearing a scarf and has a pensive expression on her face. The bench is located in a park setting.,A woman in orange sari on a park bench. | A woman sitting on a wooden bench outside. | a close up of a person sitting on a bench outdoors | A woman sitting on a bench wearing an orange dress. | A woman in orange is sitting on a bench.
000000109055,LLaVA-1.5-7B,"The image features a white and brown cat sitting on a bicycle wheel. The cat is positioned in the middle of the wheel, and its mouth is open, possibly yawning. The bicycle is surrounded by other bicycles, creating a unique scene.","A cat is sitting in front of a bicycle wheel, with its mouth open, possibly yawning or growling. The bicycle has a red frame and is parked on the sidewalk. The cat appears to be relaxed and comfortable in this environment.",A cat sitting between two bikes  sitting next to each other. | A cat that is sitting in between bikes. | A cat with its mouth opened sitting between some bikes. | Cat sitting on the ground between bikes showing its teeth. | a cat sitting next to a bunch of bikes parked next to each other
000000100801,LLaVA-1.5-7B,"The image features a tennis court with a man wearing a white shirt and a headband, holding a towel. He is likely a tennis player, as he is holding a tennis racket. The scene also includes several other people, some of whom are sitting on chairs, while others are standing or walking around the court. The presence of multiple people suggests that this could be a tennis event or practice session.","The image features a tennis court with a man wearing a white shirt and a headband, holding a tennis racket. He is walking across the court, possibly after a match or practice session. 

There are several other people in the scene, some of them standing or sitting on chairs, while others are walking around the court. A few chairs are scattered around the court, and a backpack can be seen placed nearby. The presence of multiple people and chairs suggests",A tennis player is biting his towel as he walks to the back of the court. | A man with a racket walks on a court with a towel. | A tennis player is biting his towel while on court.  | A man on a tennis court chewing on a towel and holding a racquet. | a blue and green pro tennis court and a tennis player
000000146509,LLaVA-1.5-7B,"The image features a teddy bear store with a large teddy bear sitting outside the store. The teddy bear is positioned in front of the store, likely to attract customers. The store has a window display filled with various teddy bears, showcasing the store's merchandise. The scene is set in a quaint, old-fashioned town, with a brick building and a clock visible in the background.","The image features a teddy bear store with a teddy bear sitting outside the store. The teddy bear is positioned in front of the store, possibly waiting for customers to enter. The store has a window display filled with various teddy bears, showcasing the store's merchandise. The scene is set in a brick building, giving it a charming atmosphere.",The front of a business that sells teddy bears. | A store building with stuffed bears in the window. | A large teddy bear standing next to a window filled with stuffed bears in front of a building. | A giant teddy bear stands in front of a teddy bear store. | an orange brick building with a window and a big mascot 
000000256031,LLaVA-1.5-7B,"The image captures a man skillfully riding a wave on a surfboard. He is wearing a wetsuit and appears to be enjoying the thrill of the sport. The surfboard is positioned in the middle of the scene, with the man standing on it and maintaining balance. The wave is the main focus of the image, providing an exciting and dynamic backdrop for the surfer.","A man is surfing on a wave in the ocean. He is wearing a wetsuit and riding a surfboard. The scene is captured in black and white, giving it a timeless feel. The man is skillfully navigating the waves, showcasing his talent in the sport.",A surfer is depicted riding a wave on a surf board. | A man carves a wave on his surf board | a man that is surfing on some body of water | A surfer is surfing the waves in the ocean.  | a person riding a surf board on a wave 
000000264769,LLaVA-1.5-7B,"The image features a person sitting on a chair, surrounded by various crafting tools and materials. There are multiple scissors placed on the table, with one pair located near the center of the table and another pair closer to the right side. A pair of scissors can also be seen on the left side of the table.

In addition to the scissors, there are two bottles on the table, one near the left edge and the other closer to the center. A","A person is sitting on a chair, holding a pair of scissors and a container. The scissors are placed on the container, and the person is likely cutting or preparing the material inside the container. The scene suggests a creative or artistic activity, such as sewing or crafting.",A couple pairs of scissors and a person sitting. | Some scissors and pliers that are on a table together. | A black leather mat with pliers and scissors on it. | A woman using yarn scissors and needle nose pliers for her project. | A pair of scissors and pliers sit on a surface.
000000569997,LLaVA-1.5-7B,"The image features a wooden entertainment center with a flat screen TV on top. The TV is turned off, and there are several remotes placed around the center. In addition to the TV, there are two laptops, one on the left side and the other on the right side of the entertainment center. A keyboard is also present on the right side of the center. The arrangement of these items suggests a well-equipped entertainment space.","The image features a wooden entertainment center with a flat screen TV on top. The TV is turned off, and there are several remotes placed around the center. A keyboard is also present on the entertainment center. The room has a cozy atmosphere, with a couch situated in the background.","The television stand has many remotes and electronics on it. | A tv stand features a tv, gaming console and many other electronics. | The television in the room is turned off. | An entertainment unit with a flat screen TV, various electronics, and remote controls. | A television that is sitting on an entertainment stand."
000000197792,LLaVA-1.5-7B,"The image features a teddy bear sitting on a table next to a cross. The teddy bear is positioned in the center of the scene, while the cross is located on the left side. There are also several books scattered around the table, with some placed near the teddy bear and others on the right side of the table. The scene creates a cozy and inviting atmosphere.","A teddy bear is sitting on a table next to a cross. The teddy bear is positioned in front of the cross, and there is a book nearby. The scene appears to be a display of religious or spiritual items.",A black and white photo of a teddy bear holding a cross. | A stuffed teddy bear holding a crucifix in its paws. | A teddy bear is siting holding a cross. | A small stuffed bear holding a crucifix with Christ. | A teddy bear that is holding a cross.
000000322177,LLaVA-1.5-7B,A man is lying on the snow with his snowboard attached to his feet. He is wearing a blue jacket and black pants. The man appears to be enjoying his time on the snowboard.,A man is lying on the snow with his snowboard attached to his feet. He is wearing a blue jacket and black pants. The man appears to be enjoying his time on the snow-covered ground.,The snowboarder is laying on the snow with his board in the snow. | A snowboarder is laying in the white snow. | A snowboarder lies on his back on some hard packed snow. | an image of a man lying in the snow going thru a snow bank | THERE IS A BOY WHO IS ON A SNOW BOARD 
000000191226,LLaVA-1.5-7B,"The image captures a man skillfully riding a wave on a surfboard. He is wearing a red shirt and appears to be enjoying the thrill of the sport. The surfer is in the middle of the wave, showcasing his talent and balance.","A man is surfing on a wave, skillfully riding a white surfboard. He is wearing a red shirt and a black wetsuit, which helps him maintain body temperature in the water. The surfer is in the middle of the wave, showcasing his talent and balance.",A man surfing on a surf board in the ocean. | A man in a wet suit riding a wave on a surfboard. | A man rides his surfboard on the waves. | a man that is surfing on a wave in water | A surfer rides a wave in this Michael L. Baird photo.
000000248087,LLaVA-1.5-7B,"The image features a green and white bus driving down a street. The bus is carrying a large number of packages, with some of them appearing to be wrapped in plastic. The bus is also adorned with a few potted plants, adding a touch of greenery to the scene. The bus is positioned in the middle of the street, and the packages are distributed throughout the vehicle.","A green and white bus is parked on the side of the road, with a fence in front of it. The bus is loaded with various items, including a large number of potted plants and a few suitcases. The bus appears to be a public transportation vehicle, possibly used for transporting goods or plants.",Bus driving along loaded with packages and bags on the luggage rack on the roof. | A green bus loaded with a lot of items on the top. | A bus rides across the distance of a big field | a commuter bus drives down a street with some stuff on top of it  | a green bus with peoples belongings on top
000000475889,LLaVA-1.5-7B,"The image depicts a group of people gathered around a dining table, preparing and serving hot dogs. There are several hot dogs placed on the table, and people are standing around the table, engaging in conversation and enjoying the event.

In addition to the people and hot dogs, there are a few bottles and cups scattered around the table, possibly containing beverages for the guests. A bench can be seen in the background, providing seating for the","The image depicts a group of people gathered around a dining table, preparing and serving hot dogs. There are several hot dogs on the table, with some placed closer to the people and others further away. The people are engaged in conversation and preparing food, creating a lively atmosphere.

In the background, there are a few chairs and a bench, suggesting that the event is taking place in an outdoor setting. Additionally, there are a few bottles and",A group of people gather near a table with food. | Many people are fixing plates at a picnic table. | A group of people under a tent getting some food. | A group of people with food out on a table. | People standing around preparing hot dogs at gathering.
000000460049,LLaVA-1.5-7B,"The image features a train track surrounded by lush greenery. The train track is located in a valley, with a river nearby. The scene is filled with trees, creating a serene and picturesque environment. The train track is situated in the middle of the scene, with the surrounding trees and the river in the background.","The image features a train track with a train on it, traveling through a lush green forest. The train is surrounded by trees and vegetation, creating a serene and natural atmosphere. The track is situated in a valley, adding to the picturesque scenery.",A train moving on a remote area with a river flowing next to the railway. | A train approaches down a track going through the forest. | a yellow train going around a curve past some trees  | A yellow train moves through a heavily forested area. | A train on a curved track near trees and shrubs.
000000235621,LLaVA-1.5-7B,"A woman is sitting on a rock near the water, holding a surfboard. She is wearing a backpack and appears to be enjoying her time by the ocean.","A woman is sitting on a rock near the water, holding a surfboard. She is wearing a backpack, which is placed on the rock next to her. The scene appears to be a beach or coastal area, with the ocean in the background.",A person sitting on rocks near the water holding a surfboard. | A guy carrying a surfboard and wearing a backpack. | A person with a backpack with on some rocks with a surfboard. | A woman sitting on a large rock looking out at the water. | A woman is looking into the water ready to go surfing
000000046650,LLaVA-1.5-7B,"A banana is placed on top of a record player, with the record spinning. The banana is positioned in the middle of the record, and the record player is located on the right side of the image.","A banana is placed on top of a record player, with the record spinning. The banana is positioned in the center of the record, and the record player is located on the left side of the image.",A banana sitting on top of a black record. | A record player with a banana on a record | A vinyl record on a record player with a banana on top. | A ripe banana atop a vinyl phonograph record on a turn table. | A banana is taking a ride on a turntable.
000000086951,LLaVA-1.5-7B,"The image features a computer setup with a large Dell computer monitor on the left side of the desk. A keyboard and a mouse are placed in front of the monitor, creating a comfortable workspace. 

In addition to the computer setup, there are two cell phones on the desk, one on the left side and the other on the right side. A TV is also present in the scene, located on the right side of the desk. The overall arrangement suggests a well","The image features a computer setup with a large Dell computer monitor on the left side of the desk. A keyboard is placed in front of the monitor, and a cell phone is located on the right side of the desk. The desk is surrounded by three other monitors, creating a multi-monitor setup.","Three computer monitors, a phone and a key board sit on a desk. | A computer station with triple monitors, keyboard and mouse. | Three computer screens that are on a desk. | Three monitors sitting on top of computer equipment. | Computer with three monitors set up on a desk"
000000260307,LLaVA-1.5-7B,"The image features a street corner with a traffic light and a street sign. The traffic light is yellow, and the street sign indicates the intersection of Park Avenue and One Way. The scene also includes a parking meter and a fire hydrant nearby. The street is lined with buildings, and there are a few people walking around the area.","The image features a street corner with a traffic light hanging from a pole. The traffic light is yellow, indicating that it is about to change to red. The street sign is attached to the pole, providing information about the intersection. The scene also includes a car parked nearby, and a person standing on the sidewalk.",Some street signs near a big bridge overpass. | A pole with four street signs and a crosswalk light. | a street pole with signs and lights on it | A group of street signs next to bridge in city. | A variety of signs are displayed on a pole.
000000040317,LLaVA-1.5-7B,"The image captures a person skiing down a snow-covered slope. The skier is wearing a blue jacket and is positioned in the middle of the scene. The skis are visible beneath the person, as they glide down the hill. The slope is surrounded by trees, adding to the picturesque winter landscape.","A person is skiing down a snowy hill, wearing a blue jacket and a helmet. The skier is in the middle of the slope, surrounded by trees and snow. The skis are visible beneath the person, gliding smoothly through the snow.",The skier is going down the snow covered hill.  | A skier wearing a helmet comes down a hill. | A skier in the snow skiing by the trees.   | A skier maneuvers around trees on a snowy mountain top | The skier is coming down the snowy mountain.
000000003217,LLaVA-1.5-7B,"The image features a wooden bench situated in a forest, surrounded by trees and leaves. The bench is positioned in the middle of the scene, providing a comfortable spot for visitors to sit and enjoy the natural surroundings. The forest appears to be a peaceful and serene environment, perfect for relaxation and contemplation.","The image features a wooden bench situated in a forest, surrounded by trees and leaves. The bench is positioned on a dirt path, providing a comfortable spot for visitors to sit and enjoy the natural surroundings.",A wooden bench on the ground next to some trees. | A wooden bench on a dirt path with trees and bushes around the pathways. | A wooden bench is sitting in the middle of the forest.  | A single bench off of the side of a dirt path in the woods. | A wooden bench sits beside the forest trail.
000000313214,LLaVA-1.5-7B,"The image captures a lively scene at a beach, where a large group of people are enjoying a sunny day flying kites. There are numerous kites of various shapes and sizes soaring in the sky, creating a vibrant and colorful atmosphere. The beach is bustling with activity, as people of all ages participate in this fun outdoor activity.","The image captures a lively scene at a beach, where a large group of people is enjoying a sunny day flying kites. There are numerous kites of various shapes and sizes soaring in the sky, with some kites flying higher than others. The beach is bustling with activity, as people of all ages are participating in this fun outdoor activity.",A group of people flying kites at the beach. | people on a sandy beach flying multi-colored kites | People flying high kites on beach with city background | People together on a beach flying several kites. | Several people on a beach flying their kites.
000000123677,LLaVA-1.5-7B,"The image depicts a group of people gathered around a table, celebrating and enjoying each other's company. There are four wine glasses filled with wine, and the guests are holding the glasses in a toasting gesture. 

In the background, there is a TV mounted on the wall, and a potted plant can be seen placed on the left side of the room. The atmosphere appears to be warm and inviting, with everyone engaged in the festivities","In the image, a group of people is gathered around a table, holding wine glasses and toasting. There are four wine glasses visible, with one placed closer to the left side of the table, another in the middle, and two more on the right side. A vase can be seen on the left side of the table, and a clock is mounted on the wall above the table. The people are engaged in a social event, enjoying each other's company and sharing",A group of people holding up wine glasses. | A number of people making a toast holding beverage glasses. | Four people are gathered together drinking wine.  | A group of mature people celebrate with wine.  | Four glasses of wine being brought together by people.
000000246105,LLaVA-1.5-7B,"A man and woman are standing together, cutting a cake. The woman is wearing a dress, and the man is wearing a white shirt. They are both smiling as they cut the cake. The cake is placed on a table, and there are several bottles nearby.","A man and woman are standing together, cutting a cake. The man is holding a knife, and the woman is smiling. The cake is placed on a dining table, which is surrounded by several wine bottles. The couple appears to be enjoying a special occasion, such as a wedding or anniversary celebration.",A man and a woman cut a cake together. | The couple is cutting their wedding cake together. | Two people cut a cake on a table | A man and woman cutting a cake and smiling. | a woman is standing over a white cake
000000152103,LLaVA-1.5-7B,"The image features a small white dog sitting on a messy bed. The bed is covered with blankets and pillows, and the dog is wearing a blue collar. The room also contains a chair and a clock on the wall. There are several pictures hanging on the wall, adding to the cluttered appearance of the room.","The image features a small white dog sitting on a messy bed. The bed is covered with blankets and pillows, and the dog is wearing a blue collar. The room also contains a chair, a clock, and a bedside table. The dog appears to be looking at the camera, capturing the viewer's attention.",White dog sitting on a unmade bed with blue sheets. | a dog standing on a bed in a bed room | A bedroom with a lot of dream catchers and a dog sitting on the bed. | Small white dog standing on an unmade bed. | A dog standing on a bed with a harness on.
000000415646,LLaVA-1.5-7B,"The image depicts a cozy attic bedroom with a bed, a desk, and a couch. The bed is located on the left side of the room, while the couch is situated on the right side. The desk is placed in the middle of the room, and a chair is positioned near the desk.

There are several books scattered throughout the room, with some placed on the desk and others on the floor. A clock is mounted on","The image depicts a cozy attic bedroom with a bed, a desk, and a couch. The bed is located on the left side of the room, while the couch is situated on the right side. The desk is placed in the middle of the room, with a chair positioned in front of it. 

There are several books scattered throughout the room, with some placed on the desk and others on the floor. A clock is mounted on",An attic bedroom with a bed and a couch. | A bedroom filled with two beds and lots of furniture. | A large living room with several items in it. | An attic bedroom for two is well lit. | A bedroom with slanted ceilings is illuminated by sunlight.
000000519755,LLaVA-1.5-7B,"The image features a woman wearing a blue dress and a white visor, playing tennis on a court. She is holding a tennis racket and appears to be in the middle of a swing. The scene is set on a green surface, which is typical for tennis courts.","A woman is playing tennis on a court, holding a tennis racket and swinging it. She is wearing a blue dress and a white hat. The tennis racket is positioned close to her, and she is in the middle of a swing.",Strength in a tennis match can prove successful. | A female tennis player begins to hit the ball with her racket | A female tennis player sets up to strike a ball. | A woman on a tennis court in mid-stride with her racquet back. | A woman taking a swing at a  tennis ball
000000402357,LLaVA-1.5-7B,"The image features a small elephant walking on a dirt road. The elephant is the main focus of the scene, occupying a significant portion of the image. The road appears to be a part of a zoo enclosure, as there are some fences visible in the background. The elephant seems to be enjoying its time outdoors, exploring the area.","The image features a small elephant walking on a dirt road. The elephant is the main focus of the scene, and it appears to be walking towards a fence. The fence is located on the left side of the image, and the elephant is positioned in the middle of the scene.",An elephant in a zoo walks toward the camera.  | An elephant with tusks walks on concrete and rocky walls and boulders are near him. | A captive elephant stands in the sunshine as it looks at the camera in the zoo.  | A medium sized elephant walking in his enclosure | A gray elephant is standing in a zoo enclosure.
000000528462,LLaVA-1.5-7B,"The image captures a baseball game in progress, with a man in the center of the scene swinging a baseball bat. He is wearing a grey shirt and appears to be in the middle of a powerful swing. 

There are several other people in the scene, some of them standing near the batter, while others are scattered around the field. A baseball glove can be seen in the background, and a sports ball is visible in the air. The atmosphere suggests an exciting","The image captures a baseball game in progress. A man is swinging a baseball bat, attempting to hit the ball. There are several other people in the scene, some of them holding baseball gloves, ready to catch the ball. The scene is lively, with people engaged in the game and others watching from the sidelines.",People are watching a man swing at an approaching baseball.  | A young man is taking practice swings on the field.  | A man swinging a bat at a ball. | A man batting barely delivering hit to ball | A man hits a baseball with a bat while a group of spectators watch him
000000008899,LLaVA-1.5-7B,"The image features a red brick building with a green door and a fire hydrant on the sidewalk. The building has a lot of graffiti on it, giving it a colorful and urban appearance. The graffiti is spread across various parts of the building, including the door, the walls, and the windows. The fire hydrant is located near the center of the scene, and a bicycle can be seen parked on the left side of the image.","The image features a red brick building with a green door and a fire hydrant on the sidewalk. The building has graffiti on it, and there are two fire escapes on the side. The scene also includes a bicycle parked on the sidewalk.","A red brick building with a graffiti covered front. | A graffiti-ridden building in an urban setting, a fire hydrant at curbside. | The building in the city has been vandalized. | A fire hydrant on the side of the street. | a red bricked building with a green door and graffiti"
000000070125,LLaVA-1.5-7B,"The image features a street sign with two street names, Fifth Avenue and Second Street, hanging from a pole. The street sign is located in a city, and the sky is visible in the background. The scene is set against a blue sky, creating a pleasant atmosphere.","The image features a street sign with two street names, Fifth Avenue and Second Street, hanging from a pole. The street sign is located near a building, and the sky is visible in the background.",A metal pole with a bunch of street signs hanging from the side of it. | a pole that has a bunch of street signs on it | There are many street signs on the pole. | a pole with some sign coming out the side of it  | a couple of street signs are on a pole above a street
000000140513,LLaVA-1.5-7B,"The image features a group of zebras standing in a dry grass field. There are three zebras in total, with one on the left side, another in the middle, and the third on the right side of the field. The zebras are standing close to each other, possibly grazing or socializing. The field appears to be a mix of grass and dirt, providing a natural habitat for the zebras.","The image features a group of zebras in a dry grass field. There are three zebras in total, with one standing closer to the left side of the field, another in the middle, and the third one on the right side. The zebras appear to be grazing on the grass, enjoying their time in the open field.","Three zebras standing in the middle of a plain in the wild. | A pack of zebra standing on a dry grass field next to green trees. | Three zebras trying to graze but not much is green. | Three young zebras roam a dusty grassy field. | Three zebras graze in a field, staying alert for predators."
000000513971,LLaVA-1.5-7B,"A cat is sitting on a window sill, looking out of the window. The window has a lace curtain and a hanging decoration, adding a touch of elegance to the scene. The cat appears to be enjoying the view and the sunlight coming through the window.","A cat is sitting on a window sill, looking out of the window. The window has a lace curtain and a hanging decoration. There are several potted plants in the room, with one near the cat and others placed around the room. A vase can also be seen in the room, adding to the decoration.",A cat is sitting outside on the ledge of a window. | A cat sits on a ledge on the outside of a building. | a small cat sits in front of a window  | The cat is precariously balanced on the  ledge outside the bedroom window. | A cat sits outside a window behind which some large black cats are eating.
000000032909,LLaVA-1.5-7B,"The image features a display of various cow statues, all painted in black and white. The statues are arranged in a row, with some of them placed closer to the front and others further back. The display showcases a diverse collection of cow statues, each with unique features and designs.","The image features a display of black and white cow statues. There are a total of six cows in the display, with some of them being larger and more prominent than others. The cows are arranged in a way that showcases their unique features and designs. The display is likely meant to attract attention and admiration from viewers.",Some very cute cows all lined up in a row. | A row of cattle standing side by side  | There is a row of cows with baby cows next to them. | a bunch of cows are standing with each other | Many black and white cows are standing in a row
000000347390,LLaVA-1.5-7B,"The image depicts a classroom setting with multiple laptops placed on tables. There are at least 12 laptops visible in the room, with some of them being used by students. The tables are arranged in rows, and there are several chairs placed around the room.

In addition to the laptops, there are two keyboards and a mouse on the tables. A TV is mounted on the wall, and a cell phone can be seen on one of","The image depicts a classroom setting with multiple laptops placed on tables. A woman is sitting at one of the tables, working on her laptop. The room is filled with chairs, some of which are placed around the tables, while others are scattered throughout the space. The chairs are of various sizes and styles, indicating a diverse and comfortable learning environment.",A classroom type setting with rectangular tables that have chairs and laptop computers at each desk. | A woman is looking at the laptop in the classroom. | A dark computer room with one woman inside of it.  | A girl is playing on a laptop in a computer lab. | A meeting room with tables covered in computers.
000000549012,LLaVA-1.5-7B,"The image features a delicious meal consisting of a sandwich, meat, and vegetables. The sandwich is filled with various vegetables, including carrots and cucumbers, and is accompanied by a meat patty. The dish is served on a plate, and the vegetables are scattered throughout the sandwich, making it a colorful and appetizing meal.","The image features a delicious meal consisting of a sandwich, meat, and vegetables. The sandwich is filled with various vegetables, including carrots and cucumbers. The meat is placed on top of the sandwich, and the dish is accompanied by a bowl. The arrangement of the food items creates an appetizing and colorful presentation.","A sandwich on a plate with meat, peppers, and cheese. | An open faced sandwich is topped with jalepenos. | A cucumber and meat sandwich sits on a plate. | Delicious looking meal of vegetables, cheese and meat on bread. | A close up of a sandwich with vegetables and wraps."
000000520694,LLaVA-1.5-7B,"A black and white cat is sitting inside a black suitcase. The cat appears to be relaxed and comfortable in the suitcase. The suitcase is placed on a bed, and the cat seems to be enjoying its time in the luggage.","A black and white cat is sitting inside a black suitcase. The cat appears to be relaxed and comfortable in the suitcase. The suitcase is placed on a bed, and the cat seems to be enjoying its time in the luggage.",A cat sitting on top of a suitcase on a bed. | A cat sitting on top of a suitcase on a bed | A very cute cat sitting on a piece of luggage. | The black and white cat sits on a black luggage bag. | a large black and white cat on top of a black suitcase
000000139623,LLaVA-1.5-7B,"The image features a train parked on a grassy field near a house. The train is positioned in the middle of the scene, with a few people scattered around the area. Some of the people are closer to the train, while others are further away. The scene appears to be a mix of a park and a train station, with the train serving as the focal point.","The image features a train parked on a grassy field near a house. The train occupies a significant portion of the scene, stretching from the left to the right side. The house is located behind the train, and there are two people in the scene, one closer to the train and the other further away. A bench can be seen in the middle of the field, and a backpack is placed on the ground near the person closer to the train.",A passenger train stopped at a stop next to a grassy field. | a train is stopped by a house across a large field | a train driving by a house with a well kept lawn | A big building on some grassy field during the day. | A residential house next to some trees and a field
000000404349,LLaVA-1.5-7B,"A cat is curled up and sleeping in a blue laundry basket. The basket is filled with clothes, and the cat is surrounded by them. The cat is positioned in the center of the basket, and the clothes are scattered around it.","A cat is curled up and sleeping in a blue laundry basket. The basket is filled with clothes, including a teddy bear. The cat is surrounded by the clothes, making it appear as if it is sleeping on top of the clothes.",A tray with a brown cat sleeping on top of a teddy bear inside | The kittens are taking a nap in the basket. | A cat asleep on a teddy bear in a laundry basket. | A cat laying inside of a white laundry basket. | A cat sleeps in a laundry basket on top of a stuffed animal. 
000000120420,LLaVA-1.5-7B,"The image features a man holding a cell phone up to his face, capturing a selfie. He is wearing a green shirt and appears to be in a park-like setting. There are several other people in the background, some of whom are carrying handbags. The scene is lively, with people enjoying their time outdoors.","A man is holding a cell phone up to his face, capturing a selfie. He is wearing a green shirt and a watch. The scene also includes other people in the background, some of whom are carrying handbags.",A man holding a silver flip phone open in front of his face. | A guy in a green shirt holding his cell phone to take a picture. | A man in a green shirt is taking a picture with his cell phone. | Man in a park taking a picture with his phone. | Individual is doing something at the moment that is intriguing.
000000038252,LLaVA-1.5-7B,"The image features a white Apple laptop computer sitting on a bed. The laptop is open, and its logo is clearly visible on the top. The bed appears to be a blue blanket, providing a comfortable setting for the laptop.","A white Apple laptop is sitting on a bed. The laptop is open, and the Apple logo is visible on the top. The bed is covered with a blue blanket, and the laptop is placed on top of it.","A picture of an Apple computer with a black background. | A gray laptop with an apple in the center of the lid sits on a dark surface. | The silver cover of an Apple laptop computer  | Top of an apple laptop against a black background. | A closed, white Apple laptop lies on a wrinkled surface."
000000290248,LLaVA-1.5-7B,"The image depicts a bustling city street filled with people walking around and engaging in various activities. There are numerous individuals scattered throughout the scene, some carrying handbags and backpacks.

A few people are standing near a building, possibly waiting to enter or exit. The street is lined with shops, and there are several umbrellas set up, providing shade for the pedestrians.

A car can be seen parked on","The image depicts a bustling city street filled with people walking around and engaging in various activities. There are numerous individuals scattered throughout the scene, some carrying handbags and backpacks. 

A few people are standing near a building, possibly waiting to enter or exit. A car is parked on the side of the street, and a few chairs can be seen in the area. The overall atmosphere is lively and energetic, typical of a busy",A crowd of people standing in the middle of a street. | A crowd of people are walking through a covered sidewalk. | People walk down a crowded street at a festival | A large crowd is walking in the street for a festival | Several people are grouped together in a public area.
000000343229,LLaVA-1.5-7B,"The image features a pile of luggage, including a red and black backpack, a red and black duffle bag, and a red and black suitcase. The luggage is placed on a brick floor, possibly in a living room. The backpack is positioned on the left side of the pile, while the duffle bag is located in the middle, and the suitcase is on the right side. The scene suggests that the owner of these bags","The image features a pile of luggage, including a red and black backpack, a red and black duffle bag, and a red and black suitcase. The luggage is placed on a brick floor, possibly in a living room. The backpack is positioned on top of the pile, while the duffle bag and suitcase are placed below it. The scene suggests that the owner of the luggage is either packing or unpacking their",A large red bag on the ground in a room. | Three luggage bags are next to a taped box. | Several pieces of luggage on carpet in front of a fireplace. | A bunch of luggage sitting on the ground. | a red bag is on the floor in a room
000000036252,LLaVA-1.5-7B,"The image captures a beautiful beach scene with a woman in a black wetsuit standing in the water, holding a surfboard. She is wearing a black wetsuit and appears to be enjoying her time in the ocean. 

There are several other people in the scene, some of them are also wearing wetsuits, while others are not. A few surfboards can be seen in the water, with one near the woman and another further away. The","The image features a woman in a wetsuit standing in the ocean, holding a surfboard. She is wearing a black and red wetsuit, and the surfboard is red and white. The ocean is filled with waves, and there are several other people in the water, some of them also holding surfboards. The scene captures the excitement and enjoyment of surfing and spending time in the ocean.",A woman wading through water holding a surfboard. | A woman carries a surfboard into the ocean. | there are many surfers riding waves in the water | A woman carrying a surfboard out into the ocean. | A couple of people on surf boards on a beach.
000000336102,LLaVA-1.5-7B,A pizza with a Mickey Mouse design on top is sitting in a box. The pizza is covered in cheese and has a few black spots. The box is placed on a dining table.,A pizza with a Mickey Mouse design on top is sitting in a box. The pizza is covered in cheese and has a few black spots. The box is placed on a dining table.,"A mouse head shapped pizza sitting in a box. | A pizza in a box is shaped like Mickey Mouse.  | A large pizza in the shape of cat face with two ears, | A pizza made in the shape of Mickey Mouse. | A picture of a pizza in the shape of mickey mouse's head."
000000197263,LLaVA-1.5-7B,"The image features a man wearing a camouflage tie with a blue shirt. The tie is tied in a knot, and the man is wearing a blue shirt underneath. The tie is positioned in the center of the image, and the man is standing in the foreground.",A person wearing a blue shirt and a camouflage tie. The tie is loosely tied around the person's neck.,A man wearing a shirt and tie with long hair. | Black and white photo of patterned neck tie being worn | This is a black and white photo of a man wearing a tie. | Man in a suit and dress shirt standing still.  | man wearing denim shirt and tie with spots
000000234169,LLaVA-1.5-7B,"The image showcases a display case filled with a variety of doughnuts. There are at least 14 doughnuts visible in the case, each with different flavors and toppings. The doughnuts are arranged in a visually appealing manner, with some placed closer to the front and others further back in the case. The assortment of doughnuts offers a delightful selection for customers to choose from.","The image showcases a display case filled with a variety of doughnuts. There are at least 13 doughnuts visible in the case, each with different toppings and flavors. The doughnuts are arranged in a visually appealing manner, with some placed closer to the front and others further back in the case. The display case is likely found in a bakery or a similar establishment, offering customers a wide selection of delicious treats.",Dozens of donuts are under a glass display case. | A doughnut display case is shown with a varitey. | a few trays of doughnuts under some glass | A display case of many different kinds of a donuts.  | A doughnut case at a shop with many offerings
000000096711,LLaVA-1.5-7B,"A woman is sitting on a bench, eating a sandwich. She is wearing a hat and a brown jacket. There are several other people in the scene, some of whom are riding bicycles. A handbag is placed on the bench next to the woman. The setting appears to be a busy street with various modes of transportation, including bicycles and a car.","A woman is sitting on a bench, eating a sandwich. She is wearing a hat and a brown jacket. There are several other people in the scene, some of whom are riding bicycles. A handbag is placed on the bench next to the woman. The setting appears to be a busy street with various modes of transportation, including bicycles and a car.",A woman is sitting outdoors eating some food.  | Woman eating food sitting on park bench with bikes in background. | A woman eating a sandwich on a bench near the street. | A woman sitting on bench eating food with people riding bikes behind her. | The woman is eating outside on the bench. 
000000332300,LLaVA-1.5-7B,"The image features a clock mounted on the side of a building. The clock is positioned near the top of the building, making it easily visible. The clock face is blue, and it displays the time as 12:21. The building's architecture adds a sense of grandeur to the scene.","The image features a clock mounted on the side of a building. The clock is positioned near the top of the building, making it easily visible to passersby. The clock's face is blue, and it displays the time as 12:21. The building's architecture adds a sense of grandeur to the scene.",A clock mounted on the side of a tall building under a blue sky. | The bell tower has a clock displayed on the side.  | A clock on the front of a large tower. | A building clock with military time and a bell above it. | A large bell hangs over a clock on the side of a stone wall.
000000527573,LLaVA-1.5-7B,"The image features a yellow fire hydrant situated on a city street. A man is standing next to the fire hydrant, possibly waiting for a taxi. The street is lined with various objects, including a statue, a bench, and a few potted plants. There are also a couple of chairs and a dining table in the scene. A backpack can be seen on the ground, possibly belonging to the man standing next to the fire hydrant.","The image features a yellow fire hydrant on a city street, located near a sidewalk. A man is standing next to the fire hydrant, possibly waiting for someone or just passing by. There are several other people in the scene, some of them closer to the fire hydrant, while others are further away.

In the background, there are two chairs, one near the center of the image and the other towards the right side. Additionally, there is a backpack placed on",a man is standing near a yellow fire hydrant outside | A yellow fire hydrant sitting on the side of a road. | A man is standing in front of a statue. | There is a man standing alone near statues. | A man standing in front of a statue near a metal pole.
000000382207,LLaVA-1.5-7B,"The image features a dining table filled with various plates of food, including bread, vegetables, and meat. There are multiple bowls and plates containing different dishes, and a bottle of oil is placed on the table. The table is set with silverware, including forks and knives, and a spoon is also visible.

There are two people in the scene, one on the left side and the other on the right side of the table. The table","The image features a dining table with a variety of food items and utensils. There are several plates of food, including bread, vegetables, and a bowl of soup. A bottle of oil is placed on the table, and a wine glass is also visible.

Utensils such as a fork, knife, and spoon are spread across the table, indicating that the meal is ready to be enjoyed. A person can be seen in the background",Many plates of different foods are on the table. | A table served with bread and various plates of food | A variety of food is sitting on the table with a few drinks.  | Several partially served plates of food sit in the middle of a dining table. | A table with plates of food sitting on it.
000000145604,LLaVA-1.5-7B,"The image depicts a busy street scene with a man pushing a cart filled with bananas. The cart is filled with numerous bunches of bananas, and the man is walking down the street, likely selling the bananas.

In the background, there are several people walking around, and a few handbags can be seen in the scene. The overall atmosphere suggests a lively and bustling street market.","The image depicts a man pushing a cart filled with numerous bunches of bananas. The bananas are arranged in various positions, with some bunches being closer to the front of the cart and others further back. The man is actively pushing the cart, likely transporting the bananas to a nearby location.",A man pushing a four wheeled art full of bananas. | a person pushing a cart with many bunches of bananas | an image of a man holding a cart of bananas | A man pushes a cart with wheels with bananas. | A man wheels a cart of banana bunches through the street.
000000222340,LLaVA-1.5-7B,"The image depicts a busy street with a pink bus driving down the road. The bus is surrounded by various vehicles, including cars and other buses. There are several people visible in the scene, some of them standing near the bus, while others are scattered throughout the street. The street is bustling with activity, showcasing the lively atmosphere of the city.","The image depicts a busy street with a pink bus driving down the road. The bus is surrounded by various vehicles, including cars and other buses. There are several people visible in the scene, some of them standing near the bus, while others are scattered throughout the street. The street is bustling with activity, showcasing the lively atmosphere of the area.",A passenger bus traveling down a street behind a red car. | A pink bus is behind a pink car on a road. | A pink bus with Arabic writing on the side of it. | A pink bus travels down a busy street. | A bus and others vehicles are sitting in traffic. 
000000152946,LLaVA-1.5-7B,"The image features a snowy ski slope with two people standing on the snow. One person is holding a snowboard, while the other person is holding a pair of skis. There are several other skis and snowboards scattered around the area, indicating a popular skiing and snowboarding spot. The scene also includes a bench and a backpack, possibly belonging to the people enjoying the winter sports.","In the image, two people are standing on a snow-covered slope, each holding a snowboard. They are surrounded by numerous skis and snowboards, indicating a popular skiing and snowboarding location. The people are wearing winter clothing, including jackets and gloves, to protect themselves from the cold weather. The scene captures the excitement and enjoyment of winter sports.","A man and woman standing on top of a snow covered slope. | Two snowboarders with their snowboards standing in the snow. | two people standing near one another holding skis | Numerous individuals are appreciating life and having an incredible minute. 
 | Two snowboarders posing for a picture in the snow."
000000166509,LLaVA-1.5-7B,"The image depicts a scenic road surrounded by trees and a forest. There is a traffic light hanging above the road, and a sign is visible on the side of the road, possibly indicating a one-way street. The road appears to be empty, with no cars or pedestrians visible in the scene.","The image features a street with a traffic light hanging above it. The traffic light is currently red, indicating that vehicles should stop. The street is surrounded by trees, creating a serene atmosphere. There is a car on the road, and a person can be seen standing near the traffic light. The scene captures the essence of a typical urban environment with traffic control measures in place.",A traffic light sitting on the side of a road next to a tree. | A country road at a traffic light in the sun. | a road with some trees on both sides of it  | A stop light on a road in the middle of a forest. | A road in the middle of a beautiful green forest
000000387515,LLaVA-1.5-7B,"The image features a large, old-fashioned bus driving down a street. The bus is positioned in the center of the scene, occupying a significant portion of the image. The street appears to be a busy urban area, with several people visible in the background, some of them carrying handbags. The overall atmosphere suggests a bustling city environment.","The image features a large, old-fashioned bus driving down a street. The bus is the main focus of the scene, occupying a significant portion of the image. The street appears to be a busy urban area, with a few other vehicles visible in the background.",The blue and white bus is travelling down the street. | Bus riding through the street attached to wires above | The bus is driving on the city street. | An old bus rigged out to run on overhead electrical lines | A blue and white city bus traveling down the street. 
000000022718,LLaVA-1.5-7B,"The image captures a small red and white airplane flying low over a grassy field. The airplane is positioned in the middle of the scene, with its wings visible. The sun is setting in the background, casting a warm glow over the scene. The grassy field extends across the entire image, providing a picturesque backdrop for the airplane's flight.","The image features a small red and white airplane flying low over a grassy field. The airplane is positioned in the middle of the scene, with its wings visible. The sun is setting in the background, casting a warm glow over the scene. The airplane appears to be flying at a low altitude, possibly preparing for landing or taking off from a nearby airstrip.",The airplane flies low to the ground during sunset. | The plane came in for a landing as the sun set. | An airplane landing in grass during the sun set. | A small airplane landing in a field at sunset | A plane flying with a sunset in the background
000000168692,LLaVA-1.5-7B,"The image features two young boys standing next to each other, each holding a surfboard. They are both wearing red shirts, and the surfboards are white. The boys seem to be enjoying their time together, possibly preparing for a surfing session.","The image features two young boys standing next to each other, each holding a surfboard. The surfboards are of different sizes, with one being larger and the other smaller. The boys are likely preparing to go surfing or have just finished a surfing session.",Two boys carrying a surfboard on the beach. | two young boys walking around with a surfboard. | Two boys are carrying a surf board between them. | Two young boys carrying red and white surfboard. | Two children carrying a surf board together across a grassy area.
000000311883,LLaVA-1.5-7B,"The image features a train traveling down the tracks, with a yellow and black engine pulling a yellow and black train car. The train is moving through a rural area, with a clear blue sky above. The scene captures the essence of a typical day in the life of a train, as it continues its journey.","A train is traveling down the tracks, with a yellow and black engine pulling a yellow and black train car. The train is moving through a rural area, with a blue sky visible in the background.",A train moving along a track during the day. | A train passes by a road on a railroad track | Yellow train engine hauling freight cars past a level crossing.  | A large long train on a steel track. | A yellow train engine pulling train cars over road.
000000386912,LLaVA-1.5-7B,"A woman is sitting at a desk in front of a computer, working on a document. She is wearing glasses and a blue shirt. The desk is cluttered with various items, including a keyboard, a mouse, and a cell phone. There are also several books scattered around the desk, and a cup can be seen on the desk as well.","A woman is sitting at a desk, working on a computer. She is wearing glasses and a blue shirt. The desk is cluttered with various items, including a keyboard, a mouse, and a cell phone. There are also several books scattered around the desk. The woman appears to be focused on her work, possibly in a home office setting.",a person sitting at a desk with a keyboard and monitor  | a woman at her desk sits intently and happy | A woman sitting at a desk in her work station | The woman is working on her computer at the desk. | a woman is sitting in front of a desk
000000232865,LLaVA-1.5-7B,"The image features a delicious slice of cake on a white plate, accompanied by a fork. The cake is topped with chocolate, and it appears to be a dessert. The plate is placed on a dining table, and there is a cup nearby. The scene also includes a bottle, possibly containing a beverage, and a cup, which could be used for drinking.","A slice of cake is placed on a white plate, accompanied by a fork. The cake is topped with chocolate, and there is a cup nearby. The scene takes place on a dining table.",A plate with a slice of cake on top of it next to a fork. | A slice of cake and a fork on a plate. | A nice slice of cake on a plate with a fork. | A piece of cake with layers sits on a white plate with a silver fork. | A delicious piece of tiramisu being displayed on a white plate.
000000250758,LLaVA-1.5-7B,"The image features a zebra standing in a grassy field. The zebra is the main focus of the scene, occupying a significant portion of the image. The field appears to be a part of a zoo, as there are a few other animals in the background, including a bird and a horse. The zebra is positioned near the center of the image, with the other animals scattered around it.","The image features a zebra standing in a grassy field. The zebra is the main focus of the scene, occupying a significant portion of the image. The field appears to be a part of a zoo, as there are two other zebras in the background, one on the left side and the other on the right side of the image. The zebras are standing in a dirt area, which adds to the overall atmosphere of the scene.",A zebra standing on a grass covered field. | The zebra is standing in the field with another zebra laying down in the background.  | a couple of zebras stand on a grass land  | A zebra stands while another zebra lays down nearby.  | A zebra with a left side pose while standing in a field.
000000149785,LLaVA-1.5-7B,"The image features a large elephant walking down a dirt road. The elephant is the main focus of the scene, occupying a significant portion of the image. The dirt road appears to be a part of a zoo enclosure, as there are several fences visible in the background. The fences are arranged in a way that creates a sense of depth and enclosure for the elephant.","The image features an elephant walking on a dirt path. The elephant is the main focus of the scene, occupying a significant portion of the image. The path appears to be a part of a zoo enclosure, as there are several fences visible in the background. The fences are arranged in a way that creates a sense of enclosure for the elephant.",A small elephant is walking in an enclosure by the fence. | THIS IS A PICTURE OF A VERY YOUNG BABY ELEPHANT WALKING ALONG A FENCE | An elephant walking along a fence line away from the camera man.  | An elephant walking in an enclosure in the sun | An elephant walks next to a fence in a field.
000000102235,LLaVA-1.5-7B,"The image features a woman and a little girl sitting at a dining table, blowing out candles on a birthday cake. The cake is placed in the center of the table, and the woman is holding the little girl as they celebrate the special occasion. 

There are several other people in the scene, some of them standing around the table, while others are seated. A chair is visible near the right side of the table. The atmosphere appears to be joy","The image features a woman and a little girl sitting at a dining table, blowing out candles on a cake. The cake is placed in the center of the table, and the woman is holding the little girl as they celebrate the occasion. The table is surrounded by chairs, and there are two potted plants in the room, one near the left side and the other near the right side.",Young girl gets ready to blow out candles as family watches | Young girls are sitting around a birthday cake. | a small child blowing out the candles on a cake | A woman and a young girl are blowing out candles on a cake as others watch. | A mother and daughter blowing out candles on a sheet cake.
000000359626,LLaVA-1.5-7B,"The image features a red stop sign on a street corner, with a white sign underneath it. The stop sign is positioned on the side of the road, and there are several cars parked or driving nearby. In addition to the cars, there are two trucks visible in the scene. The street is lined with trees, providing a pleasant atmosphere.","The image features a red stop sign on a street corner, with a white sign underneath it. There are two cars parked on the street, one closer to the left side and the other further down the road. A fire hydrant is located near the right side of the scene. Additionally, there are two trucks parked on the street, one in the middle and the other closer to the right side.",A five way stop sign on a street corner lined with trees | A city warning sign is displayed on a street. |  a stop sign on a wooden pole with a street name stenciled on it | A red stop sign sitting on the side of a road. | A red stop sign that is on top of a pole.
000000035197,LLaVA-1.5-7B,"The image features a young man riding a skateboard on a ramp, likely at a skate park. He is wearing a pair of jean shorts and a white shoe. Another person can be seen in the background, possibly watching the skateboarder or waiting for their turn. The skateboarder is in the middle of the ramp, showcasing his skills and enjoying the activity.","A person is riding a skateboard on a ramp, performing a trick. The skateboarder is wearing shorts and a white shoe. Another person is standing nearby, watching the skateboarder. The scene takes place in a skate park.",A person on a skateboard rides down a ramp. | Black and white photograph of person on a skateboard. | Person riding on edge of skateboard about to do a trick | A man is standing on a skateboard at a skate park. | A black and white photograph of a person wearing DC shoes on a skateboard in the sun. 
000000443101,LLaVA-1.5-7B,"The image features a cow standing on a grassy hillside, overlooking a mountain range. The cow is positioned near the center of the scene, while the mountains can be seen in the background. The sky is blue, and the overall atmosphere is serene and picturesque.","The image features a cow standing on a grassy hillside, overlooking a mountain range. The cow is positioned near the center of the scene, with the mountain range stretching across the background. The sky above the cow is blue, creating a serene atmosphere.",Two cows are in a mountainside field with snow-covered mountains in the background.  | A white cow stands by a brown and white donkey looking over a hill.  | A white bull and a donkey are in a field at a very high altitude.  | A large white cow standing on top of a lush green hill. | A bull standing near a donkey on a mountain top.
000000209044,LLaVA-1.5-7B,"The image shows a young boy and a young girl playing a video game together in a living room. The boy is standing on the left side of the room, while the girl is standing on the right side. They are both holding Wii remotes, which are used to play the game.

The living room is furnished with a couch located in the background, and a TV is mounted on the wall. There are several books scattered around the room, and a cell phone can be","The image features a young boy and a young girl playing a video game together in a living room. The boy is standing on the left side of the room, while the girl is standing on the right side. They are both holding Wii remotes, which are used for the game.

The living room is furnished with a TV on the left side, a couch in the background, and a chair near the right side of the room. There are also several books scattered around the",Two young children are playing a video game. | a couple of children are playing a video game  | A boy and a girl play a video game together. | Two small children playing a game on a video game console.  | Two children playing baseball in the Wii Sports video game.
000000187776,LLaVA-1.5-7B,"The image depicts a group of people gathered in a room, enjoying a social event. There are at least 12 people in the scene, with some standing and others sitting. A man is standing near a table, holding a wine glass, while another man is sitting at the table, eating a sandwich. 

The room features a dining table with a bowl, a wine glass, and a cup on it. There are also a few cups and","The image depicts a group of people gathered in a room, enjoying a social event. There are at least 13 people in the scene, with some standing and others sitting. A man is standing near a dining table, which has a bowl of food on it. The table also has a wine glass and a cup. Another dining table is visible in the background.

In the room, there are two chairs, one near the center and the other towards",A bunch of people are gathered around many tables inside of a building.  | a man that is sitting at a table | A group of men stand at small tables drinking wine. | Convention with people standing at table with refreshments | a number of people standing up at small tables 
000000433554,LLaVA-1.5-7B,"The image features a group of people enjoying water activities on a lake. There are several people on surfboards, with some of them riding on a dock. A man is also seen wearing a life vest while riding a water ski. The scene is lively, with people of various ages participating in the fun.

In the background, there are chairs and a dining table, suggesting that this is a recreational area where people can relax and enjoy the water","The image features a group of people enjoying water activities on a lake. There are several individuals on surfboards, with one person riding a surfboard in the water. Some people are also wearing life jackets, ensuring their safety while participating in the water activities. The scene is lively, with people engaging in various water sports and activities.","some people waiting in line to para-sail one guy has taken off | A fat guy wearing a life jacket and short shorts. | An group of young people on a boat prepare to parasail on surfboards. | A family prepares to water ski as one man takes off across the water. | Many people are out there and having some fun.
"
000000328462,LLaVA-1.5-7B,"The image depicts a man and a woman sitting at a dining table in a kitchen. The man is seated on the left side of the table, while the woman is on the right side. They are both enjoying a meal together.

The kitchen is well-equipped with various appliances and items. There is a refrigerator on the left side of the room, an oven on the right side, and a microwave above the o","The image depicts a man sitting at a dining table in a kitchen, eating food. Another person is standing nearby, possibly preparing a meal. The kitchen is equipped with a refrigerator, a microwave, and an oven. There are also a couple of chairs and a bowl on the table. Additionally, there are two bottles in the scene, one near the refrigerator and the other closer to the man.",Lady working in a kitchen while man sits at table watching TV. | A woman sitting next to a stove top oven. | A kitchen room with a lady by the refrigerator and a man seated at a table. | A man watches TV while a woman tends to the kitchen. | A man and a woman in a very small kitchen together.
000000287328,LLaVA-1.5-7B,"The image features a white dog lying on a bed, accompanied by a black dog. The white dog is positioned on the left side of the bed, while the black dog is on the right side. The bed has a blue blanket, and the dogs appear to be relaxed and comfortable in their surroundings.","The image features a white dog lying on a bed, possibly a couch, with a black dog sitting on a pillow next to it. The white dog is positioned towards the left side of the bed, while the black dog is on the right side. The bed occupies most of the image, with the white dog taking up a significant portion of the space.",two small dogs are laying on a human bed | Two lazy dogs lounging in a dirty bed. | Two small dogs laying down together on a small bed. | Two small dogs lounge on a dirty bed.  | two dogs are laying in a bed together
000000213827,LLaVA-1.5-7B,"The image captures a thrilling moment of a person performing a trick on a water ski, flying through the air above the water. The skier is wearing a black and pink outfit, and the scene takes place near a dock.

In the background, there are several boats of various sizes, including a couple of smaller boats closer to the water's edge and a larger boat further away. Additionally, there are multiple people scattered around the scene, possibly watching the water ski","The image captures a thrilling moment of a person performing a trick on a water ski, flying through the air above the water. The skier is wearing a black and pink outfit, and the boat is visible in the background.

In the scene, there are several other people scattered around the area, possibly watching the water skiing performance or enjoying the day at the lake.",a person jumping over a ramp in the water  | A water skier flipping from a ramp in a lake in Florida | A water skier doing a somersault in the air. | A woman on water ski's in the air. | Person on water skis doing jump tricks off ramp
000000209480,LLaVA-1.5-7B,"The image features a blue and white plate filled with a variety of broccoli florets. The broccoli is spread across the plate, with some pieces being larger and others smaller. The plate is placed on a dining table, ready to be enjoyed.","The image features a blue and white plate filled with a variety of broccoli pieces. The broccoli is spread across the plate, with some pieces being larger and others smaller. The plate is placed on a dining table, ready to be enjoyed as a healthy meal.",A blue plate with a pile of vegetables on a table. | A blue plate loaded with broccoli and cauliflower | A plate of broccoli and cauliflower with a slice of tomato. | A pile of broccoli and other vegetables sits upon a blue plate. | A blue patterned china plate filled with broccoli and cauliflower. 
000000021779,LLaVA-1.5-7B,"A woman is laying on the floor next to a red suitcase. She is smiling and appears to be enjoying the moment. The suitcase is placed on the floor, and the woman is positioned close to it.","A woman is laying on the floor next to a red suitcase. She is smiling and appears to be enjoying the moment. The suitcase is placed on the floor, and the woman is positioned close to it.",A woman is laying on top of a suitcase.  | A young woman lies on top of a gym bag.  | a woman laying on some baggage resting on the floor | A girl lying her body down on a big bag smiling. | A woman looking up smiling while on red item.
000000182162,LLaVA-1.5-7B,"The image features a living room with a black couch and a chair. A dog is sitting on the couch, and a cat is lying on the floor. The room also contains a dining table and a backpack.

In the room, there is a birthday balloon with a green star on it, and a few cups are placed around the area. A vase can be seen on the dining table, and a clock is mounted on the wall. Additionally","The image features a living room with a black couch and a chair. A dog is sitting on the couch, and a cat is lying on the floor. There is a backpack on the floor, and a handbag is placed nearby. A dining table is also present in the room.

In the background, there is a birthday balloon, possibly indicating a celebration. Additionally, there are two vases, one on the floor and the other on the d","A living room with hard wood flooring and black furniture. | a messy living room with various items and some celebratory balloons | A bouquet of Mylar balloons in a living room.  | Living room with a black couch, coffee table and bookcase visible. | A living room with a black couch, wood floor and bookcase."
000000374505,LLaVA-1.5-7B,"The image features a close-up of a woman's face, with a pair of scissors prominently placed in the foreground. The scissors are positioned in such a way that they appear to be cutting off the woman's face. The woman's eyes are open, and her expression seems to be a mix of surprise and curiosity. The overall atmosphere of the image is intriguing and thought-provoking.","The image features a close-up of a woman's face, with a pair of scissors prominently placed in the foreground. The scissors are positioned in a way that they appear to be cutting off the woman's face. The woman's eyes are open, and her gaze is directed towards the camera. The focus of the image is on the woman's face and the scissors, creating a striking and unusual visual effect.","A woman holding a pair of scissors up to her face. | Person with pair of scissors in front of face. | A person in the dark, holding a pair of scissors up to their face. | Woman posed looking through the blades of scissors. | a close up of a person with a pair of scissors "
000000308160,LLaVA-1.5-7B,"The image features a group of children standing on a tennis court, each holding a tennis racket. There are four children in total, with one on the left side, another in the middle, and two more on the right side of the court. The children are all wearing blue hats, and they appear to be enjoying their time together on the tennis court.","The image features a group of children standing on a tennis court, each holding a tennis racket. There are four children in total, with one child standing closer to the left side of the court, another in the middle, and two more on the right side. The children appear to be enjoying their time on the tennis court, possibly learning or practicing the sport.",A group of children stand on a tennis court | Good buddies always give comfort to their best friends. | A group of young kids holding tennis racquets. | Two friends consoling each other after a game of tennis. | Some children are standing on a tennis court.
000000262054,LLaVA-1.5-7B,"The image showcases a well-equipped kitchen with wooden cabinets and white appliances. The kitchen features a microwave, oven, and sink, all placed on the countertop. There are several bowls and bottles scattered throughout the kitchen, as well as a clock on the wall. The kitchen also has a window, allowing natural light to enter the space.","The image features a well-equipped kitchen with wooden cabinets and white appliances. The kitchen is filled with various items, including a microwave, oven, and sink. There are multiple bottles, cups, and bowls placed throughout the kitchen, as well as a clock on the wall. A few oranges are also visible on the countertop. The kitchen is well-organized, with the appliances and items neatly arranged.","A large kitchen filled with white appliances with lots of counter space. | Dish towels hang from a stove handle in a kitchen with wooden cabinets. | A kitchen with a stove, a microwave above it and a window. | A clean kitchen is shown with three towels hanging on the cabinet. | A large kitchen with a built-in stove, oven and microwave"
000000064531,LLaVA-1.5-7B,A man wearing a blue shirt and a tie with a key pattern is standing in front of a potted plant. He is also holding a handbag.,A man wearing a blue shirt and a tie with a key pattern is standing in front of a potted plant. He is holding a handbag in his other hand.,A man with a tie that has nuts and bolts on it. | A black jacket and a tie with nuts and bolts on it. | a person wearing a black coat and a tie with bolt designs on it. | A man with a tie made of nuts and bolts. | A person wearing a black jacket and blue shirt along with a tie full of knots and bolts.
000000262404,LLaVA-1.5-7B,"A group of children is gathered around a dining table, enjoying a meal together. They are eating cake and drinking juice. The table is filled with various bowls, cups, and utensils, including forks and spoons. The children are seated on chairs, with some of them sitting closer to the table and others further away. The atmosphere appears to be lively and fun, as the children share a meal and interact with each other","A group of children is gathered around a dining table, enjoying a meal together. They are eating cake and drinking juice. There are several bowls and cups placed on the table, and a knife is being used to cut the cake. The children are seated on chairs, with some of them sitting closer to the table and others further away. The atmosphere appears to be friendly and social, as the children share a meal and interact with each",A group of children surrounding a table decorating cake. | a number of children at a table with cake | A group of kids cutting into a cake as one boy plays with his utensil. | Kids around a table messily frosting a sheet cake. | A bunch of kids eating a cake with green frosting on it.
000000329957,LLaVA-1.5-7B,"The image features two women standing in a kitchen, preparing food together. They are both smiling and enjoying the process. The kitchen is well-equipped with various appliances and utensils, including a sink, oven, and multiple cups and bowls. There are also a few bottles and a vase placed around the room. The women are positioned close to each other, working together to create a pleasant atmosphere in the kitchen.","The image features two women standing in a kitchen, preparing food. One woman is positioned on the left side of the kitchen, while the other is on the right side. They are both smiling and enjoying their time together.

The kitchen is well-equipped with various items such as a sink, a refrigerator, a microwave, and an oven. There are multiple cups and bowls scattered around the kitchen, as well as a vase",A couple of girls are standing in a kitchen | Ladies standing in a kitchen posing for the camera. | Two women preparing a meal in a modern kitchen | There are two woman smiling in the kitchen | Two happy women smiling together in a kitchen.
000000479612,LLaVA-1.5-7B,"The image features a white microwave oven with a black door. The microwave is placed on a countertop, and it appears to be in a slightly used condition. The microwave is turned on, and the door is slightly open, revealing the interior. The microwave is positioned in the center of the image, occupying a significant portion of the frame.","A white microwave oven is sitting on top of a microwave stand. The microwave is turned on, and the door is open, revealing the interior. The stand is made of metal, and the microwave is placed on top of it.",A microwave oven sitting on top of a table. | There are a microwave in this picture but nothing in it. | A microwave with the power off on a shelf. | A timestamped photograph of a microwave with a dirty door next to a glass coke bottle and glasses shaped like human torsos.  | A Sharp white colored microwave on a tabletop
000000375566,LLaVA-1.5-7B,A woman is walking down a street while holding an umbrella. She is wearing pink pants and a floral top. The street is lined with trees and there are a few traffic cones placed along the road.,A woman is walking down a street while holding an umbrella. She is wearing pink pants and a floral shirt. The street is lined with trees and there are a few traffic cones placed along the road.,Lady walking through a parking lot with an umbrella over her head. | A woman walking in the street with a yellow umbrella. | A woman walks down a road with a yellow umbrella.  | A woman holding an umbrella walking down a street. | A person walking down a road with a sun umbrella.
000000504970,LLaVA-1.5-7B,"The image features a white toilet sitting on a sidewalk next to a wooden fence. The toilet is placed in a corner, and it appears to be an old, discarded toilet. The scene is set in a brick-paved area, and there is a parking sign nearby.","A white toilet is sitting on the sidewalk, next to a wooden fence. The toilet is wrapped in plastic, and there is a blue parking sign on a pole nearby. The scene appears to be in a city setting.",A toilet that is outside next to a fence. | There is a toilet sitting outside on the sidewalk in front of a fence. | A toilet sitting beside a parking meter station | a toilet sitting outside next to a fence  | a toilet sitting on a sidewalk next to a pole.
000000310622,LLaVA-1.5-7B,"The image features a street corner with multiple street signs. The main sign is a ""One Way"" sign, while other signs indicate the intersection of West 32nd Street and Korea Way. The scene is set in a city, with a tall building visible in the background. The street signs are mounted on a pole, and there is a traffic light nearby.","The image features a street corner with multiple street signs. The most prominent sign is a ""One Way"" sign, which is positioned above a ""Korea Way"" sign. The ""One Way"" sign is pointing to the left, while the ""Korea Way"" sign is pointing to the right. The street signs are mounted on a pole, and the scene is set in a city environment.","Corner of Broadway, West 32nd Street, and Korea Way. | Several one way signs are by street signs. | A cluster of street signs hang on a street pole. | Several street signs stating road names and the right ways to go. | A West 32nd sign under a Korea Way road sign. "
000000025453,LLaVA-1.5-7B,"The image features a blue pickup truck parked on a grassy field. The truck is the main focus of the scene, and it appears to be an old model. There are several people around the truck, some standing closer to the vehicle while others are further away.

In addition to the people, there are a few other objects in the scene. A motorcycle is parked nearby, and a backpack can be seen placed on the ground. There are also two","The image features a blue pickup truck parked on a grassy field. The truck is the main focus of the scene, occupying a significant portion of the image. 

There are several people in the scene, some of them standing near the truck, while others are scattered around the field. A few of them are carrying backpacks, with one backpack located near the center of the image and another one closer to the right side. Additionally, there is a",A vintage truck is parked at an outdoor event. | Antique blue truck displayed to crowd at outdoor event. | An antique pickup truck restored and displayed at a fair or car show. | An old blue truck is on a grassy area. | A car at a show with people in background.
000000108982,LLaVA-1.5-7B,"The image features a small blue and yellow bird perched on a tree branch. The bird is sitting on the branch, surrounded by green leaves. The scene is set in a forest, with the bird being the main focus of the image.","A blue and yellow bird is perched on a tree branch. The bird is looking up, possibly observing its surroundings or searching for food. The tree has green leaves, providing a natural habitat for the bird.",A blue and yellow colored bird perches on a tree branch. | A bird sitting on a branch of a tree.  | A blue bird is sitting in the branch of a tree.  | A bird sits on a branch in a tree.  | A blue bird sitting on a branch of a tree.
000000245447,LLaVA-1.5-7B,"The image depicts a group of people sitting around a dining table in a restaurant. They are engaged in using their cell phones, with at least three cell phones visible in the scene. The table is set with various items, including cups, a bottle, a bowl, and a spoon. There are also a few chairs around the table, and a potted plant can be seen in the background. The people in the scene are of different ages and g","The image shows a group of people sitting around a dining table in a restaurant. They are engaged in using their cell phones while enjoying their meal. There are multiple cups, a bottle, and a bowl placed on the table. A few chairs are visible around the table, and a handbag can be seen on the floor. The people are seated in various positions, with some closer to the table and others further away.",Three woman and a man all sitting at a table on their cell phones. | a family sitting at a table in a restaurant looking at their phones | Women sitting at a table in a restaurant all looking at their phones  | A table with people at it all on their cell phones. | A family sitting a restaurant's dining table on their cellphones.
000000167952,LLaVA-1.5-7B,"The image features a dining table with a variety of food items. There are several carrots, some of which are cut up and placed on a plate. A bowl of food is also present on the table. In addition to the carrots, there are a couple of sandwiches, a cup, and a fork. A person can be seen in the background, possibly preparing to enjoy the meal. The table is surrounded by chairs, with one on the left","The image features a dining table with a variety of food items, including a plate of vegetables, a bowl of meat, and a plate of tortillas. There are multiple carrots scattered across the table, with some placed on the plate of vegetables and others on the table. A person is present in the scene, likely preparing to enjoy the meal.

Additionally, there are two cups on the table, one near the center and the other towards the","Many different foods on dishes on a table  | Several plates of food are sitting on the table. | A variety of fancy looking dishes on square plates, including some sort of coleslaw and some flat bread. | A white plate topped with a pile of pasta. | There is some food on a table with plates."
000000547041,LLaVA-1.5-7B,"The image features a dining table with a variety of food items. There are two plastic containers filled with different types of food, including a salad and a dessert. A fork is placed in one of the containers, and a spoon is located in the other container. 

In addition to the containers, there are two bowls on the table, one containing a cake and the other containing a salad. A keyboard can be seen in the background, suggesting that the","A dining table with a variety of food items on it. There is a salad in a plastic container, a cake, and a bowl of food. A fork is placed on the table, and a keyboard is visible in the background. The table is set for a meal, with the food items ready to be enjoyed.","Two plastic containers have a soup and a salad in them. | Two containers, one with a salad, and another with some sort of other food in it. | Two containers with two different salads containing lettuce. | The salad is ready to eat for lunch.  | A tray of salad and a tray of salad toppings to the side."
000000249443,LLaVA-1.5-7B,"The image features a window with curtains and a bench in front of it. The window is adorned with lace curtains, and the bench is located outside the window. The scene appears to be set in a brick building, possibly a house or a store.","The image features a window with curtains, which are partially drawn. The window is situated on a brick building, and there is a bench located in front of the window. The bench is positioned in such a way that it is partially visible through the window.",a black bench is in front of a window | a brick building a black bench a window and curtains | A metal bench sitting in front of a window. | A view of a window with a bench underneath it.  | A metal bench outside of a brick building's window.
000000034811,LLaVA-1.5-7B,"The image features a bathroom with a sink and a mirror above it. The sink is white, and there are three bottles placed on the window sill. The mirror reflects the bottles, creating an interesting visual effect. The bathroom appears to be well-lit, and the bottles are placed in a neat arrangement.","The image features a bathroom with a sink and a mirror above it. The sink is white, and there are three bottles placed on the window sill. The mirror reflects the bottles, creating an interesting visual effect. The bathroom appears to be well-lit, with the sunlight shining through the window.","A bathroom sink underneath a medicine cabinet next to a window. | A bathroom with empty bottles in the window | A bathroom with a sink, window and medicine cabinet. | A bathroom pedestal sink with a mirrored medicine cabinet. | A white bathroom with bottles sitting on a windowsill. "
000000102478,LLaVA-1.5-7B,"The image captures a baseball game in progress. A batter is swinging a baseball bat, attempting to hit the ball. The catcher is positioned behind the batter, ready to catch the ball if it is not hit. The scene also includes a baseball glove, which is likely being used by the catcher. The baseball is in the air, and the batter is focused on making contact with it.","The image captures a baseball game in progress. A batter is swinging a baseball bat, attempting to hit the ball. The sports ball is in the air, close to the batter. The catcher is positioned behind the batter, ready to catch the ball if it's not hit. The scene also includes a baseball glove, which is likely being used by the catcher.",A group of baseball players with a bat and ball at the pitch | There is a baseball player with a baseball bar at the gane | A pitcher throws a pitch during a baseball game. | Three people are on a baseball field in uniform. | An overhead shot of a a pitcher throwing a baseball.
000000561958,LLaVA-1.5-7B,"The image depicts a group of people gathered in a snowy area, possibly a ski resort. They are standing in the snow, some of them wearing skis. There are at least 13 people visible in the scene, with some of them closer to the foreground and others further in the background. The people are scattered throughout the area, with some standing closer to the center and others near the edges of the image. The skis can be seen on the ground, with","The image depicts a group of people gathered in a snowy area, possibly near a ski lodge. Many of them are wearing skis, and some are holding ski poles. The people are standing and walking around, possibly socializing or preparing for skiing. The scene is bustling with activity, and the snow-covered ground adds to the wintery atmosphere.",many people holding skis and snow boards on a snowy surface | Many people attend the ski event dressed in warm clothing. | A group of people including small children wearing ski equipment standing in the snow. | People standing outside a ski resort on skies in the snow. | A crowd of people wearing winter cloths are outside in the snow as some people carry snowboards.
000000408746,LLaVA-1.5-7B,"The image captures a thrilling moment of two surfers riding a wave together. One surfer is positioned closer to the left side of the wave, while the other is slightly further to the right. Both surfers are skillfully navigating the wave, showcasing their expertise in the sport. The scene is set against a backdrop of the ocean, emphasizing the beauty of the natural environment.","The image captures a thrilling moment of two surfers riding a wave in the ocean. One surfer is in the middle of the wave, skillfully navigating the water, while the other surfer is positioned further back, waiting for the perfect moment to join the ride. The surfers are wearing wetsuits, which are designed to provide insulation and protection in the water. The scene is a testament to the excitement and challenge of surfing.",The man is surfing on a wave as another surfer is in the water nearby.  | A man who is on a surfboard in the water. | A couple of men riding surfboards on top of a wave. | People using surfboards in the water with waves. | A surfer is catching a wave while another one is floating
000000324845,LLaVA-1.5-7B,"The image features a plate with two sandwiches, each containing cucumber and tomato. The sandwiches are placed on a dining table, and there are also a few cucumber slices on the plate. The dining table occupies most of the scene, and a bottle can be seen in the background.","The image features a plate with two sandwiches, each containing cucumber and tomato. The sandwiches are placed on a dining table, and there are two cucumbers on the plate, one near the center and the other towards the right side. A knife is also visible on the table, likely used for cutting the sandwiches.",Three sandwhiches with toppings on them and a cucumber | a plate with some sandwiches on it  | Two sandwiches sitting on top of a white plate. | a vegetable sandwich with cucumber pickle and tomato  | Sandwich item with meat and vegetables displayed on plate for consumption.
000000295059,LLaVA-1.5-7B,"The image features a large collection of teddy bears arranged in various positions. Some of the teddy bears are sitting on a chair, while others are placed on a table. The teddy bears are of different sizes and colors, creating a visually appealing scene. The arrangement of the teddy bears suggests a festive or holiday-themed display, possibly for a Christmas event.","The image features a large collection of teddy bears arranged in various positions. Some of the teddy bears are sitting on a chair, while others are placed on a table. The teddy bears are of different sizes and colors, creating a visually appealing scene. The arrangement of the teddy bears suggests a festive or celebratory atmosphere, possibly during the holiday season.",Stuffed bears are gathered together in a display for christmas. | A bunch of stuffed bears altogether during Christmas. | Many teddy bears are displayed in front of the trees. | a couple of Christmas trees with some bears next by. | A Christmas decorated area with many teddy bears. 
000000410339,LLaVA-1.5-7B,"A woman is walking down a narrow alleyway, which is painted in red and white. She is wearing a black shirt and blue shorts. The alleyway is lined with steps, and there is a traffic light visible in the background.","A woman is walking down a narrow alleyway, possibly in a foreign country. She is wearing a black shirt and blue shorts. The alleyway is lined with a few steps, and there is a traffic light visible in the background. The woman appears to be walking confidently and is the main focus of the scene.",A woman walking down a flight of stairs. | A young woman walking down the steps of a narrow alley | A woman walking down a narrow stone stairway. | A woman is walking down a stairway which is located between two buildings. | A lady is walking down a tall narrow set of steps alongside a building.
000000571437,LLaVA-1.5-7B,"The image features a plate with a variety of fruits and vegetables. There is a large yellow pepper, a strawberry, and a broccoli. The plate is placed on a dining table, and the arrangement of the food items creates a visually appealing and healthy meal.","The image features a plate with a variety of fruits and vegetables. There is a large yellow pepper, a strawberry, and a broccoli. The pepper is placed in the center of the plate, while the strawberry is positioned to the right side of the plate. The broccoli is located on the left side of the plate. The arrangement of these items creates a colorful and appetizing display.","Broccoli, yellow bell pepper, and a strawberry on a plate.  | There is a plate with fruits and veggies on it | A plate topped with a mix of vegetables and fruit. | A pepper, broccoli and a half eaten strawberry on a plate.  | A plate with broccoli, a yellow pepper and a strawberry bitten on it. "
000000481670,LLaVA-1.5-7B,"The image features two people skiing down a snow-covered slope. Both individuals are wearing skis and appear to be enjoying their time on the mountain. The scene is set against a backdrop of trees, adding to the picturesque winter landscape.","The image features two people skiing down a snow-covered slope. Both individuals are wearing skis and appear to be enjoying their time on the mountain. The scene is set against a backdrop of trees, adding to the picturesque winter landscape.",Two skiers are traveling down a snowy mountain. | Two children that are skiing down a hill in the snow. | A couple of kids riding skis down a snow covered slope. | A couple of kids riding skis down a snowy slope. | two kids skiing on a slope of snow near a tree
000000109316,LLaVA-1.5-7B,"A woman is walking down the street while holding a black umbrella. She is wearing a blue jacket and a polka dot dress. The umbrella is open, providing protection from the elements.","A woman is walking down the street while holding a black umbrella. She is wearing a blue jacket and a polka dot dress. The umbrella is open, providing protection from the elements.",A woman walking down a street holding a gray umbrella. | A woman carrying a umbrella walking down a street. | A women walking down the street holding a unbrella . | a woman holding an umbrella on a city street | The woman's face is concealed under her umbrella as she walks down the street.
000000361819,LLaVA-1.5-7B,"The image captures a group of people skiing on a snow-covered slope. There are at least 12 people in the scene, with some of them wearing cow-patterned outfits. The skiers are scattered across the slope, with some closer to the foreground and others further back.

There are several pairs of skis visible in the scene, with some skis being worn by the skiers and others placed on the snow. The skiers are","The image captures a group of people skiing on a snow-covered slope. There are at least 12 people in the scene, with some of them wearing cow-patterned outfits. They are all skiing down the hill, enjoying the winter sport.

There are several pairs of skis visible in the scene, with one pair located near the left side, another pair in the middle, and a third pair on the right side. The skiers",A couple of people racing down the side of a ski slope. | Two people cross country skiing racing across a trail. | Competitive cross-country skies in near dead heat with spectators. | Two men skiing on a hill with people watching. | Two cross country skiers race as spectators watch.
000000543215,LLaVA-1.5-7B,"The image features a street sign with two street names on it. The sign is located on a street corner, and there are several cars parked nearby. The cars are of various sizes and are parked in different positions, with some closer to the sign and others further away. The scene captures a typical urban setting with parked cars and street signs.","The image features a street sign with a green background, displaying the names of two streets: Greenville and Greensville Road. The sign is located near a tree, and there are several cars parked in the background.","Signs point the way to a cemetery on a quiet road | A sign with the name of a street and the name of a cemetery posted on a quiet street. | Two green street signs giving direction to a cemetery. | A sign that reads greenville cemetery and greenville rd | Green and white street signs that read ""greenville rd"" and ""greenville cemetery."""
000000179251,LLaVA-1.5-7B,"The image features a young boy brushing his teeth in front of a bathroom mirror. He is wearing a striped shirt and is accompanied by a little girl who is also brushing her teeth. The bathroom is well-equipped with a sink, a toothbrush, and a cup. There is also a bottle placed on the counter. The scene captures the everyday routine of maintaining oral hygiene.","The image features a young boy brushing his teeth in front of a mirror. Another person is taking a picture of the boy while he brushes his teeth. The bathroom is well-equipped with a sink, a toothbrush, and a cup. There is also a bottle placed on the counter.",Two kids brushing teeth in the bathroom with man taking a picture. | Man taking photos of young children while brushing their teeth. | Two children brush their teeth while a man takes their picture. | Two young children are brushing their teeth in the bathroom while their father is taking their picture.  | Two young children are brushing their teeth in the bathroom mirror.
000000239252,LLaVA-1.5-7B,"The image features a white bathtub with a silver faucet and a shower head. The tub is filled with water, and a toothbrush is placed on the side of the tub. The scene also includes a bottle, possibly containing soap or shampoo, and a cup. The overall setting appears to be a bathroom.","The image features a white bathtub with a silver faucet and a shower head. The tub is filled with water, and a toothbrush is placed on the side of the tub. The scene also includes a bottle, possibly containing soap or shampoo, and a cup. The overall setting appears to be a bathroom.","An elaborate contraption on a water faucet for a bathtub. | Bath tub with metal shower head, vanity mirror, and small utilities compartment.  | a bath tub with a flexible shower head  | a fancy shower and faucet attachment and a white tub | An intricate shower handle in a bathtub. "
000000040686,LLaVA-1.5-7B,"The image features a small, cozy living space with a bedroom and kitchenette combined. The bedroom has a bed with blue pillows and a blue blanket, while the kitchenette is equipped with a refrigerator, a sink, and a microwave. The refrigerator is located on the left side of the room, while the sink and microwave are situated on the right side. The room is well-lit, with natural light coming in through","The image features a small, cozy living space with a bedroom and kitchenette combination. The bedroom has a bed with blue pillows and a blue blanket, while the kitchenette is equipped with a refrigerator and a sink. The refrigerator is located on the left side of the room, and the sink is situated on the right side. The room is well-lit, with natural light coming in through the window.","A small room with wooden cabinets and two beds. | A motor home has a refrigerator, stove, and two beds. | A refrigerator and bed in a small room. | A motor home that has a small refrigerator and beds on both sides | A refrigerator surrounded by wood cabinets and single beds in a trailer."
000000410068,LLaVA-1.5-7B,"The image depicts a woman walking down a street while holding a green umbrella. She is wearing a red jacket and is the main focus of the scene. The street is lined with various cars parked on both sides, and there are several chairs placed along the street as well. The overall atmosphere suggests a busy urban environment.","A woman is walking down a street while holding a green umbrella. She is wearing a red jacket and black pants. The street is lined with parked cars, and there are several chairs and dining tables placed along the sidewalk. The scene also includes a truck parked on the side of the street.","A person with an umbrella walking across the street. | a woman is crossing the street with an umbrella
 | A woman with a green striped umbrella crosses a street past a brightly painted truck. | A woman walking down the street holding an umbrella. | A woman with a green umbrella crosses the wet street."
000000001425,LLaVA-1.5-7B,"The image features a delicious-looking sandwich on a plate, placed on a dining table. The sandwich is cut in half, revealing the filling inside. The plate is accompanied by a bowl, possibly containing a side dish or condiment. The scene is set in a cozy dining area, with a chair visible in the background.","A sandwich is sitting on a plate, which is placed on a dining table. The sandwich is half-eaten, and there is a cup nearby, possibly containing a beverage. The scene appears to be set in a restaurant or a similar dining environment.",A meal is lying on a plate on a table. | part of a sandwich sitting on a table | A plate with a burger that is halfway eaten.  | A half eaten meal sitting on a plate. | A sandwich with a bite taken on a plate.
000000489924,LLaVA-1.5-7B,"A woman is riding a skateboard down a street, wearing a blue shirt and shorts. She is holding onto the skateboard with one hand while the other hand is in the air. The street appears to be empty, and the woman is the main focus of the scene.","A woman is riding a skateboard on a street. She is wearing a blue shirt and shorts. The skateboard is positioned under her feet, and she is holding onto the skateboard with her hands. The scene is set on a road, and there is a car visible in the background.",A girl on top of skate board on a street. | a young girl riding on a skate board | A child skateboards down the middle of a street | A girl riding a small skateboard on a street. | A girl is skate boarding on a short skateboard.
000000506982,LLaVA-1.5-7B,"The image features a kitchen with a stainless steel refrigerator and a stainless steel water dispenser. The refrigerator is placed next to the water dispenser, which is located on the counter. There is a box on the counter, possibly containing a new appliance or a kitchen accessory. The kitchen also has a sink and a microwave, which are essential appliances for cooking and food preparation.","The image features a kitchen with a stainless steel refrigerator and a stainless steel water dispenser. The refrigerator is placed next to the water dispenser, which is located on the counter. There is a box on the counter, possibly containing a new water dispenser. The kitchen also has a sink and a microwave.",A steel refrigerator with several stickers on it. | A refrigerator with all the stickers still on it. | The new refrigerator still has stickers and tags. | A large metallic refrigerator freezer combo in a kitchen. | A refrigerator that still has its sale tags on it.
000000185622,LLaVA-1.5-7B,"The image features a large blue and white airplane flying over a runway. The airplane is positioned in the middle of the scene, with its wings visible. The runway is surrounded by a grassy area, and there are several buildings in the background, including a large building on the left side of the image.","The image features a large blue and white airplane flying low over a runway. The airplane is in the process of landing, as it is close to the ground. The scene also includes a few people scattered around the area, possibly airport staff or passengers. The airplane is the main focus of the image, showcasing its impressive size and design.",A large jetliner taking off from a runway. | AN AIR PLANE IS ABOUT TO TAKE OFF THE RUNWAY  | An ANA airline plane taking off from an airstrip. | A large commercial plane about to fly at the airport. | A plane is taking off from an airport
000000342770,LLaVA-1.5-7B,"The image features a man walking down a dirt road, carrying a backpack. He is wearing a white shirt and appears to be the main focus of the scene. The road is surrounded by trees, creating a natural and serene atmosphere.

In the background, there is a blue truck parked on the side of the road, possibly belonging to the man or someone else. The truck is positioned towards the left side of the image, and its presence adds to","A man is walking next to a blue truck parked on a dirt road. The truck is parked in the middle of the scene, and the man is positioned on the right side of the truck. The man is wearing a backpack, which is visible on his back. The scene appears to be set in a forest, as there are trees in the background.",Young man on side of the road pointing at a truck. | A man standing next to a parked truck in a forest. | Man in a white shirt standing next to a green truck.  | A man stands next to a truck on the side of the road. | Man standing next to truck on dirt road with trees
000000405444,LLaVA-1.5-7B,"A young girl is preparing a pizza, adding cheese and other toppings to it. The pizza is placed on a tray, and the girl is holding a bag of cheese while adding it to the pizza. The scene takes place in a kitchen, with a dining table visible in the background.","A young girl is preparing a pizza, adding cheese and other toppings to it. The pizza is placed on a tray, and the girl is holding a bag of cheese while adding it to the pizza. The scene takes place in a kitchen, with a dining table visible in the background.",A female child putting cheese on poorly made pizzas. | A young girl preparing two pizzas on the counter. | a small girl wearing a red shirt is making pizza | A little girl is adding cheese to homemade pizzas. | A young girl is making two types of mishaped pizza. | A girl adding toppings to two pizzas on a tray.
000000065057,LLaVA-1.5-7B,"The image captures a dynamic moment during a football game. A man is running with a football in his hand, while a woman is chasing him, trying to catch up. The man is wearing a football jersey, and the woman is wearing a blue shirt. The scene is set on a grassy field, and the players are fully engaged in the game.","In the image, a man and a woman are playing a game of football on a field. The man is running with a football in his hand, while the woman is running behind him. The woman is wearing a blue shirt, and the man is wearing an orange shirt. The scene captures the excitement and energy of the game.",A man with a football being chased by another man. | Woman running with a football with another woman chasing her.  | Two young men running across a soccer field. | A person with a football running with another person behind them. | A touch football player is being persued by an opponent.
000000309836,LLaVA-1.5-7B,"The image features a cloudy blue sky with a few wispy clouds scattered throughout. The sky appears to be mostly cloudless, with a few small clouds visible in the distance. The overall atmosphere of the scene is serene and peaceful.","The image features a cloudy blue sky with a few wispy clouds scattered throughout. The sky appears to be mostly cloudless, with a few small clouds visible in the distance. The overall atmosphere of the scene is serene and peaceful.",A bird seems to be flying high in the air.  | jet plane flying at high altitude in front of a rocket | A rocket that just lifted off and a jet fighter | A small airplane flying high up in the air. | The shuttle launching in the air as a plane flies by.
000000295270,LLaVA-1.5-7B,"The image features a white wrought iron bench situated in a garden setting. The bench is surrounded by a variety of greenery, including bushes and trees. The garden is adorned with a beautiful view of the mountains in the background, creating a serene and picturesque atmosphere.","The image features a white bench situated in a garden setting. The bench is surrounded by a variety of plants, including bushes and flowers. The plants are scattered throughout the scene, with some closer to the bench and others further away. The bench is positioned in the middle of the garden, providing a comfortable spot for visitors to sit and enjoy the natural surroundings.",A white and brown bench sitting on a sidewalk. | A two toned bench sitting in front of grass and bushes.  | A bench that is placed by some bushes. | there is a white and gray bench on the rocky road | The bench next to the building has wooden planks and a metal frame. 
000000117704,LLaVA-1.5-7B,"The image features a large red and yellow boat with a group of people on board, enjoying their time on the water. The boat is traveling through a body of water, possibly a river or a lake, with a city skyline visible in the background.

There are numerous people on the boat, some standing near the front, while others are scattered throughout the vessel. A few individuals can be seen closer to the edge of the boat, possibly taking in the view or preparing to","The image features a large red and yellow boat with a group of people on board, enjoying their time on the water. The boat is traveling through the ocean, surrounded by a few other boats. The passengers on the boat are spread out, with some standing closer to the front and others near the back. The scene captures a lively atmosphere as the people on the boat take in the sights and sounds of the ocean.","A red people ferry cruises along the pay with a load of passengers.  | A ferry is carrying people across the water. | A red, yellow and blue boat with city in the background. | A boat on the water near a big city. | A boat rides on top of the water."
000000282698,LLaVA-1.5-7B,A bald man wearing glasses and a plaid shirt is standing in front of a house. He is wearing a tie and appears to be looking at the camera. The man is positioned near the center of the image.,"A bald man wearing glasses and a plaid shirt is standing in front of a house. He is wearing a tie and appears to be looking at the camera. The man is positioned near a tree, which is located to the left of the house.","A man with glasses, checkered shirt and dotted tie | a man in glasses wearing a tie stands in front of a house | A man with a tie and glasses is by a house. | A man in glasses wearing a neck tie standing next to a building. | A MAN IN A COLLARED SHIRT AND TIE STANDING IN FRONT OF A HOUSE "
000000477470,LLaVA-1.5-7B,"The image depicts a night scene with a car driving down a street. The car is positioned in the middle of the scene, and there are multiple traffic lights visible in the image. One traffic light is located on the left side of the street, another on the right side, and the third one is situated in the middle of the scene. The street appears to be a busy urban area with various buildings and street signs.","The image depicts a night scene with a car driving down a street. The car is positioned near the center of the image, and its headlights are on. The street is lined with buildings, and there are multiple traffic lights visible in the scene. One traffic light is located on the left side of the image, another on the right side, and the third one is situated in the middle of the scene. The streetlights are also illuminating the area, creating",A red traffic light with vehicles passing by too fast to capture. | A red stop light with street lights over head on a dark street. | A traffic signal suspended over a street at night. | The red light of a stop light showing through the dark. | The red light is illuminating the dark street.
000000291305,LLaVA-1.5-7B,"The image features a group of men riding in a horse-drawn carriage down a street. There are two horses pulling the carriage, one on the left side and the other on the right side. The men are sitting in the carriage, enjoying the ride.

In addition to the carriage, there are several other people visible in the scene, some of them standing or walking along the street. A few of them are wearing ties, indicating a more formal occasion.","The image features a group of men riding in a horse-drawn carriage down a street. There are two horses visible, one on the left side and the other on the right side of the carriage. The men are sitting in the carriage, enjoying the ride.

In addition to the carriage, there are several people in the scene, some of whom are standing or walking along the street. A few individuals are wearing ties, adding a touch of formality to the scene",A horse pulls a carriage at the beginning of a parade | A horse and buggy is pulling some people down the road and there are more horses and people behind them.  | A couple of people on a horse pulled carriage. | a horse drawn carriage is coming down the street | Horse pulling carriage with two men followed by mounted guard in uniform.
000000383950,LLaVA-1.5-7B,"The image features a street sign for Flaming Lips Alley, located near a tree. The sign is positioned on a pole, and there are several cars parked nearby. Some of the cars are parked closer to the foreground, while others are further back in the scene. The presence of multiple cars suggests that this area might be a popular spot for people to park and visit the nearby businesses or attractions.","The image features a street sign for Flaming Lips Alley, which is located near a tree. The street sign is attached to a pole, and there are several cars parked nearby. Some of the cars are parked closer to the foreground, while others are further back in the scene.","A green and white street sign reading ""flaming lips alley."" | A street sign that reads flaming lips alley with a symbol on the left.  | This is a street sign for Flaming Lips Alley, which must be somewhere in England because it sounds pretty gay. | a street sign with trees in the background | The street sign is next to a full tree."
000000306303,LLaVA-1.5-7B,"The image features a traffic light with a street sign attached to it. The traffic light is located near the center of the scene, while the street sign is positioned to the left. The sky in the background is cloudy, adding a dramatic touch to the scene.","The image features a traffic light with a street sign attached to it. The traffic light is located near the center of the scene, while the street sign is positioned to the left. The sky in the background is cloudy, adding to the overall atmosphere of the scene.",A city traffic light is red with a large billow of smoke in the background. | a street post with lights while clouds go by | A traffic light sitting under a blue cloud filled sky. | some clouds a traffic light and some buildings | Traffic lights and a thick cloud in the sky.
000000378244,LLaVA-1.5-7B,"The image captures a man skiing down a snow-covered slope. He is wearing a black jacket and a blue hat, and he is skiing with a pole in his hand. The man is the main focus of the scene, and the snowy landscape surrounding him adds to the wintery atmosphere.","A man is skiing down a snow-covered slope, wearing a black jacket and a blue hat. He is holding ski poles in his hands while skiing. The scene is set against a backdrop of trees, adding to the picturesque winter landscape.",A person skiing down a slope next to snow covered trees. | A person in a ski suit skiing down a slope | Skier in a black going down the side of a mountain.  | A skier skiing down a snow filled slope. | A person skis through some trees down a hill
000000278627,LLaVA-1.5-7B,"The image is a collage of various food items and people enjoying their meals. There are several dining tables and chairs scattered throughout the collage, with people sitting and eating at different tables. The food items include a variety of dishes, such as pizza, broccoli, and carrots.

In addition to the food and people, there are multiple cups and bowls placed on the tables, as well as a few bottles. A couple","The image is a collage of various food items and people enjoying their meals. There are multiple dining tables and chairs scattered throughout the scene. A man and a woman are sitting at a table, posing for a picture. The collage also includes a variety of food items such as pizza, broccoli, and carrots. There are several cups and bowls placed on the tables, and a fork can be seen in the scene as well. The overall",A series of photos showing people eating food. | there are six different pictures of people either eating or food | many different pictures of people and food and drinks | A man and a woman in front of a variety of food.  | there is a picture collage of two people at a restaurant 
000000522418,LLaVA-1.5-7B,"A woman is cutting a cake with a knife in a kitchen. The cake is placed on a table, and the woman is wearing a red shirt. The kitchen is equipped with a refrigerator, an oven, and a sink. There are also a couple of bowls and a bottle in the scene.","A woman is cutting a cake with a knife in a kitchen. The cake is placed on a table, and the woman is wearing a red shirt. The kitchen features a refrigerator, an oven, and a sink. There are also two bowls in the scene, one near the refrigerator and the other closer to the woman.",A woman wearing a net on her head cutting a cake.  | A woman cutting a large white sheet cake. | A woman wearing a hair net cutting a large sheet cake. | there is a woman that is cutting a white cake | A woman marking a cake with the back of a chef's knife. 
000000120282,LLaVA-1.5-7B,"The image features a serene scene of ducks swimming on a body of water, likely a lake. There are several ducks scattered throughout the water, with some swimming closer to the shore and others further out. The ducks are of various sizes, and their positions create a sense of depth and movement in the water. The overall atmosphere of the scene is peaceful and picturesque.","The image features a serene scene of ducks swimming on a body of water. There are a total of nine ducks in the water, with some swimming closer to the shore and others further out. The ducks are spread across the water, with some swimming in pairs or small groups. The overall atmosphere of the scene is peaceful and picturesque.",A family of ducks floating across a lake. | A swan in the water being followed by its babies. | Some small ducks in the water trailing behind a large duck | A mother swan being followed by a bunch of ducklings | There are some baby ducks following their mother
000000180982,LLaVA-1.5-7B,"The image features a train yard with multiple trains on the tracks. There are two trains on the left side of the scene, one closer to the front and the other further back. On the right side, there are three trains, with one closer to the front and the other two positioned further back.

In addition to the trains, there are several people scattered throughout the scene, likely train workers or passengers. Some of them are standing near the trains, while others are positioned further away","The image features a train traveling down the tracks, with two other trains visible in the background. The train in the foreground is blue and black, while the other two trains are positioned further away. The scene also includes a person standing near the train tracks, possibly observing the trains passing by.",A group of trains passing by each other on a track. | old fashioned trains sitting on the tracks  | A group of trains sitting on top of train tracks. | Several railroad tracks that have trains on them. | A variety of trains traveling on railroad tracks. 
000000395575,LLaVA-1.5-7B,"The image features a park with a wooden bench situated near a pond. The bench is positioned in the middle of the scene, and it appears to be reflecting the surrounding environment. The pond is surrounded by trees, creating a serene and peaceful atmosphere.

In addition to the bench, there are two statues in the scene, one located closer to the left side and the other near the center. The statues add an artistic touch to the park","The image features a park with a wooden bench situated near a pond. The bench is positioned in the middle of the scene, and it reflects the surrounding environment. There are two statues in the park, one near the bench and the other further away. The statues are likely to be a part of the park's decoration or artistic display.","THERE IS A BENCH IN FRONT OF TE LAKE  | A bench in a green park overlooks a reflecting pool. | a bench sits between a pond and the tree line | View of a pond with reflection of the surrounding scenery, with a bench and statue surrounded with flowers and trees, | A picture full of water and some trees around. "
000000356742,LLaVA-1.5-7B,"The image features a stack of books, with some of them being stacked on top of each other. The books are of various sizes and are arranged in a pile. The stack of books is located on a table, and the books are placed in a way that they are easily accessible.","A stack of books is sitting on a table, with the top book being titled ""The Chomsky Hypothesis."" The books are arranged in a pile, with some of them being taller than others. The books are of various sizes and are placed in a way that they are easily accessible.","A stack of books sitting on top of a table. | A group of books that are stacked on each other. | Variety of books stacked on table in indoor environment. | a bunch of books are stacked up on a table | Various different types of books, including non-fiction, are piled in one high pile."
000000163296,LLaVA-1.5-7B,"The image features a close-up of a leafy green plant with a large, round, and green flower in the center. The flower is surrounded by numerous small flowers, creating a visually appealing scene. The plant appears to be a part of a larger greenery, possibly a leafy green plant or a tree.","The image features a close-up of a leafy green plant with a large, round, and green flower in the center. The flower is surrounded by numerous small green flowers, creating a visually appealing scene. The plant appears to be a part of a larger green plant, possibly a broccoli plant.",A close up image of a green plant that looks like lettuce.  | A close up picture of a green budding plant. | A close shot of a unique looking tree.  | Broccoli just beginning to bud open and blossom | A green plant with a lot of leaves growing on it.
000000579231,LLaVA-1.5-7B,"The image captures a baseball game in progress. A batter is swinging a baseball bat, attempting to hit the ball. The catcher is positioned behind the batter, wearing a baseball glove, ready to catch the ball. The umpire is also present, closely observing the game.

There are several other people in the scene, likely teammates or spectators, scattered around the field. The atmosphere is lively, and the focus is on the batter'","The image captures a baseball game in progress. A batter is swinging a baseball bat, attempting to hit the ball. The catcher is positioned behind the batter, wearing a baseball glove, ready to catch the ball. The umpire is also present, closely observing the game. The scene takes place on a baseball field, with the batter, catcher, and umpire all actively participating in the game.","A baseball player standing next to home plate. | A group of men on a field playing baseball. | A batter, catcher and umpire in a baseball game. | A batter on the field at a baseball game | A baseball player holding a bat with catcher and umpire."
000000535934,LLaVA-1.5-7B,"The image depicts a group of people gathered around a dining table, enjoying a meal together. There are several wine glasses placed on the table, with some of the guests holding wine glasses in their hands. The table is filled with various items, including bowls, cups, and bottles.

In addition to the wine glasses, there are a few cell phones visible on the table, suggesting that the guests might be using their phones during the","The image depicts a group of people sitting around a dining table, enjoying a meal together. There are several wine glasses placed on the table, with some of them being filled with wine. The guests are engaged in conversation, creating a warm and inviting atmosphere.

In addition to the wine glasses, there are a few bottles on the table, possibly containing wine or other beverages. A cell phone can be seen on the table, possibly belonging to",There is no image here to provide a caption for. | Group of people standing in front of a table with wine glasses.  | A group of people sitting around a table with glasses of wine. | A group of people having dinner and drinking wine.  | a group of people sitting at a long table drinking glasses of wine 
000000283168,LLaVA-1.5-7B,"The image features a delicious barbecue sandwich served in a white paper container. The sandwich is placed on a grassy surface, and a cup of soda is also present in the scene. The sandwich is accompanied by a fork, which is resting on the grass. The overall setting appears to be a relaxed outdoor dining experience.","A white paper container holds a sandwich and a drink. The sandwich is placed on a white plate, and the drink is in a cup. The scene is set on a grassy area, possibly a park.",A large sandwich in a styrofoam container with a fork. | A giant sandwich inside of a foam box next to a container of sauce. | A container with a sandwich and a cup of sauce sitting in the grass. | A barbecue sandwich in a foam container on the grass. | A container with a meat sandwich and fork is sitting on the grass.
000000381895,LLaVA-1.5-7B,"A stuffed teddy bear is sitting next to a magazine featuring a woman. The bear is wearing a flower in its ear. The magazine is titled ""Vogue, Cosmopolitan, & Instyle.""","A stuffed teddy bear is sitting next to a magazine featuring a woman. The teddy bear has a flower on its head, and the magazine is titled ""Vogue, Cosmopolitan, & Instyle."" The woman in the magazine is described as a ""voted number one"" and is posing for the camera.",a teddy bear next to a picture of a woman | A fluffy teddy bear next to a hair product ad | A woman with a bear in a photo with a sign.  | a woman a sign and a tan teddy bear | A teddy bear posing next to a magazine model.
000000516214,LLaVA-1.5-7B,"The image displays a large collection of luggage, including suitcases and backpacks, arranged on a tile floor. The suitcases come in various sizes and colors, with some of them having tags attached. The backpacks are scattered throughout the scene, with some placed closer to the foreground and others further back. The overall scene gives the impression of a busy location, possibly a luggage store or a transportation hub.","The image displays a variety of suitcases and bags on the floor, likely in a luggage store or a luggage claim area. The suitcases come in different sizes and colors, with some having tags attached to them. The bags are scattered around the floor, with some placed closer to the foreground and others further back. The scene suggests a diverse selection of luggage options for customers to choose from.",Lots of luggage sitting on the ground at an airport  | Luggage with airport luggage tags on the handles. | A bunch of luggage is sitting and waiting. | Several suitcase on the floor with tags on them. | A row of suitcases is lined up in an airport.
000000000428,LLaVA-1.5-7B,"A baby boy is sitting in front of a cake, with frosting on his face. He is wearing a polka dot shirt and a bow tie. The baby is making a mess while eating the cake. The cake is placed on a dining table, and there are balloons in the background.","A baby boy is standing in front of a birthday cake, which is decorated with white frosting. The baby is making a mess with the frosting on his face, and he is holding a piece of cake in his hand. The scene also includes a dining table and a chair.",a close up of a child next to a cake with balloons | A baby sitting in front of a cake wearing a tie. | The young boy is dressed in a tie that matches his cake.  | A child eating a birthday cake near some balloons. | A baby eating a cake with a tie around his/her neck with balloons in the background.
000000285961,LLaVA-1.5-7B,"The image features a giraffe standing in a lush green field, surrounded by trees. The giraffe is looking at the camera, capturing the viewer's attention. The scene is set in a sunny day, with the giraffe's long neck and legs visible, making it an impressive sight.","The image features a giraffe standing in a lush green forest. The giraffe is looking to the left, possibly observing its surroundings or another animal. The forest is filled with trees, providing a natural habitat for the giraffe.","A giraffe standing next to leaf filled trees. | The head of a giraffe with trees behind it. | The head of a giraffe surrounded by leaves | A sunlit giraffe's head and neck against a background of trees. | A giraffe is standing near some green, leafy trees."
000000269975,LLaVA-1.5-7B,"The image depicts a busy city street filled with various vehicles, including cars, buses, and a truck. There are multiple cars driving down the street, with some positioned closer to the foreground and others further back. A bus is also visible, driving down the street alongside the other vehicles.

Several people can be seen walking along the street, with some closer to the foreground and others further back. There are also a few traffic lights present, ensuring","The image depicts a busy city street with various vehicles and pedestrians. There are two buses, one on the left side and another on the right side of the street, both driving in the same direction. A car is also visible on the right side of the street.

Several people can be seen walking along the sidewalk, with some of them carrying handbags. The street is lined with trees, providing a pleasant atmosphere. Traffic lights are",A London roundabout with double decker buses and taxi cabs. | Cars and buses driving around a traffic circle. | Several double decker buses along with other cars are traveling down a street. | A very wide road filled with people and some vehicles. | A city street with cars and buses and people walking on the sidewalk 
000000197350,LLaVA-1.5-7B,"The image features a woman wearing a red dress, holding a tennis racket and preparing to play tennis. She is standing on a tennis court, which is adorned with a Kia logo. The woman appears focused and ready to engage in the game.",A woman in a red dress is playing tennis on a blue court. She is holding a tennis racket and appears to be preparing to hit the ball. The scene is set against a backdrop of a Kia advertisement.,A woman in a red dress playing a game of tennis. | A tennis player readies herself to receive a serve. | A female tennis player playing tennis during the day. | a tennis player on a court holding a racket | A female tennis player holding her racket. 
000000404462,LLaVA-1.5-7B,"The image is a black and white photo of a room with a vase in the center. The vase is placed on a table, and there is a chair nearby. The room appears to be a small, dark space with a window in the background. The photo is taken with a Kodak camera, and the image is slightly blurry.","The image is a black and white photo of a room with a vase placed on a table. The vase is located in the center of the room, and the table is situated near the left side of the room. The room appears to be a small, dark space.",A black and white photograph of something I cannot quite make out.  | a black and white photo of a something on display | Black and white photograph of a vase in display case. | A weird box with a strange object inside of it; | An unclear photo of some type of plumbing.
000000546639,LLaVA-1.5-7B,"The image features a cluttered home office with a wooden desk and a chair. On the desk, there is a laptop computer, a keyboard, and a mouse. A cell phone is also present on the desk. The room is filled with numerous books, some of which are stacked on the desk, while others are scattered throughout the space. A clock is mounted on the wall, and a cup can be seen on the desk. The overall scene gives the impression of","The image features a room with a wooden desk and a chair. On the desk, there is a laptop computer, a mouse, and a keyboard. Above the desk, there is a bookshelf filled with various books. The room also has a clock on the wall, and a cup can be seen placed nearby. The overall setting appears to be a home office or study area.","A home office with leather desk chair, computer and hutch, and bookshelves, with books scattered on the floor. | A brown chair sitting in front of a laptop computer. | An open laptop sits on a desk in front of an office chair. | a home study with a workstation with a laptop and a bookshelf under a framed diploma | Office chair in front of laptop on small desk in messy office."
000000571835,LLaVA-1.5-7B,"A small kitten is sitting inside a black suitcase, peeking out from the top. The suitcase is placed on a couch, and the kitten appears to be curiously exploring its surroundings.","A small kitten is sitting inside a black suitcase, peeking out from the top. The suitcase is placed on a couch, which is covered with a blanket. The kitten appears to be curious and exploring the suitcase.",A grey tabby kitten inside a black suit case. | A small kitten sitting inside of a bag. | A cat on a suitcase is reaching for a pillow.  | A cat laying in a suitcase next to a pillow. | a kitten in a suitcase pawing at a pillow
000000302710,LLaVA-1.5-7B,"The image features two police motorcycles parked side by side on a street. The motorcycles are positioned in front of a building, possibly a police station. The scene appears to be a typical day in the city, with the motorcycles ready for patrol or other duties.","The image features two police motorcycles parked side by side on a street. The motorcycles are positioned in front of a building, possibly a police station. The scene also includes a person standing near the motorcycles, possibly a police officer or a passerby.",Two NYPD motorcycles parked along a city street. | Two police motorcycles are parked outside a brick building. | Two NYPD motorcycles are parked in front of a building. | Two NYPD motorcycles are parked at the curb. | Two NYPD motorcycles parked on the street in front of a brick building.
000000437618,LLaVA-1.5-7B,"The image features a classroom setting with multiple desks and chairs arranged in rows. There are several chairs placed around the room, with some closer to the front and others further back. A TV screen is mounted on the wall, displaying a presentation or video for the students.

In addition to the chairs, there are a few keyboards and mice placed on the desks, suggesting that the students might be using computers for their work. The overall atmosphere of the room is","The image features a classroom setting with multiple desks and chairs arranged in rows. There are several chairs placed around the room, with some closer to the front and others further back. A TV is mounted on the wall, displaying a presentation or video for the students.

In addition to the chairs, there are two keyboards visible in the room, one near the center and the other closer to the right side. A remote control can also be seen on one of the des",A large television and some chairs in a room. | some tables chairs a yellow rug and some monitors  | Two tall television monitors are next to chairs and desk. | A room with large desks and chairs with two television monitors. | A table is shown with chairs and televisions.
000000415538,LLaVA-1.5-7B,"A woman wearing a red and white checkered shirt is sitting on a chair. She is holding a cell phone in her hand. The woman is also wearing a jacket, which adds to the overall appearance of the scene.","A woman wearing a red and white checkered shirt is sitting on a chair. She is holding a cell phone in her hand. The woman is also wearing a jacket, which adds to her overall appearance.",A woman wearing a short skirt and a plaid shirt. | A woman wearing unmatched clothes carrying a phone. | a girl in a blue jacket and red checked shirt holding a cell phone | a person is wearing a red shirt and coat | A young lady wearing a red and white checkered shirt and black suit coat holding a cell phone.
000000415872,LLaVA-1.5-7B,"A person wearing a snow suit and a large, inflatable snowboard is walking on a snow-covered ground. The snowboard is attached to the person's back, and they are holding the front of the board with their hand. The scene appears to be set in a snowy area, possibly a ski resort.","A person wearing a snow suit and a snowboard is walking on a snow-covered ground. The snowboard is attached to the person's feet, and the person is holding the snowboard with one hand. The scene appears to be set in a snowy environment, possibly a ski resort.",A man in an inflatable sumo suit walking by with a snowboard. | A man in a large padded sumo costume carrying a snowboard across the snow. | A person in a Sumo wrestler suit walking with a snowboard. | A man wearing a sumo wrestler outfit holding a pair of skis. | Someone in an enormous fat puffy suit carrying a snowboard.
000000200717,LLaVA-1.5-7B,"The image captures a man playing frisbee on a grassy field. He is in the middle of a catch, holding the frisbee in his hand. The field is surrounded by several cars parked in the background, creating a lively atmosphere.

There are also a few other people in the scene, possibly enjoying the outdoor activity or watching the frisbee game. The presence of multiple cars and people suggests that this might be a popular spot for","The image captures a man in a blue shirt and black shorts playing frisbee on a grassy field. He is in the process of catching the frisbee, which is located in the middle of the scene. The field is surrounded by several cars parked in the background, with some closer to the foreground and others further away. There are also a few other people in the scene, possibly watching the frisbee game or participating in their own",Adult man on grassy field playing disc game. | A man is running in the grass playing with a Frisbee. | a man that is throwing a frizbe around | People playing Frisbee on a large grassy field in front of a parking lot. | A man holding a while frisbee while standing on a field.
000000481413,LLaVA-1.5-7B,"A young boy is standing in the ocean, holding a pink frisbee. He is wearing swim trunks and appears to be enjoying his time at the beach. The scene captures the essence of a fun and carefree day spent by the ocean.","A young boy is standing in the ocean, holding a pink frisbee. The boy is wearing swim trunks, and the frisbee is positioned in front of him. The scene appears to be a fun and carefree moment, with the boy enjoying his time at the beach.",A small child is holding a frisbee while looking at the beach.  | A toddler boy stands at the ocean's edge | A toddler is standing on the shore holding a Frisbee. | A very small boy on the beach with a disc. | Baby boy with Frisbee on beach near surf watching the waves. 
000000445569,LLaVA-1.5-7B,"The image features a large elephant standing in a field. The elephant is the main focus of the scene, occupying a significant portion of the image. The elephant appears to be walking towards the camera, capturing the viewer's attention.","The image features a large elephant standing in a field. The elephant is the main focus of the scene, occupying a significant portion of the image. The field appears to be a dirt area, and there is a person visible in the background, possibly observing the elephant or taking care of it.",The elephant appears to have a lot of wrinkles. | A elephant that is standing in the dirt. | A large elephant is very close to the camera. | A large elephant standing in the middle of a field. | A large elephant standing up by some water.
000000159451,LLaVA-1.5-7B,"The image features a yellow dump truck parked in a lot. The truck is positioned in the middle of the scene, with its front facing the viewer. The truck is equipped with a large yellow front tire, which is prominently visible. The truck appears to be a work vehicle, possibly used for construction or other heavy-duty tasks.","A yellow dump truck is parked in a lot, with its hood open. The truck is equipped with a large yellow front tire, and the hood is open, revealing the engine. The truck is positioned near a building, and there is a ladder nearby.",a large dump truck on a dirt road | A yellow dump truck that is near a building. | A large construction dump truck parked by a warehouse | The big truck is waiting for its owner. | A large piece of equipment is parked next to a building.
000000079653,LLaVA-1.5-7B,"The image features a green backpack with a camera inside. The camera is positioned in the middle of the backpack, and a cord can be seen coming out of it. The backpack is open, revealing the camera and its cord. The scene is set on a white surface, which provides a clean and uncluttered backdrop for the backpack and its contents.","A green backpack is open, revealing a white iPod and a white cord inside. The iPod is placed on top of the cord, and the backpack is placed on a table.",A mouse is wrapped in its own cord and wrapped in a backpack. | A green backpack with a computer mouse poking out. | A large piece of green luggage sitting on the ground. | A computer mouse is hanging out of a book bag. | A trackball mouse in the pocket of a green backpack.
000000266951,LLaVA-1.5-7B,"The image features two hot dogs placed on red trays. One hot dog is located on the left side of the image, while the other is on the right side. Both hot dogs are covered in chili and onions, making them look delicious and appetizing. The trays are placed on a dining table, and there is a bowl nearby, possibly containing additional condiments or side dishes.","The image features two hot dogs placed on red trays. One hot dog is located on the left side of the image, while the other is on the right side. Both hot dogs are covered in chili, and they are accompanied by a bun. The trays are placed on a dining table, which occupies the majority of the scene.",Two hot dogs covered in chili and sour kraut. | A hot dog bun stuffed with alot of  sauce. | Two hot dogs in wrappers on a table. | Two hotdogs with chilli an onions on a tray. | Two hot dogs with toppings sit on foil wrappers.
000000485731,LLaVA-1.5-7B,"The image showcases a large, well-equipped kitchen with various appliances and furniture. There is a refrigerator on the left side of the kitchen, and an oven located towards the right side. A sink can be found in the middle of the kitchen, and a microwave is placed above it.

The kitchen is furnished with a dining table surrounded by four chairs, two of which are positioned on the left side and the other two","The image showcases a large kitchen with various appliances and furniture. There are two stools positioned in the middle of the kitchen, and a dining table nearby. The kitchen is equipped with a refrigerator, an oven, a microwave, and a sink.

In addition to the main appliances, there are several bottles scattered throughout the kitchen, and a bowl placed on the dining table. The overall atmosphere of the kitchen","A small kitchen with a stove and counters. | A shot of a kitchen with an island, stools and stainless steel appliances. | A kitchen filled with appliances and stools next to food. | A bright kitchen with light cabinets, stove, microwave and refrigerator. | Modern kitchen with counter and cabinet and hardwood floors."
000000314865,LLaVA-1.5-7B,"The image depicts a room undergoing remodeling. The room is mostly empty, with a few items scattered around. There is a refrigerator in the room, and a sink can be seen in the corner. A pair of scissors is also visible on the floor. The room is being prepared for a new floor, as indicated by the presence of a bucket and a sponge. The overall atmosphere suggests that the room is in the process of being renovated.","The image depicts a room with a staircase leading to a door. The room is undergoing remodeling, as evidenced by the presence of a ladder and a bucket. The ladder is placed near the staircase, and the bucket is located on the floor. The room also features a refrigerator and a sink, which are essential appliances for a kitchen.","A refrigerator that is in an otherwise empty room. | Empty room ready for paint and flooring to be updated. | A mostly empty room with paint cans and a refrigerator. | An empty room with a refrigerator, drop cloth, paint buckets and trays. | A house has a small staircase and a disconnected refrigerator. "
000000088094,LLaVA-1.5-7B,"The image features a train traveling down the tracks, passing by a row of houses. The train is positioned in the middle of the scene, with the houses lining up on the left side. There are several people visible in the image, some of them standing near the train, while others are scattered throughout the scene. A car can also be seen parked on the right side of the image.","The image features a train traveling down the tracks, passing by a row of houses. The train is positioned in the middle of the scene, with the houses lining up on the left side. There are several people visible in the image, with one person standing near the train and others scattered around the scene. A car can be seen parked on the right side of the image, and a potted plant is placed near the center of the scene.",A steam train coming through town with houses in the back. | A train is seen passing by some houses | Smoke billows from the train travelling down the track. | a train being operated on a train track  | A steam engine chugs along pulling coal cars behind it past a rural township. 
000000220607,LLaVA-1.5-7B,"The image depicts a large group of people sitting in rows, each using a laptop. There are at least 14 people visible in the scene, with some sitting closer to the front and others further back. The laptops are placed on tables in front of the people, with a total of 11 laptops being used.

The room is furnished with multiple chairs, some of which are occupied by the people using laptops. There are also a","The image depicts a large group of people sitting in rows, each using a laptop. There are at least 14 people visible in the scene, with some sitting closer to the front and others further back. The laptops are placed on tables in front of the people, with a total of 11 laptops being used.

In addition to the people and laptops, there are two clocks in the room, one on the left side and the other",A conference room is packed with people sitting at their laptops. | Several business people sitting with laptops at a conference. | A meeting with people sitting at tables with laptops on.  | People sitting at desk in front of their laptops.  | Long tables filled with people using laptops 
000000292232,LLaVA-1.5-7B,"A black cat is sitting inside an open suitcase, looking at the camera. The suitcase is filled with various items, including a handbag and a backpack. The cat appears to be curious about the contents of the suitcase.","A black cat is sitting inside an open suitcase. The suitcase is placed on a bed, and the cat appears to be looking out from the suitcase.",A cat that is in a piece of luggage. | A black cat laying inside of a black piece of luggage. | The cat is laying down in the suitcase.  | A black cat peering out of a suit case with a scared look. | a black cat lying in an empty suitcase peers out over the edge of the suitcase
000000210980,LLaVA-1.5-7B,"The image depicts a busy street scene with a large elephant walking down the road. The elephant is carrying a man on its back, and there are several people around it, some of them riding bicycles. 

In addition to the people and the elephant, there are multiple cars and a truck visible in the scene. One car is parked on the left side of the street, while another car is located further down the road. The","The image depicts a busy street scene with a man riding an elephant. The elephant is carrying a large package on its back. There are several people around the elephant, some of them riding bicycles. A car is also visible on the right side of the scene. The man riding the elephant appears to be the main focus of the image, as he navigates through the bustling street.",A large elephant carrying a man down the street | a man riding an elephant down a street | A man rides an elephant down a crowded street. | A man riding an elephant down a street. | Large grey elephant carrying a man down a city street. 
000000187352,LLaVA-1.5-7B,"The image captures a man in a yellow shirt and blue shorts playing tennis on a court. He is in the middle of a serve, holding a tennis racket and preparing to hit the ball. The scene is set in a well-lit environment, with multiple lights illuminating the area.","A man is playing tennis on a court, holding a tennis racket and preparing to hit the ball. He is wearing a yellow shirt and blue shorts. The tennis ball is in the air, and the man is reaching up to make contact with it. The scene is set in a well-lit environment, with multiple lights illuminating the area.",The young man tennis player is serving the ball. | a man is getting ready to serve a tennis ball | A man about to hit a tennis ball in the air. | A man gets ready to swing a tennis racket. | a man holding a tennis racquet on a tennis court.
