image_id,model,baseline_caption,grounded_caption,reference_captions
000000105156,Qwen3-VL-4B,"The image shows a horse standing next to a cart on a street. The cart appears to be a traditional mode of transportation, possibly used for carrying goods or passengers. The horse is harnessed to the cart, indicating that it is being used to pull it. The cart has a red and yellow cover, and there is a sign in the background with some text on it. The scene suggests a rural or semi-rural setting, with the horse and cart being a common means of transportation in that","A horse is harnessed to a cart, which is parked on a street. The cart has a red and yellow seat and is covered by a red and white canopy. There is a blue sign with white text in the background, and the scene appears to be in an outdoor market or street setting.",A horse stands still attached to a passenger coach.  | A white horse is saddled to a cart that contains a sitting bench that is covered with a curtained tarp. | A horse is attached to a carriage that is decorated in pretty fabrics and colorful paint.  | a horse drawn carriage on a city street | A white horse hocked up to a covered cart.
000000022861,Qwen3-VL-4B,"The image shows a pepperoni pizza in a pan, with one slice missing. There is a spatula in the pan, and another slice of pizza is visible in the background on a plate. The pizza appears to be freshly baked with a golden crust and melted cheese.","The image shows a pepperoni pizza in a black pan, with one slice missing. The pizza has a golden-brown crust and is topped with melted cheese and pepperoni slices. There is a spatula with a white handle and a metal blade under one of the slices. The pan is placed on a wooden table. In the background, there is a small white plate with a slice of pizza on it.","A fresh pepperoni pizza seems to have a couple of slices missing.  | A pizza is shown on a platter with a serving knife. | Hot, cheesy pizza is waiting to be eaten. | Thick crust pepperoni pizza in a pan with serving utensil on a table. | a pan pizza with pepperonis and a spatula"
000000258529,Qwen3-VL-4B,"The image depicts a serene and tranquil garden setting. There is a small wooden structure with a thatched roof, surrounded by lush greenery and trees. A stone path leads up to the structure, and the area is covered in moss and rocks, creating a peaceful and natural atmosphere.","The image depicts a serene, traditional Japanese garden setting. A small, traditional wooden structure with a thatched roof is situated on the left side of the image. The structure has a window with a wooden frame, and there is a bench inside. The garden is lush with greenery, featuring a variety of trees and shrubs. A stone path with large, flat stones leads from the structure towards the background, where more traditional Japanese garden elements can be seen, including a wooden fence and additional structures.",A pathway leading to an outdoor open shed. | this is a small shed on a grassy lawn | Small lean-to with covered seating in a garden path. | The park has a stone rock trail leading to structures.  | A small building and a thin large tree.
000000229840,Qwen3-VL-4B,"The image shows a horse and a dog standing next to each other behind a wire fence. The horse is on the left side of the image, and the dog is on the right side. The horse appears to be sniffing the dog, and the dog is looking at the horse. The background consists of green grass and some yellow flowers.","The image shows a close-up of a horse and a dog interacting through a chain-link fence. The horse, which is white, is on the left side of the image, and its head is leaning over the fence. The dog, which has a black and white coat with brown patches, is on the right side of the image, and its head is also leaning over the fence. The fence is made of metal wires and has a few yellow flowers growing near it. The background consists of green grass",A dog touches noses with a horse through a fence. | A dog standing close to a metal fence. | A dog and a horse are getting to know each other. | A dog and a horse touching noses through a wire fence  | A horse and a dog are touches noses between a barbed wire fence.
000000209747,Qwen3-VL-4B,"A small cat is sitting in a white sink. The sink is located in a bathroom, and there is a green and orange scrub brush next to it. The cat appears to be curious and is looking directly at the camera.","A small kitten with gray and white fur is sitting inside a white sink. The sink is located in a bathroom, with a green and orange scrub brush placed on the edge of the sink. The background includes tiled walls and a metal faucet.",A gray and white kitten sitting in a bathroom sink. | The tiny kitten looks sad sitting in the bathroom sink with a scrub brush on the rim. | A gray and white kitten in a white bathroom sink.  | A kitten sitting in a skin with a green brush with green bristles. | Kitten looking puzzled sitting in a bathroom sink
000000132210,Qwen3-VL-4B,"The image shows an old, white fire truck parked on the side of a road. The truck has a red and white stripe running along its side, and it features a large, rusted sign on its back. The sign appears to be a billboard or advertisement, but its content is not clear. The truck is parked on a grassy area, and there are trees and a clear blue sky in the background. The truck seems to be in a rural or semi-rural setting, as there are","The image shows an old, white utility truck parked on a grassy area. The truck has a rusted appearance and features a red and white stripe along its side. On the side of the truck, there is a logo of a fire department, specifically ""Northern Grimes County."" The truck has a large, rectangular sign on top, which appears to be a marquee or scoreboard, though the details on it are not clear. The background includes a road, trees, and a clear blue sky",An old fire truck with an old sign in the back of the truck bed. | The truck is hauling a sign used to promote business. | A red and white utility truck with a sign in the truck bed. | A truck is carrying a sign with an arrow on it. | A fire truck with a sign in its bed parked on the grass.
000000096459,Qwen3-VL-4B,"The image shows a duck swimming in a body of water, likely a pond or lake. The duck has a brown and white plumage with a distinctive white tail. The water is calm, and the duck appears to be in a natural, outdoor setting.","The image shows a duck swimming in water. The duck has a brown body with darker brown and white markings, a yellow beak, and a white tail. The water is calm, and there are some floating leaves and twigs. The duck's reflection is visible on the water's surface.",A duck paddling through a shallow body of water. | A mallard duck wading on top of a lake. | A brown duck with a white tail floating in the water. | The duck floated on the water among the leaves and branches. | The duck is swimming in the glassy water.
000000513727,Qwen3-VL-4B,"The image shows a large burger on a metal stand, with a slice cut out of it. The burger is on a black plate, and there is a knife with a wooden handle on the stand. The burger appears to be made with a sesame seed bun, and it has various ingredients such as lettuce, tomato, and possibly cheese. The setting seems to be outdoors, as there is a person in the background and a glass of water on the table.","The image shows a large burger on a metal stand with a slice taken out of it. The burger is made with a sesame seed bun, and the filling includes meat patties, lettuce, tomato, and onions. There is a knife with a wooden handle on the stand, indicating that the burger was cut. A slice of the burger is placed on a black plate next to the stand. In the background, there is a glass drink container and a person's hand holding a fork. The setting appears","Quarter of a giant burger served on a plastic plate | A family size hamburger to be cut into slices. | A huge hamburger with lettuce and tomato on a round plate. | a knife on a tray with a giant sandwich | A cheeseburger the size of a cake, with one slice missing shown on a separate plate."
000000081779,Qwen3-VL-4B,"The image shows a box containing two large doughnuts, with a person's hands reaching towards them. The doughnuts are placed on top of each other, and the person appears to be about to pick up one of the doughnuts. The box is open, and the doughnuts are resting on the lid. The person is wearing a watch on their wrist, and the box has some crumbs or residue on it.","The image shows a box containing two large, glazed donuts. A person's hands are visible, with one hand reaching into the box and the other resting on the edge of the box. The box appears to be made of cardboard and is placed on a surface, possibly a table or counter. The donuts have a shiny, sugary glaze on top. The person is wearing a watch on their wrist.",a person presents some big doughnuts in a box | A person is standing in front of a box of large doughnuts. | Box with two large doughnuts and someones hands beside them.  | Two hands displaying two very large glazed doughnuts | a box with some big doughnuts inside of it 
000000556462,Qwen3-VL-4B,"The image shows a table setting with a plate of food, including a sandwich and fries. There are also various items on the table such as a glass of water, a bottle, a fork, a knife, and a salt shaker. The person in the image is holding a toothpick, possibly to hold the sandwich together. The setting appears to be a casual dining environment, possibly in a restaurant or a cafe.","The image shows a meal on a table. There is a plate with a sandwich cut in half, a side of fries, and a small side of what appears to be a red sauce. The sandwich is held together with toothpicks. On the table, there are also two glasses, one containing a clear liquid and the other with a dark liquid, possibly a soda. There is a bottle of ketchup and a pepper shaker. A fork and knife are placed on the table, and there",Panini and fries are are on a lunch platter are served with dressings. | A sandwich with toothpicks and french fries are on a plate. | A grilled sandwich and french fries on a white plate. | Closeup of a table with a plate of food that includes a sandwich and fries. | This person ordered some sandwich melts with fries on the side.
000000397101,Qwen3-VL-4B,"The image shows a person playing tennis on a court. The person is wearing a red tank top and a white visor, and they are holding a tennis racket in one hand while their other hand is raised in the air. The court appears to be a hard court, and the person is in the middle of a serve or a serve preparation.","A person is playing tennis on a blue court. They are in the middle of serving, with their right arm extended upwards and their left arm holding a tennis racket. The person is wearing a red sleeveless top, black shorts, and a white visor. The court has white lines marking the boundaries.",A young woman gets ready to serve the ball. | The woman is playing tennis with a racquet. | A tennis player lines her racket up to hit the ball. | A woman is holding a tennis racquet preparing to serve the ball. | A female tennis player swinging at a tennis ball.
000000029125,Qwen3-VL-4B,"The image shows a tall, brick clock tower with a pointed roof and a clock face illuminated against the sky. The tower is set against a clear blue sky, and there are some trees visible at the base of the tower.","The image shows a tall, brick clock tower with a pointed roof. The clock face is illuminated, glowing against the sky. The tower is set against a clear blue sky, and there are some trees visible at the base of the tower. The lighting on the tower suggests it is either early morning or late evening.",A large clock tower illuminated by lights and topped with a pyramid.. | A well lit church steeple with a clock on it | An illuminated clock tower behind a tree against a dusky sky. | A large clock tower sitting in the shadows. | There is a tall clock tower lit by lights
000000027438,Qwen3-VL-4B,"The image shows two sheep standing in a grassy field. One sheep is on the left side of the image, while the other is on the right side. The sheep on the left appears to be looking towards the camera, while the sheep on the right is facing away from the camera. The field is covered with green grass, and there are no other animals or objects visible in the image.","The image shows two sheep in a grassy field. One sheep is on the left side of the image, standing and looking towards the camera. This sheep has a collar around its neck. The other sheep is on the right side of the image, also standing and facing towards the left. The grass is green and appears to be in a natural, uncultivated state.",Two sheep one with a bell tied to its neck walking in a green field. | Two sheep stand near each other on the grassy pasture. | Two sheep walking in the grass on a sunny day.  | Two sheep that are grazing in a field. | Sheep in a meadow with bells around their necks
000000088412,Qwen3-VL-4B,"The image captures a baseball game in progress, with a batter, catcher, and umpire in the foreground. The batter is holding a baseball bat, and the catcher is wearing a baseball glove, preparing to catch the ball. The umpire is positioned behind the catcher, observing the play. The scene is set on a baseball field, with the home plate visible in the foreground.","The image depicts a baseball game in progress. A batter, wearing a blue uniform with the number 18, is in the process of swinging a bat. The catcher, wearing a gray uniform with a catcher's mitt, is crouched behind the batter, ready to catch the ball. The umpire, dressed in black, is positioned behind the catcher, observing the play. The field is a well-maintained baseball diamond with green grass and brown dirt. The home plate is visible on",A baseball player swinging a bat during a game. | Uniformed baseball players playing ball at home plate. | A baseball player is standing in front of a catcher preparing to hit a ball.  | A batter takes a swing at an oncoming baseball. | People playing baseball on a baseball field; a man batting.
000000205498,Qwen3-VL-4B,"The image shows a round table with a vase containing a flower arrangement on it. The table is situated in front of a large, round window with curtains. The window provides a view of trees outside. The overall setting appears to be a cozy and well-lit room.","The image shows a round table with a glass top, placed in front of a large, circular window. The window has a white frame and is adorned with light-colored curtains tied back on both sides. Through the window, greenery and trees are visible, suggesting an outdoor setting. On the table, there is a clear glass vase containing a flower arrangement. The flowers include a prominent yellow flower and smaller white flowers, with green foliage. The overall scene is bright and airy, with natural light illuminating",A window above a wooden table with a vase containing a white flower. | A kitchen table with a vase and flower and window overlooking it. | vase with flowers make up the center piece of table in front of window | A vase with flowers in it on a table.  | round porthole window in dining room with flower vase
000000218388,Qwen3-VL-4B,"The image shows a stop sign with graffiti on it, located in front of a building. The sign is partially obscured by tree branches, and there are street signs and a car visible in the background.","The image shows a stop sign with graffiti on it, located in front of a building with large windows. The building is labeled ""Harry S. Truman Building."" There are street signs indicating ""C St"" and ""2100."" The scene includes trees with green leaves, a fire hydrant, and a car parked in the background.",A large red sign on a metal pole. | A stop sign sits on a road with graffiti.  | A Stop sign with some potted plants next to some buildings | The stop sign has words painted on it. | a stop sign sits in front of a building 
000000475856,Qwen3-VL-4B,"The image shows a person standing in a room, wearing a suit and tie. The room has a wooden floor and a wooden door in the background. There are various items on the floor, including shoes and a jacket. The person appears to be posing for the photo, with their hands in their pockets.","A person is standing indoors, wearing a dark suit, white shirt, and a dark tie. They have their hands in their pockets and are standing on a wooden floor. The background includes a wooden door, a wall with a light switch, and some scattered items on the floor.",A very nicely dressed man standing by a door. | A MAN STANDING NEAR A BROWN DOOR POSING FOR A PICTURE. | A man in a suit poses with his chin up in front of the door. | A man in a suit and a tie is standing by a door. | Man poses for the camera in suit and tie.
000000567198,Qwen3-VL-4B,"The image shows two giraffes in a natural setting, possibly a zoo or a wildlife reserve. The giraffes are standing close to each other, with one giraffe bending down to graze on the ground. The background includes greenery and rocks, suggesting a habitat that mimics their natural environment.","The image shows two giraffes in a naturalistic setting, possibly a zoo or wildlife reserve. The giraffes have distinctive spotted patterns on their bodies, which are characteristic of their species. The giraffe in the foreground is bending its neck, possibly to reach the ground or to interact with something out of the frame. The background includes green foliage and some rocks, suggesting a habitat designed to mimic their natural environment. The lighting indicates it is daytime, with sunlight casting shadows on the ground.",Two giraffe standing on a dirt road next to a jungle | Group of giraffes leaning forward to eat out of a feeding area.  | Two giraffes investigating something inside of an enclosure. | Two giraffes are positioned on both sides of a much larger animal who is taking the lead. | Two giraffes foraging for food along the wall
000000024480,Qwen3-VL-4B,A black cow with white markings is standing in a grassy area near a body of water. The cow has two small horns and is wearing ear tags. The background includes some bushes and a clear view of the water.,"A black cow with white markings and orange tags on its ears is standing in a grassy area. The cow has a white tail with a yellow tip and is grazing on the grass. In the background, there is a body of water and some green bushes. The cow appears to be in a natural, outdoor setting.",A black cow with horns standing on a field. | A black and white cow standing in the grass next to a body of water. | a close up of a cow in a field near a bush | A very mean looking steer grazing in a field. | A cow grazing in a field by a body of water.
000000528811,Qwen3-VL-4B,"The image shows a train station with a green train parked on the tracks. The train has a distinctive design with a yellow and green color scheme. There are also other trains visible in the background, including a white train. The station appears to be well-maintained, with a clean and organized environment.","The image shows a train station with three green and yellow trains parked side by side. The trains have the word ""First"" written on them, indicating they are part of the First Group, a British train operator. The trains have yellow doors and windows, and the front of each train has a round headlight. The station platform is visible in the foreground, with a blue safety barrier and some red and yellow equipment. Another train, partially visible, is in the background.",a green train that is sitting on a train track | Two green trains stop in front of a warning guard. | a group of trains parked side by side next to a sidewalk | Some very big pretty bright colored trains parked. | two trains are parked side by side at the station
000000187187,Qwen3-VL-4B,"The image shows a man in a red shirt standing in front of a laptop computer. There are two laptops on a table, and the man appears to be working on one of them. The setting seems to be an office or a workspace, with various posters and artwork on the walls in the background. The man is focused on his work, and the environment appears to be professional and creative.","In the image, a person wearing a red shirt is standing and using a laptop placed on a table. The table is situated in front of a wall with several colorful posters and paintings. Another person, dressed in a dark suit, is standing in the background, looking at the posters. The room appears to be a conference or exhibition space, with various displays and electronic equipment visible.","A person and a laptop in a room. | a guy checking out a laptop computer in a store | A man using a laptop at work  | A man using a laptop, while holding it. | A man standing in front of a laptop computer."
000000513381,Qwen3-VL-4B,A child is sitting at a table with a toy in front of them.,"A young child with blonde hair is sitting at a wooden table. The child is wearing an orange shirt and has their hands clasped together. In front of the child, there is a tall, green cylindrical object with a yellow top, which appears to be a toy or a container. On the table, there is a white bowl with some food inside and a plate with a slice of pizza. In the background, there is a kitchen area with a refrigerator, a wine glass, and a cabinet with","A little girl standing in front of a stack of items. | a child at a table sitting next to stacked items. | A child beside a stack of parmesan cheese containers and a sippy cup. | A young child claps his hands at the ""sculpture"" he made. | A little girl is all happy as she sits at the table with her cup sitting on the containers of cheese. "
000000394478,Qwen3-VL-4B,A cat is sitting on a chair in front of a laptop and a smaller device.,"A cat is sitting on a table next to two electronic devices. The cat has a greenish-brown fur and is looking directly at the camera. The first device is a laptop with a green keyboard and a screen displaying a simple interface with a gingerbread man icon. The second device is a smaller, white, rectangular device with a screen showing a bird image. The table appears to be made of wood, and there is a cloth or towel under the devices. The background is a plain wall.",a furry cat sits behind a child's laptop | A cat sitting behind a laptop on a desk. | A cat that is sitting on a table that has electronics on it. | A cat is posing next to a laptop computer. | a cat is standing near a tiny computer
000000207180,Qwen3-VL-4B,"The image depicts a large, spacious interior, likely a train station or a similar public building. The architecture features high ceilings, arched windows, and a central clock. The floor is made of polished stone or marble, and there are several benches and tables for people to sit and wait. The lighting is bright, creating a warm and inviting atmosphere. People are walking around, and the overall scene is bustling with activity.","The image depicts a spacious, well-lit interior, likely a train station or a large public building. The floor is polished and reflective, with several wooden benches arranged in rows. The ceiling is high, adorned with numerous hanging light fixtures and a large, arched window that allows natural light to flood the space. In the center, there is a prominent clock with a yellow face and black hands, set within an ornate, arched structure. The walls are decorated with various elements, including a",A group of people walking around a train station. | an ornate bus station with a grand clock in it | A large long hallway with many doors to the sides and a large window at the end with a clock. | A terminal with benches and several people walking around | A very large building with the sun shining through the windows.
000000422755,Qwen3-VL-4B,"A person is riding a horse on a dirt path. The horse is equipped with a saddle and a bridle, and the rider is wearing a white t-shirt and brown pants. The background features a grassy field and a mountain in the distance.",A person is riding a horse on a dirt path. The person is wearing a white t-shirt with text and brown pants. The horse is equipped with a saddle and has a bridle on its head. The background features a grassy field with a fence and distant mountains. The sky is clear.,A woman riding on the back of a brown horse. | a teenage girl rides a horse down a dirt road | A woman with a smile on her face riding a horse. | She loves riding her favorite horse as much as she can. | a girl in a white shirt sitting on a brown and black horse
000000555346,Qwen3-VL-4B,"The image shows a large boat with the name ""KULSHAN"" on it, floating on the water. There are two people wearing orange vests on the boat, and another boat can be seen in the background. The boat appears to be a fishing vessel, and the scene takes place in a calm body of water with mountains in the distance.","The image depicts a large fishing boat named ""KULSHAN"" floating on calm waters. The boat is primarily black with a red bottom and has various fishing equipment and structures on its deck, including nets and rigging. There are two individuals wearing orange safety gear on the boat, likely engaged in fishing activities. In the background, there are other boats and a mountainous landscape with some snow-capped peaks. The sky is overcast, suggesting a cloudy day.",A tugboat in the water has two occupants.  | A tug boat floating on a large body of water. | Two men in rain gear pull ropes on a fishing boat. | A fishing boat sailing in the ocean with two men. | A small fishing boat with two people on deck
000000261757,Qwen3-VL-4B,"The image shows a freshly baked pizza on a wooden cutting board. The pizza appears to have a variety of toppings, including cheese, mushrooms, and possibly other ingredients. The board is placed on a metal surface, likely a kitchen counter or a pizza oven. In the background, there are some kitchen items, including a stack of plates, a roll of paper towels, and a plastic bag. The overall setting suggests a home or restaurant kitchen environment.","A freshly baked pizza with various toppings, including mushrooms and cheese, is placed on a wooden cutting board. The pizza is on a stainless steel surface, possibly a kitchen counter or a pizza oven. In the background, there are stacks of plates, a roll of paper towels, and some plastic bags. The scene appears to be in a kitchen or a restaurant setting.",a pizza on a wooden table ready to be cooked | A pie sitting on top of a wooden board near  stack of plates. | An oven fired traditional pizza sits on a board in the kitchen. | A pizza is sitting on a pizza stone fully cooked. | A whole uncut pizza on a pizza paddle.
000000006005,Qwen3-VL-4B,"The image shows a group of four giraffes in an enclosure at a zoo. The giraffes are standing on a dirt ground, with one of them walking towards the left side of the image. In the background, there is a wooden fence and some visitors observing the animals. The giraffes appear to be in a naturalistic setting, with some rocks and vegetation visible in the enclosure.","The image shows a group of four giraffes in an enclosed area, likely a zoo or wildlife park. The giraffes are of varying sizes, with one adult giraffe prominently in the foreground, walking towards the left. Behind it, there are three younger giraffes, two of which are standing close together, and one is slightly further away. The enclosure has a wooden fence and a rocky terrain with some greenery. In the background, there are visitors, including a couple, observing",a couple of giraffes that are walking around | A herd of giraffe standing on top of a dirt field. | Several smaller giraffes that are in an enclosure. | The giraffes are walking in different directions outside. | A giraffe standing next to three baby giraffes in a zoo exhibit.
000000150284,Qwen3-VL-4B,"The image shows a person riding a motorcycle in front of a store window. The motorcycle is parked on the street, and the person is wearing a helmet and carrying a backpack. The store window displays various items, including a Swiss Army Knife. The scene is captured in a way that the motorcycle and the person are in color, while the rest of the image is in black and white.","The image shows a person riding a red motorcycle. The rider is wearing a helmet and has a black bag attached to the back of the motorcycle. The motorcycle is parked in front of a store with large windows displaying various items. The store has a sign that reads ""Victorinox,"" indicating it is a Swiss Army Knives store. The background is in black and white, while the motorcycle and rider are in color, creating a striking contrast.",A man stands beside his motorcycle in front of a store. | A red and black motorcycle with shiny chrome. | a close up of a motorcycle parked on a street | A motorcycle parked on the side of a road next to a man. | A man stand next to a motorcycle with a bag on the back.
000000397658,Qwen3-VL-4B,"The image is a black and white photo of a woman walking down a street. She is talking on her cell phone and appears to be in a hurry. There are several other people walking around her, and some of them are carrying handbags. The background shows a building with a balcony and a signboard. The scene appears to be in a busy urban area, possibly a city street.","The image depicts a woman standing on a city street, engaged in a conversation on her mobile phone. She is wearing a dark coat over a striped sweater and a scarf. In the background, there are several other people walking, including a woman carrying a shopping bag. The scene is set in an urban environment with buildings and street signs visible. The image is in black and white.",A woman with glasses and holding a cell phone on the street | A woman is looking to the side while talking on her phone. | A woman talking on a cell phone while talking past people. | A woman walking down the street talking on a cell phone. | A woman in a scarf and sweater talks on her cell phone in a large city.
000000319607,Qwen3-VL-4B,"The image shows a busy urban intersection with a traffic light displaying a yellow signal. A cyclist is riding through the intersection, and there are several other people and vehicles in the scene. The area appears to be a construction site, as scaffolding is visible in the background. The street is marked with white lines and has a red-painted section, possibly indicating a pedestrian crossing or a bike lane.","The image shows an urban street scene with a traffic light displaying a yellow signal. The traffic light is mounted on a pole and has a circular yellow light. Below the traffic light, there is a sign with a yellow arrow pointing to the right. In the background, there is a building under construction, identifiable by the scaffolding and the unfinished facade. The street is marked with white lines and has a red-painted section near the curb. A cyclist is riding on the sidewalk, and there are other","A bent traffic light next to the side of a street. | A man is riding on bicycle alongside a new construction building. | A street light shows a yellow are point right. | A sign post with an electric traffic signal attached. | A traffic light on the intersection of a city, with a large building and a bicyclist in the background."
000000261426,Qwen3-VL-4B,"The image shows a sandwich cut in half and stacked on a black tray. The sandwich is made with white bread, lettuce, tomato slices, and what appears to be chicken or turkey. There is a small container of red sauce, possibly ketchup, next to the sandwich. The tray is placed on a table, and there is a newspaper or menu under the tray. In the background, there is a person's hand holding a plate with fries. The overall setting suggests a casual dining environment, possibly","The image shows a sandwich cut in half, revealing layers of lettuce, tomato, and what appears to be chicken or turkey. The sandwich is placed on a black tray with a small container of red sauce, likely ketchup, on the side. There are also some chips and a plate of fries in the background. The setting seems to be a casual dining environment, possibly outdoors, as suggested by the wooden table and the presence of a newspaper or menu under the tray.",A black square plate topped with a cut in half chicken sandwich. | THERE IS A SANDWICH WITH MEAT AND LETTUCE | A sandwich sits on a plate on the table.  | Several sandwiches are on a black square plate. | A sandwich is sitting on a black plate.
000000146568,Qwen3-VL-4B,"The image shows a room with a wooden floor, where a child is standing and looking at the camera. The room is filled with various toys and items scattered around, including a yellow shopping cart, a pink basket, a green plastic container, and a pink and white doll. There is also a fireplace in the background. The room appears to be a play area or a living room.","The image shows a room with a wooden floor and a fireplace in the background. The room is filled with various toys and items scattered around. There is a child standing in the foreground, wearing a red shirt and blue jeans. The room also contains a yellow shopping cart, a pink basket, a green plastic container, a pink and white toy car, a pink and white doll stroller, and several other toys and items. The room appears to be a play area, with the child and toys being",A little boy is standing near a lot of toys. | the young boy has played with all of his toys. | A toddler playing in a room with many toys all over the floor. | A small child stand amidst many primary-colored toys in front of a fireplace. | A young child is standing in a room with toys on the floor.
000000202445,Qwen3-VL-4B,"The image shows a cat lying on a bed with a white blanket. The cat is positioned on the right side of the bed, and the blanket appears to be slightly rumpled. The background includes a window with curtains, and the overall lighting in the room is dim.","The image shows a cat lying on a bed with a white and gray patterned blanket. The cat is positioned with its back to the camera, and it appears to be looking towards the left side of the frame. The background includes a window with curtains partially drawn, allowing some light to enter the room. The overall scene is indoors, with the focus on the cat and the bed.","A cat facing away from the camera, among blankets on a bed. | A  cat sleeping on a blanket on someone's bed | A brown cat is curled up on some bed sheets. | A cat laying in bed on top of a blanket. | A cat is lying covered in bed with white sheets"
000000315976,Qwen3-VL-4B,"The image shows a red double-decker bus on a city street. The bus is labeled ""Hampstead Heath 24"" and has the route number 24 displayed on its front. The bus is parked on the side of the road, and there are trees and buildings in the background. A person is walking on the sidewalk in the background.","The image shows a red double-decker bus on a city street. The bus is labeled ""Hampstead Heath 24"" and has the route number 24 displayed on its front. The bus is parked on the side of the road, and there are trees and buildings in the background. The bus has a modern design with large windows and a clear front windshield. There is a person walking on the sidewalk in the background. The sky is clear, indicating a sunny day.",a red double decker bus is seen coming up the street | A red double bus is traveling down the road.  | A double decker bus is on a street. | A red double decker bus driving down a street. | A red double decker bus is riding down the road.  
000000096097,Qwen3-VL-4B,"The image shows a cat sitting on a wooden chair. The cat appears to be resting comfortably, with its body stretched out across the seat of the chair. The chair has a traditional design with turned wooden legs and a rounded backrest. The cat has a dark coat with lighter patches, and it seems to be in a relaxed position, possibly sleeping or dozing. The background includes a carpeted floor and some papers or documents on the chair's seat.","The image shows a wooden chair with a cat lying on its seat. The cat appears to be resting or sleeping, with its body curled up and its head resting on its paw. The chair has a round seat and is made of wood with turned legs and spindles. There is a piece of paper or a document on the right side of the chair, and the background appears to be a carpeted floor.",there is a cat sitting on a wooden chair | A cat is sitting on the wooden chair.  | A small cat sitting down on a chair. | A cat is sitting on a chair looking up. | A black cat playing on top of a wooden chair.
000000087456,Qwen3-VL-4B,"A cat is sitting on a piece of furniture, observing a television screen that displays a bird in flight. The TV is placed on a stand or table, and there are several objects around it, including a bottle, a remote control, and a few books. The room appears to be a living space with a bookshelf in the background.","A cat is sitting on a piece of furniture, observing a television screen that displays a bird in flight. The television is placed on a stand, and there are two framed pictures on the stand. The room has a shelf with various items, including a bottle and a small object that resembles a camera. The cat appears to be focused on the television screen.",A cat sitting next to a television watching a bird on the screen.  | A cat watching birds flying on a Sony TV screen. | a cat is looking at a television with birds on it | Cat sits staring at birds that are actually only on the tv screen | A cat drooling at a TV with an image of flying birds on display.
000000357402,Qwen3-VL-4B,"The image shows a tennis player in action on a court, swinging a tennis racket. The player is wearing a white shirt, a dark skirt, and a white cap. The court is surrounded by a crowd of spectators, and there is a blue barrier with advertisements in the background. The scene appears to be from a professional tennis match, possibly at the Cincinnati Open Series.","A tennis player is in the middle of a match, swinging a tennis racket with both hands. The player is wearing a white cap, a white shirt with red accents, a dark skirt, and white shoes. The court is blue with white lines, and there is a crowd of spectators in the background. The crowd is seated in blue chairs, and there are advertisements on the walls. The player appears to be in motion, possibly after hitting the ball.",The woman has swung her tennis racket behind her back. | a woman holding her tennis racket behind her  | a woman is swinging a teniis racket at a game | A woman playing tennis at a tournament  | A woman swinging a tennis racket at a tennis match.
000000091304,Qwen3-VL-4B,"The image depicts a cozy living room setting. The main elements include a white couch with a blue pillow, a wooden chest as a coffee table, and various framed pictures and a mirror on the wall. The room has a warm and inviting atmosphere, with a mix of modern and rustic decor.","The image depicts a cozy living room setting. A white couch with a blue pillow is positioned against a wall. On the wall, there are two framed pictures, one of which appears to be a black and white photograph of a cat. A wooden chest sits in front of the couch, and a patterned rug covers the floor. A lamp with a white lampshade is placed on a side table next to the couch. The room has a warm and inviting atmosphere.",A living room has a couch and a rustic chest for a coffee table. | A PHOTO OF A LIVING ROOM WITH COUCHES AND A TABLE  | The couch is tidy but empty of people. | A living room with a wooden crate coffee table | A white couch sitting in a living room next to a wooden table.
000000337275,Qwen3-VL-4B,"A person is holding a piece of apple, and a cat is sniffing or trying to bite it. The person is wearing a light-colored shirt, and the cat is sitting on a cushioned surface, possibly a couch or chair.","A person is holding a piece of apple, and a cat is sniffing it. The person is wearing a light blue shirt, and the cat is sitting on a brown surface, possibly a couch or chair. The cat has a striped pattern on its fur.",A man laying on a chair feeding a cat. | A cat in a mans lap investigating an apple. | A brown and white cat eating an apple from a persons hand. | A cat standing on someones lap sniffing an apple | a small black brown and white cat a person and an apple
000000323231,Qwen3-VL-4B,"The image shows two people skiing on a snowy slope. One person is wearing an orange jacket and appears to be adjusting their equipment, while the other person is wearing a black jacket and is actively skiing. The background features a clear blue sky and a mountain range with evergreen trees.","The image shows two skiers on a snowy slope. One skier, wearing an orange jacket, is standing on skis and appears to be adjusting their equipment. The other skier, dressed in a dark jacket and pants, is actively skiing downhill. The background features a clear blue sky, evergreen trees, and a mountain range in the distance. The scene is bright and sunny, indicating a clear day.",A pair of ski emergency responders transporting an injured skier. | Two skiers slide across a snowy landscape.  | Two men on skis are going down a snowy slope. | Two people on skis in a wooded snowy area. | Two skiers traveling on a snowy path in a forested area. 
000000568814,Qwen3-VL-4B,"The image shows a man with a beard and mustache, wearing a green tie and a brown shirt. He is standing in a room with an orange wall and a ceiling with recessed lighting. There is another person in the background, and the man appears to be looking off to the side.","The image shows a man with a beard and mustache, wearing a green tie and a brown shirt. He is standing indoors, with an orange wall and a ceiling with recessed lighting in the background. There is another person in the background, partially visible. The man appears to be in a relaxed pose with his arms crossed.",A man with a bear sitting with his arms crossed and his tie over his left shoulder. | A man with a beard in a tie sits with his arms crossed. | a man with a beard and a gray shirt and tie | A man with a tie is staring at something. | Man with beard folding arms with tie over shoulder.
000000248400,Qwen3-VL-4B,"The image shows a man sitting in front of a pizza box with a note written on it. The note says, ""I went to a wishing well, it sank to the ocean floor."" The pizza box is placed on a kitchen counter, and there are various kitchen items around, including a bowl and a cactus plant. The man appears to be surprised or concerned by the note.","A man is sitting in front of a pizza box on a kitchen counter. The box has a note written on it that says, ""I went to a wishing well it sank to the ocean floor."" The pizza box is open, revealing a partially eaten pizza. The kitchen has white cabinets, a window with blinds, and a wall socket. There is also a small cactus plant in the background.",A man opens pizza box and stares at the camera. | Man displaying open pizza box with message written on inside. | A man is pointing at a pizza box with a some words on the inner side. | A boy holding open and gesturing towards a pizza box kid with a message written on it. | a kid is showing a pizza with a joke written inside the box cover
000000039726,Qwen3-VL-4B,"The image shows a close-up of a partially eaten pastry, possibly a cinnamon roll or a similar baked good. The pastry has a golden-brown crust with a soft, fluffy interior. There is a white glaze or frosting drizzled on top, and the inside of the pastry reveals a creamy filling. The background appears to be a kitchen or dining area with a table and some other items, but they are not the main focus of the image.","The image shows a partially eaten pastry with a golden-brown, flaky exterior. The pastry has a creamy filling visible inside, and there are white icing drizzles on top. The pastry is placed on a white surface, possibly a countertop or table. In the background, there is a yellow object, possibly a container, and a dark object that appears to be a camera or a similar device. The setting suggests a casual, possibly home environment.",A danish dessert with frosting that is partially eaten | A close up of a round pastry topped with icing. | a delicious donut with white icing on it  | A frosted donut with a bite taken out. | a frosted donut with a bite out of it
000000432547,Qwen3-VL-4B,"The image depicts a man standing at a table, cutting wrapping paper with a pair of scissors. He appears to be preparing to wrap a gift. There are several other people in the room, some of whom are also involved in gift wrapping activities. The room has a festive atmosphere, with various gift-wrapping materials and boxes scattered around. The man is focused on his task, and the other individuals seem to be engaged in similar activities.","In the image, a man is standing at a table, cutting wrapping paper with a pair of scissors. The table is covered with various items, including rolls of wrapping paper, scissors, and other crafting supplies. In the background, there are other people engaged in similar activities, and the setting appears to be a community center or a similar public space. The room has wooden floors and a brick wall, and there is a door and a fire extinguisher visible in the background.",A man at a table rolling out wrapping paper. | A man unraveling paper on top of a table. | A man cuts wrapping paper on a cluttered table. | an image of a man using wrapping paper | Several people wrapping items with seasonal wrapping paper.
000000504977,Qwen3-VL-4B,"The image shows an elderly woman sitting on a bench in a park. She is wearing a light-colored dress and has a handbag on her lap. The bench is made of wood and is surrounded by greenery, including grass and plants. The woman appears to be resting or possibly waiting for someone.","An elderly woman is sitting on a green bench in a park. She is wearing a light-colored dress with a floral pattern and has a black handbag on her lap. The bench is made of wood and is surrounded by greenery, including tall grass and bushes. The ground is covered with grass and small leaves.",A lady sitting on a bench in a very open field. | older woman sitting and waiting on a park bench | The lady is sitting on the bench holding her handbag. | An old woman sitting at a bench with her purse. | a lady sitting on a park bench in a park
000000117899,Qwen3-VL-4B,"The image depicts a spacious kitchen with wooden cabinets and a large island in the center. The kitchen features a dining area with a round table and chairs, and a refrigerator and microwave are visible. The room also has a clock on the wall and a lamp on the table. The overall atmosphere is warm and inviting, with a cozy and well-lit ambiance.","The image depicts a well-lit kitchen with a variety of wooden cabinets and appliances. The kitchen features a large island with a sink and a coffee maker on top. There is a dining area with a round table covered in a green tablecloth, surrounded by chairs. The room is decorated with framed pictures on the walls and a clock on the far wall. The floor is tiled, and there is a refrigerator and a microwave in the kitchen area. The overall color scheme includes earthy tones with green accents",A kitchen filled with wooden cabinets and a table. | A KITCHEN WITH A TABLE AND A SINK IN IT  | This is an empty kitchen with wooden cabinets and a breakfast area. | A large kitchen with light wooden cabinets and plenty of light. | Kitchen with an island stove and a large grandfather clock in corner. 
000000356351,Qwen3-VL-4B,"The image depicts a bathroom with a dirty and neglected appearance. The walls and floor are covered in grime and stains, and the fixtures, including the toilet and sink, appear to be in poor condition. The toilet is positioned on a raised platform, and the sink is mounted on the wall. The overall scene suggests a lack of maintenance and hygiene.","The image depicts a dilapidated bathroom. The walls are covered in grime and dirt, with visible patches of mold and peeling paint. A blue toilet is positioned against the wall, with its seat up and the bowl dirty. To the right of the toilet, there is a white sink with a dirty surface and a visible faucet. The sink is mounted on a wall that shows signs of wear and tear. The floor is also dirty, with a mix of blue and red paint or grime","This bathroom is so filthy it probably doesn't work anymore | this is a toilet with blue paint on it | a white toilet and sink in a bathroom  | The remains of a washroom lies in a neglected house | An old, dirty restroom is seen in this picture."
000000073773,Qwen3-VL-4B,"A man is sitting on a bench, reading a newspaper. He is wearing a jacket and has a pair of shoes on his feet. The bench is made of wood and metal, and there is a pole behind the man. The scene appears to be outdoors, possibly in a park or public area.","A person is sitting on a bench outdoors, reading a newspaper. The person is wearing a dark jacket with a blue stripe, jeans, and sneakers. The bench is made of wood and metal, and there is a pole in the background. The ground appears to be paved with bricks.",a guy that is sitting on a park bench with a news paper | A man sits on a park bench while reading the paper.  | A man sitting on top of a wooden bench. | A PICTURE OF A MAN READING THE NEWSPAPER ON A SIDEWALK  | A man sits alone reading a newspaper on a bench.
000000520232,Qwen3-VL-4B,"The image shows a bird flying in the sky above a body of water, with two traffic lights in the foreground displaying red lights. The sky is a mix of pink and purple hues, indicating either sunrise or sunset.","The image shows a twilight or early evening sky with a gradient of colors, transitioning from a lighter hue near the horizon to a deeper, darker shade as it rises. There are two traffic lights in the foreground, both displaying red lights. Between the traffic lights, a bird is captured in mid-flight, with its wings spread wide. The background features a body of water, likely an ocean or a large lake, with waves visible on its surface. The overall scene has a serene and calm atmosphere.",A bird flying between to stop lights in the evening. | A sea gull flying over two traffic lights by the ocean. | The bird is flying above the red lights on the beach. | Two different red lights on poles on opposite sides of a street. | A couple of red traffic lights by a beach and a kite.
000000276149,Qwen3-VL-4B,"The image depicts a snowy ski slope with several people engaged in various activities. There are skiers and snowboarders scattered across the slope, some of them standing, while others are in motion. The slope is equipped with ski lifts and poles, and there are trees in the background. The scene is lively, with people enjoying the winter sports.","The image depicts a snowy ski slope with several people engaged in winter sports. There are multiple skiers and snowboarders scattered across the slope, some of whom are standing, while others appear to be in motion. The slope is equipped with ski lifts and various signs, including a sign with a symbol that resembles a snowboarder. The background features a line of trees and a clear sky. The scene is bustling with activity, with people preparing their equipment and enjoying the snowy environment.",many people on a snowy slope riding skis and snowboards | many people and snowboards at the bottom of a snowy mountain | Skiers and Snowboarders on the bottom of a ski hill | A lot of people that are in the snow. | snowboards and snowboarders standing at the bottom of a run.
000000340278,Qwen3-VL-4B,"The image shows a group of people gathered in a public space, possibly during an event or celebration. The scene is illuminated by streetlights and the glow of lights in the background. There are trees with blooming flowers, adding a festive atmosphere to the setting. The people appear to be enjoying themselves, with some holding cameras or taking photos. The overall mood seems lively and cheerful.","The image depicts a nighttime scene with a group of people gathered in an outdoor area. The main focus is on two individuals in the foreground, who appear to be taking a selfie. The person on the left is holding a camera, and the person on the right is posing for the photo. The background features blooming trees with white flowers, illuminated by streetlights, creating a festive atmosphere. The scene is bustling with activity, with several other people visible in the background, some of whom are also engaged",A man and woman are standing outside holding a cell phone. | A woman in a couple takes a picture of them while the man looks away.   | A woman taking a picture while a man looks away. | A man standing next to a woman in the street. | Two people taking a picture together next to a crowd of people.
000000543836,Qwen3-VL-4B,"The image shows a person sleeping in bed with two cats. One cat is lying on the person's chest, while the other is resting on the bed. The person is covered with a blue blanket, and there is a book on the bed next to them. The date ""12/18/2005"" is visible in the bottom right corner of the image.","A person is lying in bed, partially covered with a blue blanket. There are two cats: one is resting on the person's chest, and the other is lying on the bed next to the person. The bed has a metal headboard and is covered with a striped blue and gray blanket. There is a book on the bed near the person's feet. The date ""12/18/2005"" is visible in the bottom right corner of the image.",a gray and black cat and a male sleeping and pillows | A man laying in bed with a gray cat laying on top of him. | A MAN ON HIS BED IS SLEEPING WITH HIS CAT | A picture of a black cat sitting on a young man.  | a man sleeping in bed with a cat lying on him.
000000181446,Qwen3-VL-4B,"The image shows a person standing in front of an open refrigerator. The refrigerator door is filled with various items, including bottles, jars, and other food products. The person appears to be reaching into the refrigerator, possibly to retrieve or place something inside. The kitchen setting includes wooden cabinets and a countertop with some items on it.","A person is standing in front of an open refrigerator. The refrigerator door is filled with various items, including bottles, jars, and other food products. The person is wearing a black long-sleeve shirt and has glasses. The kitchen has wooden cabinets and a countertop with a few items on it, including a bottle of dish soap. The scene appears to be in a home kitchen setting.",A man scowling while looking in a refrigerator  | A black man holding open the door of a refrigerator.  | A man standing next to an open freezer door in a kitchen. | A black man holding a refrigerator door wide open. | The man is looking into a messy fridge.
000000064710,Qwen3-VL-4B,"The image depicts a person walking with two dogs in a desert-like environment with red rock formations and a dry riverbed. The person is wearing a backpack and appears to be enjoying a hike or walk in the area. The sky is partly cloudy, and the overall scene has a rugged, natural feel.","The image depicts a person walking with two dogs on a sandy path in a desert-like environment. The path is surrounded by tall, red rock formations and a clear blue sky with some scattered clouds. The terrain appears dry and cracked, with small patches of green vegetation visible. The person is wearing a backpack and appears to be hiking. The dogs are on leashes and are walking alongside the person.",a person and a dog are standing near some cliffs | A person walks with a backpack being followed by a dog. | A hiker and dogs are walking in a canyon. | A person walks along on a patch of sand near some rocks. | A person walking across a desert filled surrounded by mountains.
000000042204,Qwen3-VL-4B,"The image depicts a bustling outdoor market with a variety of stalls and people walking around. The market is adorned with colorful flags and umbrellas, creating a vibrant atmosphere. There are several people in the scene, some of whom are carrying handbags and shopping. The market appears to be located in a tropical or warm climate, as suggested by the presence of umbrellas and the clothing of the people. The stalls are filled with various goods, and the overall scene is lively and busy.","The image depicts a bustling outdoor market scene. There are numerous stalls with umbrellas providing shade, some of which are red, black, and blue. The market is filled with people walking and shopping. Various goods are displayed on tables and hanging from the stalls. The area is decorated with colorful flags and banners hanging from above, creating a vibrant atmosphere. The market appears to be in a busy, urban area, with buildings lining the street.",Many people are walking along a crowded market place. | Many people are gathered to shop and eat. | A group of people walking through a street with many umbrellas. | many tents on the sides of buildings with people walking near | A OPEN MARKET PEOPLE ARE WALKING EVERY WHERE
000000214123,Qwen3-VL-4B,"The image depicts a group of people gathered in a kitchen, engaged in conversation. There are four women standing around a kitchen island, with one of them holding a cell phone. The kitchen features wooden cabinets, a sink, and various kitchen items such as bottles, cups, and bowls. The atmosphere appears to be casual and friendly, with the women enjoying each other's company.","In the image, there are four women standing in a kitchen. The kitchen has wooden cabinets and a wooden floor. On the counter, there are several items including wine glasses, bottles, and a bowl. One of the women is holding a wine glass, another is holding a phone to her ear, and the third is holding a glass of wine. The fourth woman is standing with her hands on her hips. The kitchen also has a window with a view of another room.",Group of women socializing with alcohol in house | a couple of women sits around a counter top  | Four people standing around a kitchen bar drinking. | Adults enjoying each others company in residential kitchen. | a number of people standing in a kitchen near one another 
000000272566,Qwen3-VL-4B,"The image depicts a man sitting on the ground next to a variety of fruits and vegetables. He is surrounded by a large number of bananas, apples, and other produce. There are also baskets filled with these items, and a child is sitting behind the man. The scene appears to be a market or a street vendor setting, with the man selling the fruits and vegetables.","The image depicts a market scene with a man sitting on the ground surrounded by various fruits and vegetables. He is holding a drink and appears to be resting. In front of him, there are large baskets filled with bananas and apples. To the left, there is a large woven basket containing more bananas. In the background, there is a child sitting on a red chair, and behind them is a brick wall with some greenery. The scene is set outdoors, with a wooden structure and a yellow umbrella",A man and young girl surrounded by various fruits. | A man and child sitting on a street with fruits in baskets. | two people siting on the ground near many different fruits | A man and young girl sit behind a display of fruits. | A couple of people sitting next to piles of fruit.
000000074711,Qwen3-VL-4B,"The image shows two geese swimming in a body of water. The water appears to be calm, with a greenish hue, possibly due to algae or reflections. The geese are positioned in the center of the image, with one slightly ahead of the other. The geese have long necks and are facing in different directions, with their heads turned to the side. The background is a simple, natural setting, likely a park or a natural reserve.","The image shows two geese swimming in a body of water. The water appears to be greenish, possibly due to algae or reflections. The geese have long necks and are primarily brown with some white markings. They are facing in opposite directions, with one goose looking to the left and the other to the right. The geese are relatively close to each other, with one slightly in front of the other. The water around them is calm, with gentle ripples.",Two ducks floating together on a body of water.  | Two ducks are swimming in the green colored pond. | Two Canadian geese swim in a green pond. | Two ducks swim in a pond with green water. | Two swam swimming next to each other on a lake.
000000218494,Qwen3-VL-4B,"The image shows a desk with a laptop computer open, displaying a music application with a playlist. The desk also has various office supplies and items, including a mouse, a speaker, a pen holder, and some papers. The overall scene appears to be a typical workspace setup.","The image shows a desk with a laptop open, displaying a music application with a playlist. The laptop is silver and has a keyboard and a trackpad. To the right of the laptop, there is a white wireless mouse. On the desk, there are various items including a speaker, a stack of papers, a pen holder with pens and pencils, a small purple object, and a few other office supplies. The desk appears to be organized with a mix of electronic and office items.",A laptop computer with a wireless mouse sitting on a desk | An open laptop computer sitting on a wooden desk. | a laptop sitting open on a desk in front of other stuff | A computer with itunes open is on a desk. | mac book on a desk with itunes open
000000094774,Qwen3-VL-4B,"The image depicts a group of people gathered around a table in a conference room. There are a total of 11 people in the room, with some standing and others sitting. The group appears to be posing for a photo, with some individuals wearing ties and others in more casual attire. The room has a professional atmosphere, with a wooden table and chairs, and a whiteboard or display board in the background. The overall setting suggests a business or meeting environment.","The image shows a group of eleven people in a conference room setting. They are arranged in two rows, with five people standing in the back and six sitting in the front. The individuals are dressed in business attire, with some wearing suits and others in blouses and ties. The room has a wooden table in the foreground, and the background includes a white wall with a small arched window and a white cabinet. The people appear to be posing for a group photo.",Group of people in dress clothes sitting around a conference table.  | a number of people wearing suits around a table | Men and women are posing for a photo in a conference room. | A group of people sitting around a wooden table. | A bunch of people posing for a group photo in business attire. 
000000357542,Qwen3-VL-4B,"The image shows a person and a dog sitting in the snow in front of a car covered in snow. The person appears to be petting the dog, and the scene is set in a snowy environment with snow-covered trees and buildings in the background.","A person is sitting in the snow with a dog, both covered in snow. The person is wearing a dark coat and a beanie, and the dog appears to be a husky or similar breed. The background shows a snowy street with parked cars and a sign indicating a parking lane. The scene is set in a residential area with snow-covered trees and buildings.",A man kneeling with his dog in the snow. | A man kneeling by its dog on the snowy ground. | A man pets his dog while squatting in deep snow. | A man and a dog sitting in a street covered in deep snow. | A man pets a dog while sitting in the snow.
000000261558,Qwen3-VL-4B,"The image shows a person looking into an open refrigerator filled with various food items. The refrigerator door is open, revealing shelves stocked with jars, bottles, and other food products. There is a sign on the door that says ""BE NICE OR LEAVE THANK YOU."" The person appears to be searching for something inside the fridge.","A person is leaning over an open refrigerator door, looking inside. The refrigerator is well-stocked with various food items and condiments. There is a sign on the door that says, ""BE NICE OR LEAVE THANK YOU."" The refrigerator door is metallic, and there are several shelves filled with jars, bottles, and other food products. The person appears to be searching for something.",A man peering into a refrigerator full of food. | A man is looking into a home refrigerator | A guy opens the refrigerator to look inside.  | A man is looking inside of a refrigerator. | Man with a black shirt on opening the door to a refrigerator. 
000000426795,Qwen3-VL-4B,"The image shows a person sitting at a table, eating a large sandwich or bread. The person is wearing a gray shirt and has long hair. The setting appears to be a restaurant or a similar dining area. There are several objects around the person, including a bottle, a chair, and a few other items on the table. The background includes a wall with a poster or menu and a mirror reflecting the person's back.","A person is eating a large sandwich in a room with a yellowish wall. The person is wearing glasses and a gray t-shirt with a graphic design. There is a mirror on the wall reflecting part of the room, and a menu or sign is visible on the wall. The room appears to be a dining area or a small restaurant.",A man eating a giant piece of bread. | A guy is hold up a big pastry to is mouth.  | A person is eating a gigantic pastry next to a chair. | A young man with long hair taking a bite out of a full loaf of bread. | Man in a hotel room about to bite into a large pastry.
000000343455,Qwen3-VL-4B,"The image shows two slices of pizza on a plate. The pizza appears to have a variety of toppings, including slices of potato, pieces of bacon, and possibly other ingredients. The slices are placed on a light-colored plate, and the pizza crust looks slightly crispy. The overall presentation suggests a casual and appetizing meal.","The image shows two slices of pizza on a plate. The slices are topped with slices of potato, pieces of bacon, and a sauce that appears to be a combination of cheese and possibly other ingredients. The crust of the pizza is visible, and the plate is a solid color, likely gray or light blue. The pizza slices are placed side by side, with the top slice slightly overlapping the bottom one.",The featured dish contains several unusual fresh ingredients. | A close up of a plate with two slices of pizza. | A purple plate holding two slices of pizza. | A couple of slices of pizza on a purple plate. | A close up of a piece of pizza with bacon on a plate.
000000153072,Qwen3-VL-4B,"The image shows a beach scene with a variety of colorful kites flying in the sky. There are at least six kites visible, each with unique designs and colors. The kites include a large, colorful fish-shaped kite, a rainbow-colored kite, and several other kites with different patterns and shapes. The beach is populated with people, some of whom are flying the kites. The sky is clear and blue, making the kites stand out vividly. The overall atmosphere appears to be","The image shows a vibrant outdoor scene with a variety of colorful kites flying in the sky. The kites are of different shapes and sizes, including a large, checkered kite on the left, a rainbow-colored kite in the center, and several other kites scattered throughout the sky. The ground is sandy, and there are trees and a few people in the background, suggesting a park or beach setting. The sky is clear and blue, indicating a sunny day.",Some very colorful and large kites being flown on a beach. | A group of large kites and balloon floats flying in the sky. | People are on the beach while several kites are flying. | Colorful kites flying over a beach on a sunny day | A crowd of people flying colorful intricate kites.
000000348379,Qwen3-VL-4B,"The image shows a group of people standing on a set of stairs, holding signs that read ""Stand Together Stop Foreclosures"" and ""Stop Evictions."" The signs are red and white, and the people appear to be part of a protest or demonstration. The setting seems to be an urban area, possibly a city street or a public space. The people are dressed in casual clothing, and the atmosphere appears to be one of solidarity and activism.","The image shows a group of people participating in a protest or demonstration. They are holding signs with red and white text that reads ""STAND TOGETHER STOP FORECLOSURES"" and ""STOP EVICTIONS."" The signs also include the website ""OCCUPYHOMESMN.ORG."" The people are standing on a set of steps, and the background includes a building and other protesters. The atmosphere appears to be one of solidarity and activism.","Group of protesters with red and white signs on concrete steps.  | A number of people standing around with signs. | A group of people standing on steps holding signs. | A protest to ""stand together and stop evictions."" | A man standing near a group of people with picket signs."
000000333845,Qwen3-VL-4B,"The image shows a basket filled with various fruits, including bananas and apples. The bananas are prominently displayed, with some of them having spots on their skin. The apples are also visible, and the basket is placed on a surface, possibly a table or countertop. The overall scene appears to be a still life arrangement of fruits.","The image shows a basket filled with various fruits, including bananas and apples. The bananas are prominently displayed, with some having a yellow color and others showing signs of ripening with brown spots. The apples are also yellow and appear to be of a similar variety. The basket is placed on a surface, and the background is a plain, light-colored wall. The word ""Amendoas"" is written in the center of the image.",A basket fill with different types of fruit. | There are bananas and other fruit that is inside if the basket | Pears and bananas are in a wooden bowl. | Some bananas and pears are in the basket | a basket of bananas and some apples on a table
000000196799,Qwen3-VL-4B,"The image shows a train emerging from a tunnel, with a brick bridge above it. The train is positioned on the tracks, and the bridge has a brick structure with some greenery growing on it. The background includes a building with a red facade and some trees.","The image shows a brick bridge with a tunnel underneath it. The bridge has a red brick facade with some greenery growing on it. The tunnel inside the bridge is dark and leads to a building with a red facade. There is a black and white image of a steam locomotive emerging from the tunnel, giving the scene a surreal, ghostly effect. The surrounding area has tall grass and some bushes.",A train engine parked under a passage way on some tracks. | a train that is parked on a track that is  under a overpass  | A train sitting on the track under a bridge  | A train that is going through a tunnel. | Locomotive parked under a brick bridge in a secluded spot.
000000250917,Qwen3-VL-4B,"The image shows an older couple sitting at a table in a restaurant. The man is wearing a green shirt and holding a cell phone, while the woman is wearing a pink shirt and also holding a cell phone. They appear to be engaged in a conversation or looking at their phones. The table has a cup and a bowl on it, and there are other people visible in the background. The setting seems to be a casual dining environment.","The image shows two individuals seated at a table in what appears to be a restaurant. The man, wearing a green striped shirt, is holding a mobile phone in his right hand and appears to be looking at it. The woman, dressed in a pink sweater, is also holding a mobile phone in her hands and seems to be looking at it as well. Both individuals are seated on a booth with a patterned backrest. In front of them on the table, there is a cup and a plate",There are two people sitting in a restaurant looking at cell phones. | A couple both looking at their cell phones while sitting in a booth at a cafe | An older man and woman sit in a restaurant booth using a cell phone. | a male and a female and their cellphones | Two people are sitting at a table at a restaurant.  The man in green is holding his cell phone and the woman in pink is holding hers.
000000066427,Qwen3-VL-4B,"The image shows a stop sign with a sticker on it that says ""STOP DRIVING."" The sign is located at the intersection of Virginia Street and Franklin Street. There are power lines and a telephone pole in the background, and a white building can be seen in the distance. The sky is clear and blue.","The image shows a stop sign at the intersection of Virginia Street and Franklin Street. The stop sign is partially covered with a sticker that reads ""STOP DRIVING."" In the background, there are residential buildings, power lines, and some trees. The sky is clear and blue.",A road sign on top of a stop sign  | A stop sign at the corner of two streets. | Stop sign at the corner of Virginia Street. | A stop sign under a street sign on a corner. | Altered STOP sign with street signs attached to it. 
000000574015,Qwen3-VL-4B,"The image shows a train traveling through a lush, green forest. The train is on a track that runs alongside a dense area of trees and foliage. The surrounding environment appears to be a natural, wooded area with various types of vegetation. The train seems to be moving through the forest, providing a scenic view of the natural landscape.","The image shows a train traveling through a lush, green forested area. The train appears to be a passenger train, with several carriages visible. The track is surrounded by dense vegetation, including tall grasses and trees with dense foliage. The sky is not visible, and the overall scene is characterized by the natural, wild environment.",A train traveling past a forest filled with green trees. | A train is coming around a bend in a wooded area. | Wooden train passing through a forested hilly area. | A long view of the side of a train as it snakes along a track. | A train passing by a heavily wooded area.
000000160828,Qwen3-VL-4B,"A woman is surfing on a wave in the ocean. She is wearing a blue bikini top and black bottoms. The surfboard is white, and the water is splashing around her as she rides the wave.","A woman in a blue bikini is surfing on a wave. She is balancing on a white surfboard, with her arms extended for stability. The water around her is splashing, indicating the motion of the wave. The background shows more of the ocean with waves.",there is a woman that is riding a surf board in the water | Woman surfing small wave in open ocean area. | The woman in the bikini is surfing through a wave.  | A young woman is having fun surfing a small wave. | A woman is surfing on a wave on the ocean.
000000503148,Qwen3-VL-4B,"The image shows a slice of pizza with pepperoni toppings, placed on a piece of aluminum foil on a kitchen counter. A hand is holding the slice, and there is a bottle of red pepper flakes in the background. The pizza appears to be partially eaten, with a few bites taken out of it.","A person's hand is holding a large slice of pepperoni pizza on a piece of tinfoil. The pizza is placed on a white countertop, and there is a bottle of red pepper flakes in the background. Another slice of pizza is partially visible on the right side of the image.",This slice of pizza is rather large and ready to eat.  | A person holds their hand in front of a slice of pizza laying on tin foil. | Outstretched hand and large pizza sliced shown in comparison. | A palm-up hand in front of a giant slice of pizza. | A open palm hovers above a slice of pizza.  
000000229740,Qwen3-VL-4B,"A cat is sitting on a bathroom counter next to a sink. There is a bowl of food, a water bottle, and a soap dispenser on the counter. The sink has a faucet and a soap dispenser on top.","A light orange cat is sitting on a bathroom counter next to a sink. On the counter, there is a bowl of food, a blue bowl, a water bottle, and a soap dispenser. The sink has a faucet and a small object inside it. The background includes a tiled wall.",A yellow striped cat sitting on a bathroom sink. | A cat makes a face as it sits on a bathroom counter. | A cat is sitting on a bathroom sink near a water bottle. | A cat is sitting on top of a bathroom sink. | Close up of a cat sitting on countertop in a bathroom
000000153697,Qwen3-VL-4B,"The image shows a close-up of a traditional grandfather clock. The clock face is ornate, with a golden background and white numbers. The hands of the clock are black, and the clock has a decorative arch at the top. The clock is set against a dark wooden background, giving it a classic and elegant appearance.","The image shows a close-up of a traditional grandfather clock. The clock face is ornate, with a golden background and white numbers and hands. The hands of the clock are black and appear to be in motion, indicating that the clock is running. The clock has a decorative border and is set within a dark wooden frame. Above the clock face, there is a small, circular window with a painted scene inside, adding to the antique aesthetic of the clock. The overall design suggests a vintage or classic",An ornate wood clock with carvings on the face. | A gold and brown clock shows 6:39 for the time. | This antique and ornate clock is displaying the time | This clock is only the face part of a grandfather clock  | A clock face where it is indicating it is almost six forty.
000000435185,Qwen3-VL-4B,"The image features a kitchen counter with a green glass container, a green glass bowl, and a green glass vase with flowers. The counter is covered with a white cloth, and there is a white cabinet in the background. The green glass container has a lid, and the green glass bowl has a scalloped edge. The green glass vase is filled with flowers, including red roses and white flowers. The overall scene is a beautiful display of green glassware and flowers on a kitchen counter.","The image shows a kitchen countertop with a decorative arrangement. On the left, there is a green glass container with a ribbed design and a lid. In the center, there is a green glass vase with a floral design, containing a small bouquet of flowers, including white and pink blooms. To the right of the vase, there is a green glass bowl with a scalloped edge. The items are placed on a white doily with floral patterns. In the background, part of a kitchen",a collection of green tinted glass with some flowers in the vase | Four pieces of green glass kitchen ware on a counter. | A table with three glass bowls and a vase. | A table with flowers in a vase and three glass dishes. | There are three dishes and a vase with two roses on the table. 
000000357041,Qwen3-VL-4B,"The image shows a bird perched on a branch in a tree. The bird has a blue head and back, with a white breast and orange belly. The background is blurred, with a mix of bare branches and some greenery, suggesting it might be taken in a forest or wooded area during the winter or early spring.","The image shows a small bird perched on a thin branch of a tree. The bird has a blue head and back, with a white breast and orange-brown wings. The background is out of focus, featuring bare branches and possibly some foliage or rocks, suggesting a natural, possibly wooded, environment. The lighting appears natural, indicating it might be daytime.","A lone, blue and orange bird sits on a bare tree. | The colorful bird is perched on the delicate branch. | A small blue, brown and white bird sitting on a branch. | A SMALL ORANGE AND BLUE BIRD HANGING ON A BRANCH  | A small blue bird sits in a leafless tree"
000000253770,Qwen3-VL-4B,"The image shows two men standing in front of a television screen, playing a video game. They are holding game controllers and appear to be engaged in the game. The television screen displays a colorful interface, likely from the game they are playing. The setting seems to be a casual environment, possibly a gaming event or a gathering of friends.","In the image, two individuals are standing in front of a television screen. The person on the left is wearing a black hoodie with a white graphic design and glasses, while the person on the right is wearing a white button-up shirt. Both are holding white controllers, likely for a video game. The television screen displays a colorful interface, possibly a game menu or a game in progress. The setting appears to be indoors, possibly in a public area like a mall or a convention center, as there are",Two young men holding Nintendo Wii controllers standing next to each other. | Two men wearing glasses are playing the video game wii. | Two men holding Wii controllers in a bar. | Two men hold video game remote controllers at a convention. | Two young men are playing a game on the Wii.
000000524962,Qwen3-VL-4B,"The image depicts a man on roller skates holding a surfboard, with a group of people watching him. The scene appears to be set in a beach or coastal area, with palm trees and a house in the background. The man is wearing a blue helmet and a white and black patterned shirt, while the spectators are dressed in casual beach attire. The overall atmosphere is lively and fun, with the man's unique act being the main focus of the gathering.","A person is standing on roller skates, holding a surfboard, and appears to be preparing to perform a trick or demonstration. The person is wearing a blue helmet, a white and black patterned shirt, and shorts. There is a group of spectators watching the performance, some of whom are seated in chairs. The spectators are dressed in casual summer attire, including hats, sunglasses, and various colored clothing. The setting appears to be an outdoor event, possibly a beach or a park, with palm","Surfer is on rollerblades, holding a surf board. | A man holding a lie surfboard while riding a skateboard. | A man wearing roller skates, a helmet, and a surfboard holding a rope. | The surfer is being towed on his skateboard. | A person with a surfboard and skateboard on a street."
000000206433,Qwen3-VL-4B,"The image shows two men standing together, both wearing ties and smiling. The man on the left is wearing a gray shirt and a red tie, while the man on the right is wearing a black jacket and a red tie with a gold pin on it. The background appears to be a dimly lit room with some people in the background.","Two men are standing close together, smiling at the camera. The man on the left is wearing a gray shirt and a red tie, while the man on the right is wearing a black jacket over a pink shirt and a red tie. Both men have badges pinned to their shirts. In the background, there is a person with dark hair and a jacket, and a piece of equipment, possibly a speaker or a piece of audio equipment, is visible. The setting appears to be indoors, possibly at an",a close up of two people wearing ties  | Two men wearing ties pose for a picture | A couple of men standing next to each other. | A couple of men with ties and suits. | Two persons in formal dress posing for a photograph.
000000304389,Qwen3-VL-4B,"The image depicts a bathroom with a window above a vanity. The vanity has a blue countertop and is adorned with various items, including a small box, a candle, and some decorative objects. The bathroom features a toilet and a bathtub, with blue tiles on the walls. The overall design is modern and clean.","The image depicts a bathroom interior with a focus on a vanity area. The vanity has a light blue countertop with various items on it, including a small box, a decorative vase, and some small objects. Below the countertop, there are two drawers with silver handles. Above the vanity, there is a window with a white frame, allowing natural light to enter. The window has a small, decorative light fixture hanging from it. The walls are painted in a light color, and there is a","A bathroom depicting a vanity, window and a toilet. | There are items on this bathroom shelf and a window is above the shelf.  | Massage tools sit on the counter of the clean bathroom. | A dresser drawer that has toys on top of it. | A window in a house sitting over a counter top."
000000051258,Qwen3-VL-4B,"The image shows a baseball game in progress, with a batter swinging a bat and a catcher and umpire positioned behind the batter. The batter is wearing a white uniform with red accents, while the catcher is wearing a black uniform with yellow accents. The umpire is wearing a black uniform. The scene is set on a baseball field with a dirt infield and a grass outfield.","The image depicts a baseball game in progress. A batter, wearing a white uniform with red accents and the number 4, is in the process of swinging a bat. The catcher, wearing a black uniform with yellow and black accents, is crouched behind the batter, ready to catch the ball. The umpire, also in black, is positioned behind the catcher, observing the play. The scene is set on a baseball field with a dirt infield and a grass outfield. The home plate is","A baseball player tossing a bat next to home plate. | The bat flies away from the batter at home plate.  | The batter threw the bat after he hit the ball. | a man is throwing a bat at a baseball game | A man playing baseball, swinging his bat at the plate"
000000215062,Qwen3-VL-4B,"The image shows a table with two plates of food. Each plate contains a variety of vegetables, including broccoli, potatoes, and possibly some roasted or grilled items. There is also a small amount of red sauce on one of the plates. In the background, there is a measuring cup filled with a dark liquid, likely a sauce or gravy. The table appears to be made of wood, and the overall setting suggests a mealtime scene, possibly a dinner or lunch.","The image shows two plates of food placed on a wooden table. Each plate contains a variety of vegetables, including broccoli, roasted potatoes, and Brussels sprouts. There is also a slice of bread on each plate. A small pitcher of sauce is placed between the plates. The food appears to be well-cooked and arranged neatly on the plates.",Two white plates topped with food on a wooden table. | Lunch consists of bright green and yellow vegetables. | Prepared salads and bread sit on a table. | Plates of food with vegetables sitting on a wooden counter. | Two Two white plates of food with mixed vegetables and meat. 
000000029430,Qwen3-VL-4B,"The image shows a bowl filled with blue and black beads, with a black cell phone placed on top of the beads.","The image shows a bowl filled with numerous blue and black cylindrical beads. A black mobile phone with a keypad is placed on top of the beads. The bowl appears to be made of a material with a smooth, slightly glossy surface. The beads are arranged in a dense, overlapping manner, creating a textured and visually rich pattern. The mobile phone is positioned in such a way that its screen is facing upwards, and the keypad is visible. The overall scene suggests a collection of beads, possibly for crafting or",a close up of a pot with a cell phone  | A cell phone in a bowl of blue beads.  | A cell phone is sitting in a bowl filled with blue things. | a cell phone laying in a bowl of beads | A cell phone sitting in a clay pot full of beads.
000000296745,Qwen3-VL-4B,"The image shows a group of people interacting with an elephant in a temple setting. The elephant is reaching out its trunk towards a person, possibly for a photo opportunity. There are several tourists, including both men and women, standing around the elephant, some of them taking pictures. The temple has stone pillars and intricate carvings, adding to the cultural and historical ambiance of the scene. The atmosphere appears to be lively and engaging, with the elephant being a central attraction for the visitors.","The image shows a group of people interacting with an elephant in what appears to be a historical or cultural site. The elephant is large and dark in color, with a bell hanging from its ear. The people are dressed in casual clothing, and some are holding cameras, suggesting they are tourists. The background features stone structures with columns and intricate carvings, indicating a place of historical significance. The scene is lively, with the elephant being the central focus of the interaction.",A very large elephant reaching its trunk out to a crowd. | An elephant greeting tourists at an old temple | there are many people looking at a elephant  | Elephant using its trunk to interact with tourists. | A group of people standing next to a elephant.
000000376939,Qwen3-VL-4B,"The image shows a man and a boy in the ocean, with the man standing behind the boy who is on a surfboard. The boy appears to be learning how to surf, and the man is providing guidance.","In the image, there are two individuals in the ocean. One person is standing behind the other, both wearing wetsuits. The person in the foreground is on a surfboard, which is partially submerged in the water. The waves are visible in the background, indicating that they are in a coastal area. The person in the background appears to be giving instructions or guidance to the person on the surfboard.",a little boy in shallow water on a surf board | A boy is surfing while a man cheers him on. | A young boy who is surfing on a surfboard. | This is a man teaching a smaller child to surf. | A man is behind a young boy trying to ride a surfboard.
000000251736,Qwen3-VL-4B,"The image shows a street scene with a traffic light, a sign for a restaurant called ""Pollo & Burger,"" and a Coca-Cola advertisement. The street sign indicates ""Cesar E. Chavez Av.""","The image shows a street scene with several signs and a traffic light. The main sign in the foreground is for ""Pollo & Burger,"" which also advertises breakfast. Below this sign, there is a Coca-Cola advertisement. The street sign indicates ""Cesar E. Chavez Av."" The traffic light is mounted on a pole, and there are power lines and wires in the background. The sky is clear and blue.",A sign on top of a restaurant next to a traffic light. | A variety of signs on a street corner. | A sign advertising an eatery in which people can eat burgers. | A street sign with a traffic light and store signs behind it | A display sign of a food joint and Cesar E Chavez Av
000000061520,Qwen3-VL-4B,"The image shows a busy urban street with tall buildings, including a large brown building with a red sign that appears to be a no-parking sign. There are various street signs and billboards in the scene, indicating directions and advertisements. The street is bustling with activity, with vehicles and pedestrians visible in the background. The overall atmosphere is that of a typical cityscape with a mix of commercial and residential buildings.","The image depicts an urban scene with several tall buildings. The buildings are primarily made of concrete and glass, with a mix of commercial and residential uses. There are various signs and billboards in the foreground, including a blue directional sign with white arrows pointing in different directions, a red circular sign with a white arrow indicating a no left turn, and a red rectangular sign with white text. The sky is clear, and the overall atmosphere appears to be that of a busy city street.","A street going through a city with tall buildings. | Shot of various traffic signs and traffic light in city area. | A street intersection in some Asian city somewhere in Asia. | street signs and a street light hanging on a metal pole above a street. | Large, tall buildings stand close together in an Asian city."
000000198204,Qwen3-VL-4B,"The image shows a row of various kitchen appliances, including ovens and a refrigerator, displayed in a storage or warehouse setting. The appliances are arranged in a line, with some having different colors and designs. The ovens are placed on the floor, while the refrigerator is positioned against a wall. The scene appears to be a collection of used or surplus kitchen appliances, possibly for sale or disposal.","The image shows a row of various kitchen appliances, specifically ovens, displayed in what appears to be a storage or warehouse setting. The ovens are of different designs and colors, including white, black, and brown. The ovens are mounted on a yellow metal shelf, and the floor is concrete. The ovens have different control panels and door designs, indicating a variety of models and possibly different manufacturers. Some ovens have visible brand logos, while others do not. The overall setting suggests a",A row of ovens sitting inside of a warehouse. | Several ovens lined up together in a room. | A number of models and colors of stoves.  | A row of different kind of kitchen stoves with different styles and colors. | A warehouse lined with many different colored stoves.
000000534127,Qwen3-VL-4B,"In the image, there are three people in a grassy field. One person is throwing a frisbee, while another person is running towards the frisbee. The third person is standing in the background, observing the scene. The grassy field is surrounded by trees, and the overall atmosphere appears to be sunny and pleasant.","In the image, there are three people in a grassy field. One person is throwing a frisbee, another person is running towards the frisbee, and the third person is standing in the background. The person throwing the frisbee is wearing a backpack and appears to be in motion. The frisbee is in mid-air, slightly above the person's head. The background shows a green, grassy hill with trees and a clear sky. The people are dressed in casual outdoor",A man in a field ducking from a frisbee | A man standing behind a white frisbee on a lush green field. | A group of people plays frisbee golf in a grassy field. | a man wearing a backpack looking at a frisbee in front of him  | an image of a group of people in the woods playing with frisbee
000000296014,Qwen3-VL-4B,"The image shows a group of people on a green inflatable raft, paddling down a river. There are three individuals visible in the raft, with one person at the front, another in the middle, and a third person at the back. The person at the front is holding a yellow paddle, while the person in the middle is holding a red paddle. The person at the back is wearing a hat and sunglasses. The raft is surrounded by water, and there are trees visible in the background, indicating","In the image, there are three people on a green inflatable raft. The person at the front of the raft is wearing a pink and purple tank top and blue shorts, and is holding a yellow paddle. The person in the middle of the raft is wearing a light green shirt and a white cap, and is also holding a paddle. The person at the back of the raft is wearing a blue shirt with a graphic design and a hat, and is holding a red paddle. The raft is on a",a couple of people on a boat on a river | A group of three riding on a raft while white water rafting.  | Three people on a raft going over a small waterfall. | A group of people on a boat in the water. | These three people are traveling down the river in a raft. 
000000199771,Qwen3-VL-4B,"The image depicts a group of people in a kitchen setting, possibly a restaurant or a culinary school. There are several individuals wearing black chef hats and aprons, engaged in food preparation activities. One person is holding a large pot, while others are working on various tasks. The kitchen is equipped with shelves, a clock, and a mixer. The scene appears to be focused on culinary training or a cooking demonstration.","In the image, there is a group of people in a kitchen setting, likely a commercial or industrial kitchen. The individuals are wearing black chef uniforms, including hats and aprons. They appear to be engaged in food preparation or cooking activities. One person, who seems to be a woman, is standing in front of a counter with various kitchen items, including a large pot, a blue pitcher, and a white jug. The counter also has some food items and utensils. The background shows shelves with",A group of people in chef outfits at a kitchen counter. | A group of people in chefs uniforms standing around a counter. | A woman teaches a class of aspiring chefs.  | People in a kitchen with cooking attire on | A group of people dressed in black preparing food.
000000469721,Qwen3-VL-4B,"The image shows a fire hydrant in a grassy area, surrounded by a wooden fence. The hydrant is positioned in the foreground, with trees and other vegetation visible in the background. The scene appears to be in a park or a similar outdoor setting.","The image is a black and white photograph featuring a fire hydrant situated behind a wooden fence. The fire hydrant is positioned in the foreground, with its base visible through the gaps in the fence. The fence consists of horizontal wooden planks, and there are trees and grass in the background, creating a natural setting. The fire hydrant appears to be made of metal and has a cylindrical shape with a hexagonal top. The background includes a few trees with branches and leaves, and the ground is",A fire hydrant in the grass behind a fence. | Black and white photograph of a fence next to a fire hydrant. | View of a tall fire hydrant behind the fence | A fire hydrant in grass is near a fence post. | A fire hydrant sitting next to a fence in a field.
000000371822,Qwen3-VL-4B,"The image shows a large number of pizza boxes stacked on top of each other. The boxes are arranged in a somewhat haphazard manner, with some boxes opened and others closed. The pizza boxes are predominantly white with red and blue text on them. The scene appears to be set in an outdoor area, possibly a garden or patio, as there are plants and a table visible in the background. The overall atmosphere suggests a casual gathering or event where pizza is being served.","The image shows a collection of pizza boxes stacked on top of each other. One of the boxes is open, revealing a partially eaten pizza inside. The boxes are arranged in a somewhat haphazard manner, with some boxes leaning against others. The background includes some greenery and a table with a few items on it, though the details are not clear. The overall setting appears to be an outdoor or semi-outdoor area, possibly at an event or gathering.",A table full of pizzas delivered by Dominoes. | A single open box of Domino's pizzas amongst a bunch of closed boxes. | Stacks of unopened pizza boxes and an open box of pizza | a table full of stacked up pizza boxes | Stacks of Dominos Pizza boxes with a pizza
000000432125,Qwen3-VL-4B,"The image depicts a dining table set with various items. On the table, there is a yellow box labeled ""Benson & Hedges,"" a wooden bowl, a white plate with utensils, and a cake. The table is covered with a green tablecloth. In the background, there is a bookshelf filled with books and a few potted plants on the windowsill. The room appears to be well-lit with natural light coming through the windows.","The image depicts a cozy dining area with a round table covered in a green tablecloth. On the table, there is a yellow box labeled ""Benson & Hedges,"" a wooden bowl, a white plate with utensils, and a cake with white icing. The table is set with two wine glasses and a small ashtray. In the background, there is a bookshelf filled with books and various decorative items, including a potted plant and a small figurine. The room has white","A stuffed toy sitting at a dining table with a frosted cake and cups. | Doll sitting in chair at the table in front of two wine glasses | The table  in the apartment is set for two to have cake, and a doll is seated in one chair. | A doll sitting at a table with plates on it | a stuffed doll sits at a set table"
000000135029,Qwen3-VL-4B,"The image shows a breakfast table with various food items and beverages. There is a sandwich, a pastry, a cup of coffee, a glass of orange juice, and a plate of pastries. The table is set with a white tablecloth, and there are some napkins and a fork on the table. The setting appears to be outdoors, possibly at a cafe or restaurant.","The image shows a breakfast setting on a table. There is a sandwich on a white plate, a cup of coffee, a glass of orange juice with a straw, and two pastries on another white plate. The table is covered with a white tablecloth, and there are napkins and a pair of sunglasses on the table. The background includes a chair and a part of a building.","A table with a plates of food and drink arranged on top. | a close up of two plates of food with a drink | Two sets of pastry sitting on white plates next to a coffee cup.  | a glass of orange juice places next to a cup of coffee | Table set for breakfast with a breakfast sandwich, danish, juice and a coffee."
000000248793,Qwen3-VL-4B,"The image shows a clock tower in the middle of a city, surrounded by buildings. The clock tower is located between two buildings, with one on the left and one on the right. The sky is cloudy, and there are birds flying in the air. The clock tower has a decorative design and is made of brick. The buildings around the clock tower are also made of brick and have a traditional architectural style. The overall scene is a beautiful representation of a city's architecture and history.","The image depicts a historic clock tower situated between two buildings. The clock tower is ornate, featuring a large clock face with a gold and black design. The tower is topped with a spire and is flanked by two buildings with brick facades and large windows. The sky is overcast, and there are birds flying in the background. The clock tower is situated under a stone archway, and there is a crest or emblem on the arch. The buildings have a traditional architectural style, with","Birds fly overhead in a gloomy sky above buildings, a brick archway and an ornate clock. | People stand on a bridge with a clock tower on it. | A view of birds flying in the air near a clock tower. | a couple of buildings that have a bridge attached | This is a bridge that is connecting two buildings. "
000000132317,Qwen3-VL-4B,"A dragonfly is perched on the edge of a laptop screen, which is displaying a time of 11:26. The laptop is placed on a table, and in the background, there is a potted plant and a grassy area with trees.","A dragonfly is perched on the edge of a laptop screen, which is displaying a time of 11:26. The laptop is placed on a tiled surface, and in the background, there is a potted plant and a grassy area with trees. The scene appears to be outdoors, possibly on a patio or porch.",A bug sitting on the side of a laptop computer. | There is a large dragon fly on the corner of the laptop.  | A dragonfly has landed n the edge of a laptop | A blue dragon fly is perched on the corner of a lap top computer on a patio area. | The insect is flying around on the porch.
000000231508,Qwen3-VL-4B,"The image depicts a baseball game in progress, with a pitcher on the mound in the middle of a pitch. The pitcher is wearing a maroon and white uniform and is in the process of throwing the ball. The scene includes a crowd of spectators watching the game, with some sitting on bleachers and others standing or walking around. There are also a few cars parked in the background, suggesting that the game is taking place in a park or a similar outdoor setting. The overall atmosphere is lively and energetic","A baseball player is pitching a ball on a field. The player is wearing a maroon uniform with white pants and a white cap. The field has a dirt infield and a grass outfield. There are spectators in the stands, and a basketball hoop is visible in the background. A van and a house are also seen in the background.",A baseball player pitching a baseball on a field. | A baseball pitcher who is in mid pitch. | The pitcher  on the mound has just let go of a baseball directed to the batter.  | A uniformed baseball player being watched by people. | A man in black jersey pitching in baseball game.
000000528951,Qwen3-VL-4B,"The image depicts a small town with a train station and a parking lot. There are several cars parked in the lot, including a truck and a few other vehicles. A train is visible on the tracks next to the station, and there are buildings and trees in the background. The sky is partly cloudy, and the overall scene appears to be a typical day in a small town.","The image depicts a panoramic view of a small town intersection. A train is passing through the left side of the image, with several cars parked along the street. There are buildings, including a house with a red roof, and a few trees in the background. The sky is partly cloudy with blue patches. The scene is set during the day, with sunlight casting shadows on the ground.",an image of an aerial view of cars in a parking lot | A parking lot filled with a few cars next to a train. | a parking lot next to a building with an SUV parked outside of it. | A nearly empty parking lot near a railroad station | cars parked in a parking lot with a sky background
000000507427,Qwen3-VL-4B,"A man in a wetsuit is in the water, holding a surfboard. The background features a rocky shoreline and a clear sky with some clouds.","A person wearing a black wetsuit is partially submerged in the water, with their upper body visible above the surface. They are holding a white surfboard, which is partially submerged as well. The background features a clear sky with some clouds, and a rocky, hilly shoreline is visible in the distance. The water appears calm, and the overall scene suggests a beach or coastal environment.",a man sitting on a surf board in the water | A smiling man in the water with a surf board. | A man in black wetsuit sitting on surfboard that is submerged. | Guy gives a thumbs up while sitting on his surfboard | A man giving a thumbs up while holding his surfboard
000000246782,Qwen3-VL-4B,"The image shows a group of people playing soccer on a beach. The players are running and kicking the ball, with some of them wearing white and red jerseys. The beach is sandy, and the ocean can be seen in the background. There are also other people in the background, possibly watching the game or enjoying the beach.","The image depicts a group of people playing soccer on a sandy beach. The players are in motion, with one player in a white shirt and red shorts attempting to control the soccer ball, which is on the sand. The other players are also in motion, with one player in a white shirt and black shorts and another in a red shirt and black shorts. The background shows the ocean with waves and a few people in the water. The scene is set during the day, with the sun casting shadows on",Multiple people playing with a soccer ball on the beach. | People are playing volleyball on the beach beside the ocean. | A group of boys playing soccer on the beach. | A group of people are playing soccer on a beach. | the men play soccer on the beach with no shoes
000000550995,Qwen3-VL-4B,"The image shows two men playing a video game together. One man is dressed in a Santa Claus costume, while the other is wearing a blue jacket. They are both holding game controllers and appear to be engaged in the game. The setting seems to be indoors, possibly in a living room or a similar environment.","Two men are playing a video game using Wii controllers. One man is dressed in a red Santa Claus costume, while the other is wearing a blue jacket with a beige vest. They are standing in front of a laptop, which is placed on a surface. The background includes a window with reflections and a tree trunk.",a man in a santa suit holding onto a wii mote next to another man holding a wiimote as well | two men holding game controllers in front of a laptop screen. | Two people play with wii remotes in front of a computer. | A man in a Christmas outfit is playing a video game. | A man dressed up like Santa Clause holding a Nintendo Wii controller.
000000402926,Qwen3-VL-4B,"A giraffe is running across a dry, sandy landscape with a body of water in the background.","A giraffe is running across a dry, sandy landscape with patches of green grass. In the background, there is a body of water, likely a lake or sea, under a cloudy sky.",A giraffe running across a large dirt field. | THERE IS A GIRAFEE THAT IS RUNNING IN THE OPEN FIELD  | Giraffe running across land that is mostly dirt and kicking up dust. | A giraffe running in an open barren desert. | A giraffe running in the middle of a field. 
000000549932,Qwen3-VL-4B,"The image depicts a group of people standing outside a building, possibly a hotel or a transportation hub. They are surrounded by various pieces of luggage, including suitcases and backpacks. The scene appears to be a busy travel area, with people waiting or preparing to travel. The luggage is scattered around the group, with some suitcases placed on the ground and others being held or carried by the individuals. The overall atmosphere suggests a bustling environment where people are either arriving or departing.","The image shows a group of people standing outside a building, each with various pieces of luggage. There are at least five individuals visible, each carrying or holding different types of luggage, including suitcases, backpacks, and handbags. The luggage is of different colors and sizes, with some suitcases being large and others being smaller. The people appear to be waiting or preparing to travel, as indicated by the presence of multiple bags and the outdoor setting. The building in the background has a sign that",some people standing in front of a building with some suitcases  | A group of women who are standing by their luggage. | Several people with luggage stand around a small kiosk. | a group of people standing near many luggage bags  | A group of people standing with their luggage by the curb.
000000375409,Qwen3-VL-4B,"The image shows an Amtrak train at a train station. The train is parked on the tracks, and there is a sign indicating the train's destination, which is San Francisco. The station appears to be located in a city with tall buildings in the background. The train is primarily white with blue accents and the Amtrak logo on the side. The station has a modern design with a glass roof and a clock tower. The weather seems to be clear, and the overall atmosphere is bright and sunny.","The image shows an Amtrak train at a station. The train is predominantly white with blue accents and features the Amtrak logo on its side. The train is stationary on a platform, and there is a sign indicating the train's destination, which is ""San Francisco."" In the background, there are several buildings, including a tall building with multiple floors and a smaller building with a green roof. The sky is clear, suggesting it is a sunny day. There is also a yellow safety line on the",A silver and blue Amtrak train sitting below tall buildings. | An Amtrak train engine at the station on a sunny day | An Amtrak train rolling down the tracks of a city. | Train at a train station on a clear day in a city. | A silver blue train parked in a train station.
000000340637,Qwen3-VL-4B,The image shows a pink knitted hat and a silver Philips mobile phone placed on a woven surface.,A pink knitted hat with a pom-pom on top is placed on a woven surface next to a silver and black Philips mobile phone.,a pink hat and a cellphone on some weaved basket | A cell phone next to a knitted cell phone cover. | A small pink beanie hat next to a cell phone. | A pink winter hat sits next to a cellphone. | A cell phone sitting next to a pink ski hat.
000000206147,Qwen3-VL-4B,"The image shows a kitchen counter with a cutting board on it. On the cutting board, there are several ingredients arranged in small bowls and a measuring cup. The ingredients include butter, chopped green herbs, chopped white onions, and a small amount of oil. The kitchen has a white oven and cabinets in the background.","The image shows a kitchen countertop with a wooden cutting board. On the cutting board, there are several small bowls containing various ingredients. One bowl contains chopped green herbs, another has a white substance that could be rice or a similar grain, and a third bowl has a yellowish substance that might be butter or oil. There is also a small white bowl with a liquid, possibly oil or a sauce. Additionally, there is a measuring cup with a red and white design, which appears to be half","Various items used for cooking a recipe atop a clean table. | A picture of food ingredients on a table in individual bowls. | A wooden cutting board topped with cooking ingredients. | 

Several ingredients on a carving board in the kitchen. | A cutting board set with prepared ingredients on a kitchen counter."
000000131019,Qwen3-VL-4B,"The image depicts a scene in a grassy field with two zebras and a baboon. The zebras are grazing, while the baboon is interacting with one of the zebras, possibly attempting to climb on its back. The background shows a grassy landscape with some trees in the distance.","The image depicts a grassy savannah landscape with two zebras and a baboon. One zebra is grazing, while the other is standing and appears to be interacting with the baboon. The baboon is positioned between the two zebras, seemingly engaging with the grazing zebra. The background shows a field with scattered trees and a hazy sky.",Two zebras and two monkeys walking on the grass.  | Two giraffes and another animal are on green grass. | A baboon and two zebras grazing on the savannah. | A baboon and its baby eat by two zebras in the grass | Monkey standing behind two zebras as they graze.
000000479727,Qwen3-VL-4B,"The image shows a street scene with a traffic sign featuring a colorful design. The sign is mounted on a pole and is located near a fire hydrant and a streetlight. The background includes buildings, trees, and a car parked on the street. There is also a person standing on the sidewalk, possibly a security guard or a pedestrian. The street is lined with various signs and street furniture, creating a busy urban environment.","The image depicts a street scene with several notable elements. A street sign is prominently displayed, featuring a colorful, abstract design with circular shapes in shades of orange, red, and blue. The sign is attached to a pole, which also holds a traffic sign above it. In the background, there are residential buildings with brick facades and dormer windows. A tree with bare branches is visible, suggesting it might be autumn or winter. A fire hydrant is present on the sidewalk, and a person",A semi busy street in a delightful neighborhood | A fire hydrant next to a street sign with a cactus on it. | A street sign near a fire hydrant on a sidewalk. | A piece of artwork is bolted below a traffic sign. | A street sign with graffiti on it next to a building.
000000464522,Qwen3-VL-4B,"The image shows a dog standing on a grassy field. The dog appears to be a beagle or a similar breed, with a white and brown coat. It is wearing a collar and is looking towards the camera. The background is slightly blurred, but it seems to be an outdoor setting with some trees or bushes. The lighting suggests it might be either early morning or late afternoon, as the sunlight casts a warm glow on the scene.","The image shows a dog with a white and brown coat, standing on a grassy field. The dog is wearing a chain collar. In the foreground, there is a blurred image of another dog, possibly a larger breed, with a brown coat. The background appears to be a natural outdoor setting with some trees or bushes. The lighting suggests it is either early morning or late afternoon, with the sun casting a warm glow on the scene.",A brown and white dog standing next to another dog. | A dog with a collar standing on the grass | a little dog looking at another dog in the yard  | A small dog looking at a larger dog. | A small dog with a chain collar looking at another dog.
000000085562,Qwen3-VL-4B,"The image shows a bus on a road, with a sign in the foreground. The bus appears to be a public transportation vehicle, and the sign is likely providing information or directions.","The image shows a bus on a road. The bus is black with some red and white details. It appears to be a public transportation vehicle, possibly a city bus. The bus is parked on the side of the road, and there is a street sign in front of it. The road is flanked by greenery, including trees and grass. The sky is clear, suggesting it is a sunny day.",A blurry image of a dark colored bus at a bus stop. | a black bus pulled over on the side of the road | Black city bus pulling up to a street sign.  | Black bus parked on the side of the curb. | A bus pulls into a bus stop on the street.
000000043344,Qwen3-VL-4B,"The image shows a tennis court with three people sitting on a bench. One person is wearing a blue shirt and brown shorts, another is wearing a white shirt and black shorts, and the third person is wearing a white shirt and black shorts. There are several tennis rackets and bags on the ground, as well as water bottles and tennis balls. The scene appears to be a break during a tennis match or practice session.","The image shows three men sitting on a bench at a tennis court. One man is wearing a blue shirt and sunglasses, another is wearing a white shirt with a Nike logo, and the third is wearing a white shirt and black shorts. They are surrounded by various items including tennis rackets, water bottles, and a green bag. The court appears to be outdoors, with a chain-link fence in the background.",Two tennis players are sitting on the bench. | Two tennis players sitting on a bench talking | A coach talking to a tennis player sitting on a bench during a tennis event. | A tennis player is seated on the bench  | A man sitting on a white bench atop a tennis court.
000000103585,Qwen3-VL-4B,"The image depicts a modern bathroom with a white vanity featuring two sinks, each with its own faucet. The vanity has several drawers and cabinets, providing ample storage space. Above the vanity, there are two mirrors flanked by wall-mounted lamps, creating a warm and inviting atmosphere. The bathroom also includes a toilet, a towel rack with a towel hanging, and a decorative vase with flowers on the countertop. The floor is tiled with dark gray tiles, and the overall design is clean and contemporary.","The image depicts a modern bathroom with a clean and organized layout. The bathroom features a double sink vanity with a light-colored countertop. There are two sinks with silver faucets, each accompanied by a mirror above it. The mirrors are rectangular and have a dark frame. Below the sinks, there are several white drawers with silver handles. On the countertop, there is a red vase with a plant and a small box. The walls are painted in a light color, and there is a light fixture","A bathroom with two sinks sitting under mirrors. | A picture of double sinks in a bathroom. | a bathroom with two sinks with a light on above them. | A toilet with two sinks and mirrors with lights on | A clean bathroom with mirrors, sinks, and a toilet."
000000144058,Qwen3-VL-4B,"The image depicts a serene marina scene on a foggy day. Numerous boats of various sizes and colors are docked in the calm waters, creating reflections on the water's surface. The fog adds a dreamy, ethereal quality to the scene, making the boats appear slightly blurred and distant. The overall atmosphere is peaceful and tranquil, with the stillness of the water and the soft, muted colors contributing to a sense of calm and quiet.","The image depicts a serene marina on a misty day. Several boats are moored in the calm water, their reflections creating a mirror-like effect on the surface. The fog creates a soft, diffused light, obscuring the background and giving the scene a tranquil, ethereal atmosphere. The water is still, with only a few small ripples visible, and there are some floating plants or seaweed near the shore. A single bird is visible on the water, adding a touch of life","A view of the harbor with ships moored on a very foggy day. | Dock full of many parked boats with a duck. | Harbor scene on a foggy day with dozens of boats side by side. | A view of a harbor on a smoggy and hazy day, | a boating dock with boats surrounding it "
000000150576,Qwen3-VL-4B,The image shows a giraffe standing in a grassy area with a fence in the background. Another giraffe is lying down on the grass in the foreground. The scene appears to be in a natural setting with trees and bushes in the background.,"The image shows two giraffes in a grassy area with a fence in the background. One giraffe is standing and appears to be walking or stretching, while the other is lying down on the grass. The background features trees with autumn-colored leaves, suggesting the season is fall. The giraffes have a distinctive spotted pattern on their bodies.",A baby giraffe is lying down in an enclosed grassy area while a larger giraffe is walking around. | A pair of giraffes standing around in their enclosure.  | a giraffe walking in a grassy area inside a fenced area | An adult giraffe and a baby giraffe in an enclosed field. | Two giraffes one standing one sitting on green grass
000000397291,Qwen3-VL-4B,"The image shows a collection of toys and a comic book on a carpeted floor. The toys include a teddy bear, a rubber duck, and various small stuffed animals. The comic book is placed near the center of the image, surrounded by the toys. The scene appears to be a playful and creative setup, possibly for a child's playtime or a display of a collection of toys and comics.","The image shows a collection of toys and a comic book on a carpeted floor. The toys include a teddy bear, a rubber duck, a green stuffed animal, and several small, colorful figurines. The comic book is open, showing a humorous scene with speech bubbles. The toys are arranged around the comic book, creating a playful and whimsical scene.",A brown teddy bear sitting on the ground next to a comic strip. | Tiny children's toys and a cartoon  sitting on a carpet. | There are several toys that are on the floor  | A cute little teddy bear near a bunch of toys. | There are a bunch of small toys on the floor together
000000561823,Qwen3-VL-4B,"The image shows a chocolate cake with strawberries on top, placed on a black plate. The cake is decorated with the words ""Thanks Lotti"" written in white icing. There are also some chocolate shavings and a knife nearby. The cake is on a green table, and there are people around, possibly preparing to serve or cut the cake.","A chocolate cake with strawberries on top is placed on a black plate. The cake has the words ""Thanks Loli"" written on it. There are hands reaching for the cake, and a knife is visible on the right side of the image. In the background, there is a person wearing a red shirt with the word ""DEFENDERS"" on it. The setting appears to be a dining table with a green tablecloth.","A person is getting ready to cut a ""thank you"" cake. | A large chocolate and strawberry covered cake for Lori | A cake with chocolate frosting and strawberries on top. | A chocolate cake with strawberries and writing on top. | A chocolate cake with strawberries on top on a table."
000000058492,Qwen3-VL-4B,"The image shows a bird in flight, with its wings spread wide. The bird appears to be a large wading bird, possibly a stork or a similar species, and it is flying over a muddy or wet ground. The background is a mix of green and brown hues, suggesting a natural, possibly wetland or marshy environment. The bird's long legs and distinctive beak are clearly visible as it soars through the air.","The image shows a bird in mid-flight over a muddy, textured surface. The bird has outstretched wings with dark and light feathers, and its beak is long and pointed. The background appears to be a natural, possibly wetland or marshy area with a mix of green and brown hues. The bird is the central focus of the image, with its wings spread wide as it soars above the ground.","A bird standing on top of a beach next to water. | A large stork spreads it's wings as it lands. | A crane with fully extended wings landing on a marshy ground. | Vulture swooping down toward the ground in landscape. | This bird has a long beak, long legs and a wide wingspan."
000000361400,Qwen3-VL-4B,"The image shows a traffic light at night, with the green light illuminated, allowing vehicles to proceed. The background features a street with blurred lights from moving vehicles, indicating a busy road. There are also streetlights and buildings visible in the distance.","The image shows a night scene with a traffic light in the foreground displaying a green arrow pointing upwards. The traffic light is mounted on a pole. In the background, there is a street with blurred lights from moving vehicles, indicating motion. The street is bordered by buildings with lit windows, and there is a streetlight illuminating the area. The overall scene suggests a city environment at night.",A traffic light is showing a green arrow. | A traffic light of some sort on a busy road of some sort. | a stop and go light displaying a green light | A traffic light on the side of the road. | A green traffic light sitting next to a traffic filled road.
000000358901,Qwen3-VL-4B,"The image shows a garbage truck driving down a street in a residential area. The truck is white with red and yellow accents, and it has the logo and name ""J.R. Richards & Sons"" on the back. The street is lined with houses, and there are trees and a fence visible in the background. The image appears to be taken from a street view perspective, possibly from a Google Maps or similar service.","The image shows a street scene with a white garbage truck parked on the side of the road. The truck has a sign on the back that reads ""CAUTION FREQUENTLY STOPPING"" and ""J.R. Richards & Sons."" The truck is parked in front of a house with a white picket fence and a tree with green leaves. The street is lined with trees and houses, and the sky appears overcast. The image is marked with a Google Street View logo in the top left",A white truck driving down a curvy road near trees. | The garbage truck is turning the corner of an intersection. | A trash truck is turning a street corner.  | A white trash truck making a turn on a suburban street. | A heavy duty truck makes a right turn onto a residential street.
000000561437,Qwen3-VL-4B,"The image shows a person in mid-air, performing a ski jump or trick. They are wearing a helmet and goggles, and their skis are visible as they soar through the air. The background is a clear blue sky, and there is a small orange flag or marker on the snow below. The person appears to be upside down, with their skis pointing upwards.","A person is performing a ski jump, mid-air, with their skis crossed and pointing upwards. They are wearing a helmet, goggles, and ski parka. The background is a clear blue sky, and there is a small orange flag on the snow below.",A person in white shirt doing a trick on skis. | A skier performing a jump on a hillside. | A skier flying very high in the air. | a man doing a jump in the air on skis | A person flying through the air on skis.
000000440830,Qwen3-VL-4B,"The image shows a woman standing on a cobblestone street, leaning over to place a black suitcase on top of a larger black suitcase. There are several other suitcases and bags around her, including a red suitcase and a black bag with a purple tag. The scene appears to be in front of a building with large windows and a statue or sculpture visible in the background.","A woman is standing on a cobblestone sidewalk, leaning over to place a black suitcase on top of a larger black suitcase. She is wearing a white shirt, blue jeans, and a white cap. There are other suitcases and bags around her, including a red suitcase and a black bag with a purple tag. In the background, there is a statue and a person walking. The scene appears to be in front of a building with large windows.",A young woman is grabbing a pile of luggage. | a young girl with a hat moves her luggage away from a hotel | A woman pushes several bags of luggage outside.  | Woman holding up a group of suitcases in public.  | A person with many suitcases on a street.
000000498641,Qwen3-VL-4B,"The image shows a black dog lying on a rug in a living room. The dog is positioned in front of a green couch, which has a blanket draped over it. There is a wooden table with a lamp and a book on it in the background. The room appears to be cozy and well-lit.","A black dog is lying on a carpeted floor, with its front paws stretched out in front of it. The dog is positioned in front of a green armchair, which has a blanket draped over it. To the left of the armchair, there is a wooden table with a lamp on it. The lamp has a white shade. There is also a red object, possibly a book or a box, on the table. The room appears to be a living area with a cozy, home",A dog that is laying down on its side.  | A dog laying on a rug in a room. | The black dog is waiting patiently for his master. | A dog with a curious look lying on the floor of a den. | The black dog lies on the ground near an easy chair. 
000000235833,Qwen3-VL-4B,"The image shows a white toilet with the lid open, placed against a wall with some graffiti and stains. The toilet appears to be in an outdoor or semi-outdoor setting, possibly in a public or abandoned area. The lighting is dim, suggesting it might be nighttime or in a poorly lit environment.","The image shows a white toilet with the lid up, positioned against a wall with a dark, possibly metallic, railing above it. The wall behind the toilet appears to be made of concrete or a similar material, with some visible stains and marks. The toilet is connected to a white hose or cord that extends from the base, suggesting it might be used in an unconventional or temporary setting. The overall scene has a somewhat industrial or utilitarian feel.",A toilet is shown against a wall with wires. | A lone tan toilet stands in a dirty room. | there is a beige toilet in the street | A beige toilet is shown in a weird setting. | A small toilet next to a brick wall.
000000521348,Qwen3-VL-4B,"A dog is standing on a brick surface, looking up at a white surface, possibly a table or counter. On the white surface, there is a white mug with a green logo, which appears to be a Starbucks cup. The dog is wearing a red collar and has a white patch on its face. The scene suggests a casual outdoor setting, possibly a patio or garden area.","A black and white dog with a red collar is looking up at a white surface, possibly a table or counter. On the surface, there is a white mug with a green logo, likely Starbucks, containing a light-colored liquid. The dog is standing on a brick-paved area.",A squinting dog on a brick patio sniffs a cup of coffee. | A dog is smelling a cup of coffee on the table. | There is a dog near a cup of coffee. | A coffee cup sits on a table as a dog tilts its head up toward it.  | A dog sniffs the air near a cup of coffee.
000000010591,Qwen3-VL-4B,"The image depicts a tennis match taking place in a stadium. There are two players on the court, one of whom is holding a tennis racket and appears to be in the middle of a serve or a shot. The other player is standing nearby, possibly waiting for the ball. The court is surrounded by a crowd of spectators, and there are advertisements and banners visible in the background. The atmosphere suggests a professional or high-level tennis match.","The image depicts a tennis match taking place in an indoor stadium. Two tennis players are on the court, one of whom is wiping his face with a towel. The court is surrounded by a crowd of spectators in the stands. The players are wearing athletic attire, and the court has a blue surface. The background features advertisements and a green barrier with the text ""SIEZ"" and ""RONN.""",A man standing on a tennis court next to a young boy. | a tennis player in a black shirt is wiping his face | Tennis player and kid standing on a pro tennis court. | A crowd is sitting and watching a tennis match. | a tennis player wiping his face off with a towel
000000108152,Qwen3-VL-4B,"The image shows two brown horses standing side by side, harnessed to a carriage. The horses appear to be pulling a cart, and there is a person visible in the background, possibly the driver or handler of the horses. The setting seems to be an outdoor area, possibly a farm or a stable, with a building and a fence in the background. The horses are well-equipped with harnesses and other gear, indicating that they are prepared for work or transportation.","The image shows two dark brown horses harnessed together, standing on a paved surface. They are equipped with harnesses and blinders, indicating they are ready for work. Behind the horses, there is a red vehicle with a white horse and the text ""Kentucky"" visible on it. The background includes a building with a gray roof and a white wall. The scene appears to be outdoors, possibly in a stable or farm setting.",A couple of horses pulling a cart with a person. | Two horses are standing in front of a red tram where a person is sitting and looking to the side.  | a close up of two horses tethered to a carriage | two large dark brown carriage horses pulling a red truck | Two large brown horses pulling a red trolley behind them.
000000505576,Qwen3-VL-4B,"The image shows a group of people standing under various umbrellas, with a yellow umbrella in the foreground. The umbrellas are open and provide shade for the people below. The scene appears to be outdoors, possibly at an event or gathering.","The image shows a crowd of people with their heads visible, gathered under various umbrellas. One prominent yellow umbrella with the text ""FamilyMart"" is in the foreground, standing out against the other umbrellas. The background includes a building with an orange facade and some white umbrellas. The scene appears to be outdoors, possibly at an event or gathering.","A large group of people with umbrellas on a street. | A big bunch of pretty umbrellas and a crowd. | Many people are walking among large, open umbrellas. | A group of people and some taking cover with umbrellas | It's a rainy day on the street and people are using umbrellas."
000000250766,Qwen3-VL-4B,"The image shows a plate of food with a piece of meat, possibly a steak, and a salad. The salad includes various vegetables such as tomatoes, onions, and possibly mushrooms. The plate is set on a table, and there is a fork and knife placed on the plate. The overall presentation is appetizing and well-arranged.","The image shows a plate with a variety of food items. There is a piece of grilled meat, possibly chicken or pork, with a few pieces of green herb or leafy vegetable on top. Next to the meat, there is a salad consisting of mixed vegetables including mushrooms, cherry tomatoes, red onions, and possibly some greens. The salad is dressed with a creamy dressing. The plate is on a table, and there is a fork and a knife placed on the plate, indicating that the meal is",Meat and a salad with knife and fork on a plate. | a close up of a pate of food with meat  | A plate topped with meat and a salad. | A plate with salad and a cut of meat and silverware laid on top. | A dinner plate with a colorful salad and grilled meat.
000000319487,Qwen3-VL-4B,"The image shows a person wearing a red and black motorcycle suit, sitting on the ground next to a red motorcycle. The person is holding their knee, and the motorcycle has its headlights on. The background includes a building and some trees.","A person wearing a black and red motorcycle racing suit and helmet is sitting on the ground next to a red motorcycle. The person is adjusting their gloves. The motorcycle has a red body with black and white accents, and it is parked on a paved surface. In the background, there is a red building with a metal roof and some greenery. The sky appears to be clear.","A person sits on the road near their motorcycle. | motorcycle rider in black and red riding gear sitting next to bike | A person is in protective motorcycle gear sitting on the ground. | A man in full gear for riding motocross  | A person with a helmet, boots and jacket on sitting in the street next to a motorcycle. "
000000105432,Qwen3-VL-4B,"The image shows a large ship with a white hull and a red funnel. The ship is sailing on the water, and there are several birds flying around it. The sky is clear, and the ship appears to be moving through calm waters. The ship has multiple levels, with windows and various structures visible on its deck. The birds are scattered around the ship, some flying close to the water and others higher up in the sky. The overall scene is peaceful and serene, with the ship and birds co","The image shows a large ship with a white superstructure. The ship has multiple levels, with windows and doors visible on each level. There is a smokestack emitting smoke, and various antennas and flags are mounted on the top of the ship. In the background, a flock of birds is flying in the sky. The sky is clear with a light blue hue.",A folk of birds flying over a military ship. | Several birds flying over a boat in the water. | A very large white boat flying under a flock of birds. | Birds flying over the top of a boat. | The top of a boat and some birds flying over it.
000000276528,Qwen3-VL-4B,"The image depicts a bedroom with a bed covered in a quilt with various patterns. The bed is positioned against a wall, and there is a mirror hanging above it. The room has a window with floral curtains, allowing natural light to enter. The overall atmosphere of the room appears calm and cozy.","The image shows a bedroom with a bed covered in a quilt featuring geometric patterns. The quilt has a dark base color with lighter, rectangular sections. There are two pillows on the bed, one of which has a patterned pillowcase. Above the bed, there is a mirror with a decorative frame hanging on the wall. To the right of the bed, there is a window with floral-patterned curtains that allow light to filter into the room. The floor appears to be wooden, and the overall color",A bed sitting in a room next to a window. | A bedroom with a bedspread and a window. | Light shines through the window by the bed.  | A bed has a black bedspread on it and pillow. | an image of a clean bedroom taken during the day
000000408873,Qwen3-VL-4B,"The image depicts a zoo enclosure with three elephants. One elephant is standing near a rock wall, while the other two are further away, with one of them appearing to be in the background. The enclosure is surrounded by trees and greenery, creating a natural environment for the animals. There is also a wooden fence in the foreground, providing a barrier between the viewers and the elephants.","The image depicts an outdoor setting, likely a zoo or wildlife sanctuary, featuring three elephants. The elephants are positioned near a rocky wall and a wooden fence. The foreground shows a large elephant with its trunk extended, possibly reaching for something or interacting with its surroundings. In the background, two other elephants are visible, one of which is partially obscured by the rocky wall. The area is surrounded by greenery, including trees and bushes, and there is a mix of natural and man-made elements, such as",Three elephants are walking near rocks and boulders in the habitat.  | A group of elephants in an enclosure on a sunny day. | elephants in a habitat enclosure at the zoo | Rippavilla fence walking around in enclosure together.  | A bunch of elephants are gathered around in the outdoors near some rocks.
000000148739,Qwen3-VL-4B,"A person in a wet suit is riding a surfboard on a wave in the ocean. The wave is breaking behind the surfer, creating a splash. The surfer appears to be in control and is positioned on the front of the surfboard, facing towards the right side of the image. The background shows the ocean extending into the distance, with some structures visible in the water.","A person in a wetsuit is surfing on a wave in the ocean. The wave is breaking, creating a white foam at the crest. The surfer is positioned on the front of the wave, riding it with balance. The water is a mix of green and blue hues, indicating the depth and clarity of the ocean. In the background, there are some structures that appear to be part of a pier or jetty.",A person in a wet suit on a surfboard | A person in a wetsuit riding a wave on a surfboard. | Woman in black body suit surfing on a small wave. | The person in the bodysuit is surfing a wave. | a person riding a surf board on a wave
000000427091,Qwen3-VL-4B,"The image depicts a busy city street with several cars, including a prominent yellow taxi. There are people walking on the sidewalk, and the street is filled with traffic lights and various vehicles. The scene appears to be in a bustling urban area, possibly in a downtown or commercial district.","The image depicts a busy urban street scene with several vehicles, including taxis and other cars. A prominent yellow taxi is in the foreground, with its license plate and taxi number clearly visible. The street is lined with buildings, and there are various traffic lights and street signs visible. Pedestrians are walking on the sidewalk, and the overall atmosphere suggests a bustling city environment.",City traffic and pedestrians are headed in multiple directions on the street. | A city street busy with many cars driving as well as pedestrians | People in a city cross in front of traffic.  | Traffic in New York City during the day.  | Cars stopped on a busy street while pedestrians cross.
000000002923,Qwen3-VL-4B,"The image depicts a coastal scene with a grassy area in the foreground and a marina in the background. There are several boats docked in the marina, and a few birds are visible in the sky and on the ground. The sky is partly cloudy, and the overall atmosphere appears calm and serene.","The image depicts a coastal scene with a grassy marshland in the foreground. In the background, there are several boats docked in a harbor. The sky is partly cloudy with a mix of blue and white clouds. There are two birds visible in the marshland, one near the center and another towards the left side of the image. The boats appear to be fishing vessels, and the harbor is surrounded by a body of water. The overall scene suggests a calm and serene coastal environment.",A marsh area with egrets and shrimp boats | An overcast day at dock with sea birds resting in the nearby marsh.  | A couple of birds that are walking in a field. | ships in the distance behind a grassy marsh with egrets | Several ships in the distance behind a grassy marsh with egrets | A couple of birds walk through a field of tall grass near a sail boat harbor.
000000247477,Qwen3-VL-4B,"The image depicts a living room with a brown leather couch. On the couch, there is a person lying down, seemingly asleep or resting. The person is wearing a gray shirt and dark pants. The couch is positioned against a wooden-paneled wall, and there is a small table next to the couch with some items on it. The room has a cozy and relaxed atmosphere, with a clock on the wall and a door in the background. The overall scene suggests a comfortable and intimate space for relaxation or","A person is lying on a brown leather couch in a room with wooden paneling on the walls. The room has a white door in the background, a small table with a few items on it, and a clock on the wall. The floor is carpeted, and there are some scattered items on the couch, including a newspaper.",Person lying on brown leather couch in sparsely fille room. | The woman is laying down sleeping on the couch.  | A woman lying down on a couch with newspapers near her feet. | a person laying down on a brown coach | A girl asleep on a couch in a wood paneled room
000000471179,Qwen3-VL-4B,"The image shows a group of black cows standing in a grassy field behind a wire fence. The cows are facing the camera, and there are mountains in the background. The scene appears to be a typical rural setting, with the cows grazing and the fence providing a boundary for the pasture.","The image shows a group of black cows standing in a grassy field behind a wire fence. The cows are facing the camera, and each cow has a small, colored tag attached to its ear. The background features a landscape with rolling hills and a clear sky. The cows appear to be in a rural setting, possibly a farm or a ranch.",A herd of black cattle standing next to each other. | A group of cows behind a metal wire fence. | A herd of black cows all standing together at the fence.  | several cows with ear tags standing in front of a fence | A herd of cattle standing by a fence in a field.
000000168031,Qwen3-VL-4B,"In the image, there are two cats. One cat is lying down on the floor, while the other cat is standing and looking at the first cat. The standing cat appears to be observing the other cat, possibly curious or interested in what it is doing. The scene takes place in a room with a carpeted floor, and there are some furniture items and a kitchen area in the background.","Two cats are present in the image. One cat is lying down on the floor, with its body stretched out and its head lowered towards the ground. The other cat is standing, facing the first cat, with its body upright and its head raised. Both cats appear to be in a domestic setting, possibly a kitchen or dining area, as indicated by the visible furniture and cabinetry in the background. The floor is covered with a carpet or rug.",A ca teating green stuff off the floor | A cat eating some grass as another looks on intently. | Two grey and white cats in a kitchen area. | two multi colored cats playing with a leaf on the floor. | Two young cats eat catnip off of the carpet.
000000477974,Qwen3-VL-4B,"The image shows a large, distorted stop sign in the foreground, with a couple walking in the background. The stop sign appears to be bent and misshapen, creating an unusual and humorous effect. The couple is walking on a street, and the background features buildings and a stone wall. The sky is clear with some clouds, and the overall scene has a casual, everyday feel.","The image shows a large, distorted stop sign that appears to be bent or deformed. The sign is red with white letters spelling ""STOP."" The background includes a street with a few people walking, a building with a pinkish facade, and some trees and street lamps. The sky is partly cloudy with a mix of blue and white clouds.","2 people take a stroll, as a stop sign looms in the foreground. | A stop sign in front of some people on the street. | a close up of a street sign with people walking near by | The stop sign is displayed for all to see.  | A red stop sign sitting on the side of a road."
000000100138,Qwen3-VL-4B,The image shows a black motorcycle parked on a paved surface. The motorcycle has a sleek design with a transparent front fairing and two mirrors on either side. The background features a green hedge and some rocks. The motorcycle appears to be in good condition and is positioned in a way that highlights its front and side profile.,"The image shows a black motorcycle parked on a paved surface. The motorcycle has a sleek design with a transparent front fairing, two mirrors on either side, and two headlights. The front wheel is visible, and the motorcycle is supported by a kickstand. In the background, there is a green hedge and some rocks. The setting appears to be outdoors, possibly in a garden or a similar environment.",A black motorcycle parked in front of trees. | A black motorcycle in front of some shrubs.  | A motorcycle with no rider is parked by the grass. | The black motorcycle is parked on the asphalt.  | A black motorcycle sitting on the pavement in front of a bush. 
000000281028,Qwen3-VL-4B,"The image shows the interior of a train or bus, with two rows of seats visible. The seats are upholstered in blue fabric and have armrests and cup holders. The window in front of the seats provides a view of the exterior, showing a train or bus on the tracks. The interior appears to be well-maintained and clean, with a modern design.","The image shows the interior of a train compartment. There are two rows of seats, each with a small table in front of them. The seats are upholstered in blue fabric and have armrests. The compartment has large windows with black curtains on either side. Through the windows, another train can be seen outside, indicating that the train is in motion. The interior lighting is on, and there is a small tray on the table in front of the seat in the foreground. The overall setting suggests",A train filled with lots of sets next to windows. | A picture through a train window of another train. | A scene shows the inside of a bus with seats. | The train car is stopped and it is empty.  | An empty train is sitting in a train station.
000000477955,Qwen3-VL-4B,"The image shows a person on a beach holding a kite, preparing to go kiteboarding. The person is wearing a wetsuit and is standing on the sand near the water. The sky is clear and blue, and the ocean waves are visible in the background.","A person in a wetsuit is standing on a sandy beach, holding onto a handle connected to a parasail. The parasail is in the air, tethered to the person. The sky is clear and blue, and the ocean is visible in the background with small waves.","a para sailor launching his sail at the beach. | A female kite surfer hoping a kite and a surfboard. | A person who is standing on the beach and flying a kite. | A man is standing on the beach with a surfboard, flying a kite. | A woman flying a kite over a sandy beach."
000000573928,Qwen3-VL-4B,"The image shows a group of cows in a grassy field. There are at least four cows visible, with one brown cow and one white cow in the foreground. The other cows are in the background, grazing and standing in the field. The scene appears to be a typical pastoral setting with cows enjoying their time in the open space.","The image shows two cows in a grassy field. One cow is brown and the other is white. The brown cow is on the left side of the image, and the white cow is on the right. They appear to be interacting with each other, possibly nuzzling or sniffing. In the background, there are other cows and some trees, indicating that this is a pastoral setting. The grass is green, suggesting it is likely spring or summer.",A couple of cows standing on a field next to each other. | Cows eating grass in the outdoors with each other. | A brown cow and a white cow standing together away from the other cows. | Cows standing nose to nose in a field of grass | A brown cow and a white car are in a pasture.
000000187235,Qwen3-VL-4B,"The image depicts a serene coastal scene with a calm body of water. In the foreground, there is a small boat with a motor attached, floating peacefully on the water. Further out in the distance, another boat can be seen sailing on the water. The sky is clear, and the overall atmosphere appears calm and tranquil. The shoreline is visible in the background, with some rocks and seaweed scattered along the edge.","The image depicts a serene coastal scene with calm waters. In the foreground, there is a small boat with a motor attached, floating on the water. The boat is positioned near the shore, which is covered with dark, wet seaweed or algae. In the middle ground, there is another boat with a sail, which appears to be further out in the water. The background features a distant shoreline with industrial structures, including smokestacks, and a clear sky above. The overall atmosphere of the image",A small boat unattended in a bay near a sailboat. | a small boat sitting in the lake with a sail boat in the background | an unmanned boat floating in a blue lake | A boat with no one in it is on the water. | A boat in the water off the shore with a sailboat in the distance 
000000351823,Qwen3-VL-4B,"The image shows a person playing tennis on a court. The person is wearing a blue and white sports outfit, a red cap, and sunglasses. They are holding a tennis racket and appear to be in the middle of a game or practice session. The court is surrounded by a chain-link fence, and there is a grassy area in the background.","A person is playing tennis on a court. They are wearing a blue and white sports shirt, white shorts, knee pads, and blue socks. They are holding a tennis racket and appear to be in the middle of a game. The court is surrounded by a chain-link fence, and there is a grassy area in the background.",A man holding a tennis racquet on a tennis court. | A man holds a tennis racket on a tennis court. | A man standing with a racket on a court. | A man taking a swing at a tennis ball | a tennis player standing and looking across the court 
000000152012,Qwen3-VL-4B,"The image depicts a soccer game in progress on a grassy field. There are several players on the field, with one player in a white shirt and black shorts attempting to score a goal. The soccer ball is near the goal, and the goalkeeper is positioned to defend the goal. 

In the background, there are multiple cars parked along the street, and a building can be seen in the distance. The scene captures the excitement and competitive nature of a soccer match.","The image depicts a soccer match taking place on a grassy field. There are four players visible, with one wearing a black jersey with the number 21, another in a white jersey with a black logo, and two more in white jerseys. The player in the black jersey is closest to the camera, while the others are further away, with one player near the goalpost. The goalpost is white, and there is a soccer ball on the field. In the background, there are several",A group of boys play a game of soccer outside.  | a group of people playing a game of soccer  | A group of players kicking a ball on a soccer field.  | A group of youth soccer players playing a game. | A team of soccer players playing a game on a field.
000000507879,Qwen3-VL-4B,"The image shows a bathroom scene with a toilet. The toilet is positioned against a tiled wall, and there is a cistern above it. The toilet seat is up, revealing the bowl. To the left of the toilet, there is a scrubbing brush, and to the right, there is a small metal box or container. The lighting in the image gives it a warm, orange hue.","The image shows a bathroom with a toilet that has its lid open. The toilet is positioned against a tiled wall, and there is a cistern above it. To the left of the toilet, there is a toilet brush with a holder. The lighting in the image gives it a warm, reddish hue, and the tiles on the floor and walls are visible. There are no other objects or people in the image.",A dark picture of a toilet with a small roll of toilet paper on the back of the tank. | A toilet that appears to be dirty and out of toilet paper. | A red light is glaring over the toilet.  | This bathroom has a red light on and its toilet lid is up. | Top down view of a toilet with a scrubbing brush holder.
000000499618,Qwen3-VL-4B,"The image depicts a busy city street with a truck parked on the side of the road. The truck's cargo area is open, revealing several dogs inside. There are people walking on the sidewalk, and some are carrying backpacks. The street is lined with buildings, and there are various signs and advertisements visible in the background. The scene appears to be in an urban area, possibly in a city with a mix of commercial and residential buildings.","The image depicts an urban street scene. A truck is parked on the side of the road, with its back door open, revealing several large dogs inside. The truck is on a city street with buildings lining both sides. There are pedestrians walking on the sidewalk, including a person in a blue jacket and another person in a red shirt. The street is lined with various signs and streetlights. In the background, there is a construction site with scaffolding and a tarp covering part of the building.",People walking on the street next to a truck with caged animals in it.  | There are people walking down the sidewalk next to the street. | A couple people are walking on the sidewalk with a truck parked nearby. | A truck parked on the side of a road near tall buildings. | some animals in a cage in the back of a truck
000000000569,Qwen3-VL-4B,"The image shows a person standing on a concrete surface, flying a kite. The person is wearing a light-colored coat and appears to be enjoying the activity. In the background, there is a garden with various colorful flowers arranged in a rectangular pattern. The garden is surrounded by a blue border, and there are some stone structures and a statue in the vicinity. The overall scene is peaceful and vibrant, with the person and the kite being the main focus.","The image shows a person standing on a concrete platform, flying a kite. The person is wearing a light-colored coat and dark pants. The kite is in the air, with multiple tails trailing behind it. The area around the person is a large, open space with a patterned pavement. There are two small, round, gray objects on the ground near the person. In the background, there is a grassy area with a decorative stone column and a flower bed with a grid of red flowers.",A woman in a trench coat playing with her kite | A man is flying  a kite near some steps | A man is standing near a bunch of brightly colored flowers. | a person standing with multiple kites tied together | A man flying a kite on top of a cement park.
000000564132,Qwen3-VL-4B,"The image shows a close-up view of a motorcycle's handlebar and front headlight. The handlebar is chrome-plated, and the headlight is also chrome-plated, giving the motorcycle a shiny appearance. The background appears to be a road with some trees and a person riding a bicycle in the distance. The perspective suggests that the photo was taken from the rider's viewpoint, looking forward.","The image shows a close-up view of a motorcycle's handlebar and front headlight. The handlebar is metallic and has a chrome finish, with the headlight mounted on the left side. The background features a road with a cyclist in the distance, trees, and a clear sky. The road appears to be a two-lane street with a yellow line dividing the lanes. The scene suggests a rural or suburban setting.",A bicycle on a road with a motor bike at the front | A handle bar of a bike and the street with other people riding down it.  | a handle bar view as a motor bike drives down the road  | Back view of motorcycle handlebars with street view following other motorcycles. | The view of the road as seen from riding a motorcycle.
000000304341,Qwen3-VL-4B,"The image depicts a small building with a clock on the wall and a blue bench in front of it. The building has a white exterior with stone accents and two white doors. The clock is mounted on the wall above the bench, and there is a small trash can next to the bench. The scene appears to be a quiet, possibly rural or suburban area, with a cobblestone pathway leading up to the building.","The image depicts a quaint outdoor scene with a white building featuring a stone facade. A large, round clock with Roman numerals is mounted on the wall above a blue bench. The bench is positioned on a cobblestone walkway. To the left of the bench, there is a small white trash bin. The building has two white doors with glass panes, and a small window with a stone frame. The overall setting appears to be a small town or village, with a clear sky and some","A blue bench sitting under a clock mounted to a wall. | A blue bench under a clock outside a white building. | A round clock, mounted on an outdoor wall with three doorways, hovers over a black-and-blue bench. | There is a blue bench outside the neutral colored building. | A large clock on the wall of a building over a bench."
000000460107,Qwen3-VL-4B,"The image depicts a dining table with various items on it. There are several wine glasses arranged in a row, with some of them having blue stems. A vase with a floral design is also present on the table. In the background, there is a person standing near a mirror, and a painting can be seen on the wall. The overall setting appears to be a dining room or a similar space.","The image shows a table with various objects on it. On the left side, there is a ceramic vase with a floral design, including grapes and leaves. In the center of the table, there are three wine glasses with blue stems. Behind the wine glasses, there is a magazine with a cover that includes a picture of a person and some text. To the right of the wine glasses, there is a clear glass bottle. In the background, there is a mirror reflecting a person and some artwork on","A photo taken from the top of the table looking at a mirror in the background. | a kitchen counter with wine glasses set out. | A countertop holding a pewter bowl across from a shelf holding stemware. | A kitchen counter with a jar and bowl on it, mirror with glasses on it. | A tabletop view of wine glasses in a dining room."
000000018058,Qwen3-VL-4B,"The image shows a blue sign with a cartoon police officer waving, accompanied by the message ""Don't Drink and Drive"" in both English and Chinese. The sign is mounted on a pole and is located in an outdoor setting with trees and buildings in the background.","The image shows a blue sign with text in both Chinese and English. The Chinese text translates to ""Don't Drink and Drive"" in English. The sign features an illustration of a police officer with a hat and a badge, waving. The background includes trees and a street scene with buildings and a sidewalk.","A blue street sign with a cartoon cop warning about drinking and driving. | A blue street sign that reads ""Don't Drink and Drive"". | A sign with graphic of uniformed officer is posted in the street. | Chinese sign that says Don't Drink and Drive. | A sign that says ""Don't Drink and Drive."""
000000105689,Qwen3-VL-4B,"The image shows a slice of pizza on a white plate, placed on a red and white checkered tablecloth. The pizza appears to have tomato sauce, cheese, and possibly some toppings like mushrooms or olives. In the background, there is a glass of soda with ice cubes. The setting suggests a casual dining experience, possibly at a pizzeria or a picnic.","A slice of pizza with tomato sauce, cheese, and possibly some toppings like mushrooms or olives, is placed on a white plate. The plate is on a red and white checkered tablecloth. In the background, there is a glass of dark liquid, possibly soda, with ice cubes. The scene suggests a casual dining setting.",a closeup of a slice of pizza covered with various ingredients | a slice of pepperoni pizza sitting on a white plate  | a piece of pizza sits on a plate on a table top  | A piece of pizza sat on a plate with a cup of soda near by. | Slice of pizza on plate sits on table with beverage.
000000341676,Qwen3-VL-4B,"The image shows three microwaves on a counter, with two of them having stickers of a male and a female figure on their doors. There are also two plastic containers on the counter in front of the microwaves.","The image shows three microwave ovens placed side by side on a white surface. Each microwave has a sticker on its door, depicting a male and a female figure, likely indicating the gender of the person who should use it. In front of the microwaves, there are two plastic containers with lids, suggesting that they might be used for food storage or preparation. The microwaves appear to be of the same model, with a digital display and control panel on the right side. The setting seems",Two microwave ovens one marked with man symbol and the other for woman.  | Two microwaves sitting side by side on a countertop are marked with signs printed with the symbols for man and woman. | a couple of microwaves that are next to each other | Two microwaves side by side with pictures of a man and woman silhouette | The microwaves are marked with female and male signs.
000000289618,Qwen3-VL-4B,"The image shows a group of dogs playing in a snowy yard. There are at least six dogs visible, with one of them holding a red frisbee. The yard is surrounded by a fence, and there is a gazebo-like structure in the background. The dogs appear to be enjoying the snowy environment, with some of them playing with the frisbee.","The image depicts a snowy outdoor scene with several dogs playing together. There is a gazebo-like structure on the left side of the image, and a fence runs along the background. The dogs are of various breeds and colors, including light brown, dark brown, and black. One dog is holding a red frisbee in its mouth, and another dog is in the background, also holding a frisbee. The ground is covered in snow, and there are trees and a field visible in the",a pack of dogs walking down a snow covered yard. | A pack of dogs are playing with assorted toys.  | Several dogs enjoy playing with Frisbees in the snow.  | Several dogs playing with things in the snow. | Dogs play tug of war in the snowy yard.
000000224740,Qwen3-VL-4B,"The image depicts a well-furnished living room with a cozy and inviting atmosphere. The room features a wooden coffee table in the center, flanked by two armchairs. A fireplace with a wooden mantel is situated against the wall, and a large window provides a view of the outdoors. The room is decorated with various pieces of furniture and accessories, including a lamp, a vase, and a bowl on the coffee table. The overall color scheme is neutral, with light-colored walls and wooden accents","The image depicts a well-furnished living room with a modern and cozy design. The room features a large window that allows natural light to flood in, illuminating the space. The window is adorned with a black lamp on a small table, adding a touch of elegance. The room includes a white sofa with a floral pattern, a wooden coffee table with a bowl of fruit, and two armchairs with patterned fabric. The walls are painted in a light color, and there is a wooden fireplace","A modern furnished living room with large fireplace. | Modern living room with two chairs, a three bay window and fireplace. | A living rooms featuring furniture and a fire place. | A living room with a fireplace and contemporary furnishings. | A beautiful home which is left with the door open to beautiful scenery."
000000053123,Qwen3-VL-4B,"The image shows a person playing tennis on a court. The person is in the middle of a serve, with their racket raised and their arm extended upwards. Another person is standing in the background, observing the game. The court is surrounded by a fence, and there are trees visible in the background. The scene appears to be set in an outdoor environment, possibly a park or a tennis club.","The image shows two individuals on a tennis court. One person is in the foreground, wearing a white shirt with blue accents, black shorts, and tennis shoes. This person is in the middle of a tennis swing, holding a tennis racket with both hands. The other person is in the background, standing near the net, wearing a dark jacket over a white shirt, dark shorts, and tennis shoes. The court is surrounded by a chain-link fence, and there are trees in the background. The sky",A tennis player has just attempted to hit the ball. | Two young men are playing tennis on a court. | A tennis player swings his tennis racquet while another person watches. | the two men are playing doubles tennis together. | A boy runs as he tries to smack the tennis ball.
000000226119,Qwen3-VL-4B,"The image depicts a family gathering around a dining table filled with various food items and decorations. There are several people present, including children and adults, who appear to be enjoying the meal together. The table is covered with a white tablecloth and has an assortment of dishes, including cakes and other desserts. The atmosphere seems festive, with balloons and other decorations adding to the celebratory mood. The family members are engaged in conversation and enjoying the food, creating a warm and joyful scene.","The image depicts a family gathering around a dining table filled with various food items and decorations. There are several people present, including adults and children. The table is covered with a white tablecloth and is adorned with a variety of dishes, including cakes, pastries, and other snacks. There are also colorful balloons and a banner hanging from the ceiling, suggesting a celebration or party. The room has a warm and festive atmosphere, with people engaged in conversation and enjoying the food.",A man standing behind a child sitting at a table | People around a table that has platters of food on it  | A man cuts cake with a girl at a party. | A man helping a girl cut a birthday cake with a knife. | a man helping a little girl cut a cake on a table covered with food 
000000534270,Qwen3-VL-4B,"The image shows two people standing on a waterfront, with one person holding a colorful umbrella. There is a dog sitting on the ground nearby. In the background, there are boats on the water, and the scene appears to be overcast.","The image shows two individuals standing on a waterfront promenade, with a body of water and a distant boat in the background. The individuals are holding colorful umbrellas, and one of them is wearing a red shirt and blue pants. A small dog is sitting on the ground near them. The promenade has a stone wall and blue railings. In the background, there are several boats on the water, and the sky appears overcast.",Man and woman with umbrella hats sitting on top of a bridge.  | A couple equipped with umbrella hats taking a break from walking their dog on a bridge on a rainy day. | Two people in ridiculous looking umbrella hats.  | two people with umbrella hats near one another  | A couple of people wearing umbrella hats next to the ocean.
000000073738,Qwen3-VL-4B,"The image shows a bathroom with a white toilet and a white sink. The toilet is positioned in the center of the image, with the sink to the left and a person's feet visible in the foreground. The bathroom has tiled walls and a white ceiling.","The image shows a bathroom with a white toilet. The toilet has a white tank and a white seat. The floor is tiled with light-colored tiles, and there is a small white object, possibly a toilet brush, next to the toilet. The walls are also tiled with light-colored tiles. The perspective of the image is from above, looking down at the toilet and the person's feet.",A white toilet sitting in between tiled walls. | a small bathroom with a toilet in it | An aerial shot of a public bathroom with the seat up. | a person standing by a white toilet with the lid up  | A persons feet in front of a toilet with the lid up.
000000080306,Qwen3-VL-4B,"The image shows a woman playing tennis on a court. She is wearing a white tennis outfit, including a white visor, and is holding a tennis racket and a tennis ball. The background appears to be a tennis court with a net and some fencing.","A female tennis player is on a tennis court, wearing a white sleeveless top, white skirt, and a white visor. She is holding a tennis racket in her right hand and a tennis ball in her left hand, preparing to serve. The player appears to be focused and ready to play.","a close up of a tennis player holding a racket and a ball | A woman gets ready to serve at a tennis match | A woman holding a tennis ball and racquet on a court. | A woman wearing white playing tennis, about to serve. | a woman gets ready to perform a serve "
000000457581,Qwen3-VL-4B,"The image shows a person opening an oven door to check on a tray of cookies baking inside. The oven is white and has a black interior. The person is wearing a dark-colored long-sleeved shirt. The kitchen counter is visible with some items on it, including a pot and a glass container. The oven is positioned between wooden cabinets, and the overall scene appears to be in a home kitchen setting.","The image shows a kitchen scene with an open oven. Inside the oven, there is a baking sheet with several cookies on it. The oven is white with a black interior. On the stovetop above the oven, there is a black pot. To the left of the oven, there is a countertop with a wooden cabinet and a glass container. On the right side of the oven, there is a wooden cabinet. A person's hand is visible, holding the oven door open.",A person opening an oven door filled with baking cookies. | A hand opens an oven door to show cookies baking on a tin. | there is fresh food being made in the oven | A person is baking cookies in a kitchen. | An open stove shows a pan full of a food. 
000000064390,Qwen3-VL-4B,"The image shows a street scene with a traffic light displaying a red pedestrian signal. There is a blue car parked on the side of the road, and a building with a sign that appears to be a convenience store. The scene also includes a sign with Japanese characters, indicating directions or information. The overall atmosphere suggests a typical urban environment in Japan.","The image shows a street scene with a pedestrian crossing signal. The signal has a red pedestrian figure indicating that pedestrians should stop. There is a blue car parked on the right side of the image, and a blue building with a traditional Japanese architectural style in the background. The sky is clear, and there are various signs and advertisements visible, including one in Japanese.",a street sign attached to a metal pole next to a street. | A pedestrian traffic light and car are shown at an intersection. | a street light saying it is not okay to cross the street | A stoplight on the side of the road. | A traffic light next to a blue car in front of a building.
000000501760,Qwen3-VL-4B,"The image shows a hot dog with cheese on a bun, placed on a white tray. There are two small containers of ketchup on the tray, and a hand is visible in the background. The hot dog is on a red tablecloth, and there is a piece of paper or napkin next to it.","The image shows a hot dog with a bun, topped with a generous amount of melted cheese, placed on a white paper tray. The hot dog is accompanied by two small containers of red condiments, likely ketchup, on the tray. In the background, there is a person's hand and part of a table with a red tablecloth. The setting appears to be a casual dining environment.",A hotdog with cheese fries sitting on top of it. | A hot dog with cheese on top of a red table.  | a big sausage in a roll with cheese and cups of sauce and a person | A large sausage covered with cheese on a bun. | A hot dog with a large amount of cheese.
000000118739,Qwen3-VL-4B,"The image shows a pizza with tomato sauce, cheese, and red peppers on a white paper plate. The pizza is partially sliced, and there are two slices missing. The pizza is placed on a wooden surface, and there is another pizza in the background. The pizza has a crispy crust and is topped with fresh herbs and red peppers.","The image shows a pizza with a red sauce, cheese, and red peppers on a white paper plate. The pizza is partially sliced, with one slice missing. There are two small, white, plastic stands on the pizza, likely used to hold the slices in place. The pizza is placed on a wooden surface, and there is another partially visible pizza in the background.",There is a pizza with some slices taken out of it | A pizza on cardboard with one slice gone | A pizza with a slice missing on a white sheet in the sunlight. | The pizzas are sitting on plates on the white paper. | Large pizza pie with one slice missing on the table
000000121215,Qwen3-VL-4B,"The image depicts a modern bathroom with a white color scheme. The bathroom features a sink with a square basin, a mirror above the sink, and a bathtub with a white towel hanging on the edge. There are also several towels placed around the bathroom, including one on the sink counter and another on the bathtub. The overall design is clean and minimalistic, with a focus on functionality and simplicity.","The image depicts a modern bathroom. The main features include a white sink with a square basin, a chrome faucet, and a mirror above it. Below the sink, there is a wooden shelf with a roll of toilet paper and a few towels. To the right of the sink, there is a white bathtub with a towel hanging over the edge. The walls are tiled in white, and the floor is also tiled. The bathroom has a clean and minimalistic design.","A white bathroom with a sink, towels and tub. | A modern style bathroom awaits hotel guests with fresh linens and toiletries. | A bathroom has a tub, sink, and mirror in it.   | A bathroom with a mirror, sink, tub, towels and a wash cloth in it.  | Folded towels are on the shelf underneath the bathroom sink. "
000000447733,Qwen3-VL-4B,"The image shows a person performing a skateboard trick on a ledge. The skateboarder is in mid-air, with the skateboard tilted at an angle, suggesting a jump or flip. The background includes a clear sky and some trees, indicating an outdoor setting. The person appears to be wearing casual clothing, including a dark shirt and dark pants.","A person is performing a skateboard trick on a ledge. The skateboarder is in mid-air, with one foot on the skateboard and the other foot extended outward. The skateboard is tilted at an angle, suggesting a jump or flip. The background includes a clear sky, some trees, and a building with a sloped roof. There is also a small patch of greenery with a plant in the foreground.",Man on a skateboard riding a cement wall. | A young man on a skateboard jumping from a raised area to a lower concrete area. | Looking up at a skateboarder tilting on a stone fence | A skateboarder rides the edge of the concrete on his skate board. | A guy on a skate board high in the air.
000000517967,Qwen3-VL-4B,"The image is a vintage photograph of a woman sitting in a chair, holding a laptop. The photograph is framed in a gold frame with intricate designs. The woman is wearing a dress with a lace collar and a large hat. The laptop is open and appears to be an older model, possibly from the early 2000s. The overall style of the photograph and the clothing suggest it is from a past era.","The image is a black and white photograph of a woman sitting in a chair. She is wearing a large, wide-brimmed hat and a dress with a lace collar. The woman is holding a laptop in her lap. The photograph is framed in a decorative, ornate frame with intricate designs.",A picture that has a lady with a laptop. | A painting of a woman sitting in a chair with a laptop computer. | there is a picture of a woman holding a lap top | A picture of a woman in a good frame | The portrait is anachronistic in that a Victorian lady is photographed with a laptop computer.
000000155317,Qwen3-VL-4B,"The image shows a chocolate cake with a chocolate frosting and crumbled chocolate topping, placed on a plate on a countertop. There is a can of soda in the background.","The image shows a rectangular chocolate cake with a smooth, glossy chocolate frosting. The cake is topped with crumbled chocolate pieces, giving it a textured appearance. The cake is placed on a decorative plate with a floral pattern. In the background, there is a can of soda with the word ""HOLLO"" visible. The cake and plate are on a countertop with a speckled pattern.",A cake sitting on top of a white plate. | a square cake with frosting sitting on a round plate | Baked and iced dessert item displayed on serving dish. | A large chocolate cake is sitting on a cake pedestal.   | A cake that is sitting on a glass platter.
000000248965,Qwen3-VL-4B,"The image shows a person standing on a sandy beach, holding a colorful kite that appears to be shaped like a bird. The kite has a vibrant design with shades of blue, red, yellow, and green. The person is wearing a bright pink jacket and dark pants. In the background, there is a building with large windows and a long, horizontal structure that resembles a bridge or a walkway. The beach area is relatively empty, with some scattered objects like driftwood visible in the background. The","A person is standing on a sandy surface, holding a colorful kite with a long tail. The kite has a vibrant design with red, blue, yellow, and green stripes. The person is wearing a bright pink jacket and dark pants. In the background, there is a building with large windows and a roof. The scene appears to be outdoors, possibly in a park or open area.",A young girl holding a colorful kite on a sandy beach. | This little girl tries to figure out how to get her kite to fly | A young girl is flying a multicolored kite outdoors.  | There is a young child standing on the beach with a fancy kite. | A woman holding a big colorful kite next to a building.
000000497330,Qwen3-VL-4B,"The image shows a person sitting on a bench, holding a tennis racket. The person is wearing a white tennis outfit and appears to be posing for the camera. The background includes a wooden bench and a tennis court.","A person is sitting on a bench, wearing a white sleeveless dress and white socks. They are holding a tennis racket over their shoulder. The background appears to be outdoors, possibly a tennis court or a similar setting.",A woman sits in a chair holding a tennis racket. | a women that is sitting down with a tennis racket | A woman in a tennis outfit poses with her racquet. | Woman sitting in a chair while holding a tennis racket. | A woman is posing with a tennis racket for an advertisement.
000000571804,Qwen3-VL-4B,"The image shows a display of various ceramic bathroom fixtures and accessories, all featuring a floral design. The items include sinks, a toilet, a pitcher, and other decorative pieces. The fixtures are arranged on a white platform, and there are informational cards placed in front of each item, likely providing details about the pieces. The overall setting appears to be a museum or an exhibition, as the items are displayed in a neat and organized manner.","The image displays a collection of ceramic bathroom fixtures and accessories, all featuring a floral design. The items include a toilet, a sink, a bathtub, and various bowls and vases. Each piece is adorned with a pattern of sunflowers and leaves, giving them a cohesive and decorative appearance. The fixtures are arranged on a white display shelf, with informational cards placed under some of the items, likely providing details about the pieces. The background is a plain wall, which helps to highlight the items on display","Ten porcelain pieces with floral patterns painted on them. | A collection of sinks, and basins are on display. | fine china stays on display, not to be touched  | A porcelain tea and bathroom set is on display. | A collection of soap dishes, bowls, and small trinkets. "
000000398158,Qwen3-VL-4B,"The image shows a man in a living room, covering a television with a plastic sheet. The room has red leather sofas, a wooden coffee table, and a wooden floor. There are various items scattered around, including boxes and a remote control. The room also has a doorway leading to another room, and a window with blinds.","In the image, a man is in a living room, standing in front of a flat-screen television that is placed on a wooden stand. The television is covered with a plastic sheet, which the man is in the process of removing. The room has a red and white color scheme, with red leather sofas and a wooden floor. There are various items scattered around, including a wooden coffee table, a small wooden side table, and some boxes. The room also has a doorway leading to another room,",a guy unwraping a big screen tv in his living room | A man unpacking a new flat screen TV. | Guy pulls the protective wrapping off a new tv | a person putting a sheet on or off of a television in a living room | A man putting a protective covering over a large TV screen.
000000198959,Qwen3-VL-4B,"The image captures a moment during a softball game. A batter is swinging a bat, attempting to hit a ball that is in mid-air. The catcher is positioned behind the batter, wearing a mask and holding a glove, ready to catch the ball if the batter misses. The umpire is also present, observing the play closely. The scene is set on a baseball field, with a fence and some equipment visible in the background.","The image depicts a softball game in progress. A batter, wearing a black and red uniform with the word ""RIO"" on the front, is swinging a bat. The ball is in mid-air, approaching the batter. The catcher, wearing a blue uniform, is crouched behind the batter, wearing a catcher's mitt and protective gear. The umpire, also in blue, is positioned behind the catcher, observing the play. The scene is set on a baseball field, with a chain","a baseball player swinging a bat at a ball | A batter, catcher and umpire in a softball game. | A baseball player wearing black and white standing on a field swinging a bat.  | The girl is playing baseball in the field.  | A woman hitting a softball with a bat on a field."
000000507782,Qwen3-VL-4B,"The image shows two women sitting at a table with a laptop and a computer monitor. They appear to be working together on a project or discussing something on the screen. There are several papers and documents on the table, as well as a cup and a bottle. In the background, there is a poster with various images and text, and a potted plant is visible. The setting seems to be an office or a workspace.","Two women are sitting at a table with a laptop. The woman on the left is wearing a blue shirt and has a name tag on her shirt. The woman on the right is wearing a green sweater and a green scarf. There is a poster with various papers pinned to it in the background, and a potted plant is visible behind them. The table has some papers and a cup on it.",A woman in tech support teaches computer skills. | two women and one in a blue top and a laptop | Two women are working on a computer at the office. | A couple of people at a laptop by a desk. | Two ladies sitting at a laptop at a business.
000000189152,Qwen3-VL-4B,"In the image, there is a person wearing a camouflage uniform, who appears to be interacting with a large cow. The person is holding a syringe and seems to be administering medication or treating the cow. The cow has a tag on its ear, and the person is focused on the cow's side. The background shows a natural setting with trees and greenery.","A person in a camouflage uniform is interacting with a large, gray cow. The person is holding a syringe and appears to be administering a shot to the cow. The cow has a tag in its ear. The background shows a green, outdoor setting with trees and vegetation.",A woman wearing a military uniform injecting a cow. | A women in military uniform who is giving a cow a shot. | An army veterinarian injects a substance into a cow. | A person putting a shot into a giant cow. | Large sized cow getting an injection from a woman in camo.
000000293218,Qwen3-VL-4B,"The image shows a large airplane flying over a grassy field with mountains in the background. The airplane appears to be a military transport aircraft, possibly a C-130 Hercules, and is captured in mid-flight. The landscape includes a mix of green and brown hues, indicating a natural, rural setting.","The image shows a large, white military transport aircraft in mid-flight, with its landing gear extended, suggesting it is either taking off or landing. The aircraft has four propellers and is marked with a circular insignia on its side. The background features a landscape with rolling hills, some trees, and a partly cloudy sky. The aircraft is positioned over a grassy area, likely an airport runway or a field.",An airplane flies low to the ground near a mountain range. | A large plane is taking off from a runway. | A white plane taking off from a airport | A airplane fliyng near a mountain with its wheels out to land | A vintage quadruple propellor plane leaves the runway.
000000374990,Qwen3-VL-4B,"A dog is standing on a wooden floor, looking towards a person who is standing in the doorway. The person appears to be wearing a white top and dark pants. The dog is wearing a collar and is positioned in front of a door with a visible doorknob. The room has a wooden door and a brick wall in the background.","A dog stands on a wooden floor, looking towards a person standing in the doorway. The person is wearing a white top and dark pants. The room has a door with a glass panel and a doorknob. There is a small table or cabinet in the background. The image is taken indoors, and the lighting suggests it might be evening or night.",A woman standing in a doorway as a dog turns and looks at her. | A large dog looks back at his owner. | A brown and white dog and person standing on a wooden floor. | A dog is looking at a woman in the kitchen. | The dog is looking up at a woman.
000000351369,Qwen3-VL-4B,"The image shows an Emirates airplane on a runway, with its wheels touching the ground and creating a cloud of smoke or dust. The airplane appears to be either taking off or landing, and there is a vehicle in the background, possibly a ground service vehicle. The sky is overcast, and the overall scene suggests a busy airport environment.","The image shows a large commercial airplane, specifically an Airbus A380, on a runway. The airplane is painted white with the logo and name ""Emirates"" prominently displayed on its fuselage. The aircraft is in the process of landing or taking off, as evidenced by the visible smoke or mist around its landing gear and engines. The background includes a cloudy sky and a grassy area adjacent to the runway. There is also a yellow vehicle, possibly a service vehicle, on the runway near",A landing jet airplane kicking up spray on a wet runway. | A large white airplane on a open road. | The plane has a lot of colors on the end of the wing | A plane is taking off from a runway in the rain. | Smoke coming from a large white commercial airplane.
000000411938,Qwen3-VL-4B,"The image shows a group of people on bicycles in a city street. One person is holding a large teddy bear, while another is holding a beer. The group appears to be enjoying a casual ride together.","In the image, there is a group of people on bicycles in an outdoor setting. One person is holding a large teddy bear, while another is holding a glass of beer. The background includes trees, a building, and some street signs. The scene appears to be in a park or a similar public area.",A person holding a huge teddy bear while riding a bike in the street. | A boy is riding a bike with a teddy bear as a person sitting is toasting a beer. | People riding bicycles with a teddy bear on a city street | A woman holding a teddy bear riding a bike with friends | Woman holding a teddy bear on the back of a bicycle. 
000000487612,Qwen3-VL-4B,"The image shows a large, colorful kite festival taking place in an open field. The sky is partly cloudy, and there are several kites of various shapes and sizes flying in the air. One of the kites is particularly large and resembles a cartoon character, while another is shaped like a fish. People are gathered on the ground, likely controlling the kites or enjoying the event. The overall atmosphere is lively and festive, with a sense of community and outdoor fun.","The image shows a vibrant outdoor scene with several large, colorful kites being flown in a grassy field. The sky is partly cloudy with blue patches and white clouds. The kites are designed in various shapes and colors, including a large, orange and red kite that resembles a cartoonish character, a yellow and black kite that appears to be a dragon, and a blue kite flying high in the sky. There are people on the ground, likely controlling the kites, and some are wearing bright",a close up of many large kites near the ground | A row of kites with trees in the background. | The crowd of people are looking to fly their kites.  | some people outside flying a variety of kites | People raising a variety  giant kites into the sky.
000000424812,Qwen3-VL-4B,"The image depicts a person riding a horse in a vast, open field during sunset. The sky is filled with beautiful clouds, and the landscape is dotted with trees and a few animals grazing in the distance. The scene is serene and picturesque, capturing the beauty of nature.","The image depicts a serene landscape at sunset. The sky is filled with a mix of warm colors, including shades of orange, pink, and blue, with scattered clouds. In the foreground, there is a person riding a horse across a field. The field appears to be dry and has a few scattered trees and bushes. In the background, there are more trees and a fence, suggesting a rural setting. The overall scene is peaceful and picturesque.",Riding a horse through a field at dusk. | A person riding a horse through a dry grass covered field. | a person riding a horse though a field  | A person riding a horse in a field with a beautiful sunset. | A person rides a horse across a field under a sunset.
000000114327,Qwen3-VL-4B,"The image shows a stop sign with some graffiti on it. The graffiti includes the words ""DON'T STOP"" and ""ME NOW!"" The sign is located on a street corner, with a brick building and some foliage in the background.","The image shows a stop sign with the word ""STOP"" prominently displayed. The sign appears to be modified with additional text that reads ""DON'T STOP ME NOW!"" The stop sign is mounted on a metal pole, and there is a building in the background with a brick facade and white windows. The sky is clear, and there are some trees and bushes visible in the foreground.","a stop sign sits on the corner of a street  | A red stop sign in front of a building. | A stop sign altered with spray painted graffiti  | a stop sign on the corner of a street of apartments | The stop sign is at the end of the residential street,"
000000232625,Qwen3-VL-4B,"The image shows a person snowboarding at night. The person is wearing a helmet and goggles, and they are performing a trick on a wooden rail. The snowboard is visible, and the person is in the process of sliding down the rail. The background is dark, with some lights visible in the distance.","A person is snowboarding at night, performing a trick on a wooden rail. The snowboarder is wearing a helmet, goggles, and a plaid jacket. The background features a dark, snowy landscape with a few distant lights.",A guy on a snow board in the dark. | Snow boarder riding during the night over a fence. | A man is doing a grind on a snowboard | A young man riding a snowboard on top of a rail. | Snowboarder riding on railing at night during winter.
000000210988,Qwen3-VL-4B,"The image depicts a serene garden scene with a wooden bench placed on a gravel path. The bench is surrounded by lush greenery, including trees, bushes, and plants. In the background, there is a small bridge over a pond, adding to the tranquil atmosphere of the garden. The overall setting is peaceful and inviting, perfect for relaxation and contemplation.","The image depicts a serene garden scene with a wooden bench placed on a gravel path. The bench is made of weathered wood and has a simple, rustic design. Behind the bench, there is a small pond with a wooden bridge crossing over it. Surrounding the pond and bench are various types of lush greenery, including ferns and other tropical plants. The background features tall trees and bushes, creating a natural and tranquil atmosphere. The sky is visible through the gaps in the foliage, suggesting it",A wooden bench sitting in a forest next to a tree. | A wooden bench overlooks a heavily landscaped pond. | A bench look at a bridge over a pool of water. | A wooden park bench sitting with a view of a pond and bridge. | A bench is the focus of this photo of a tropical park.
000000059000,Qwen3-VL-4B,"The image depicts a cozy living room with various pieces of furniture and decorations. The room features a couch, a chair, a coffee table, and a television. The walls are adorned with framed pictures and a Christmas tree, which is decorated with ornaments and lights. The room also has a bookshelf filled with books and other items, and a door in the background. The overall atmosphere is warm and festive, with a sense of holiday cheer.","The image depicts a cozy living room during the holiday season. The room features a green armchair on the left, a brown couch on the right, and a glass coffee table in the center. The couch is adorned with a red and gold throw pillow. A Christmas tree is visible on the right side of the image, decorated with red ornaments and lights. The room also contains a small television on a wooden stand, a bookshelf filled with books and various items, and a door in the background.",A Christmas tree sitting in a  living room. | A picture of a small living room in someone's apartment.  | There is a Christmas tree in a living room. | A living room with a lot of furniture and accessories | A living room is shown with a Christmas tree in the corner.
000000317330,Qwen3-VL-4B,"The image is a black and white photograph of an elderly man sitting down. He is wearing a white shirt, suspenders, and a tie. The man has a mustache and is looking directly at the camera. The background appears to be an indoor setting, possibly a room or a hallway.","The image shows an elderly man with gray hair and a mustache. He is wearing a white shirt, black suspenders, and a patterned tie. The background appears to be an indoor setting with wooden walls and a wooden beam. The man is looking directly at the camera.","A man looking over his glasses with a tie and suspenders on.  | a elderly man in a white collard shirt, sunglasses and a tie | An old man wearing glasses is looking at the camera.  | An elderly man has glasses, a tie and suspenders. | A man wearing suspenders and glasses sits on a bench"
000000019432,Qwen3-VL-4B,"A man is playing tennis on a court, holding a tennis racket and preparing to hit a tennis ball. There are several empty white chairs in the background, suggesting a practice session or a less crowded event.","A person is playing tennis on a blue court. They are holding a tennis racket and appear to be preparing to hit a tennis ball that is in mid-air. The court has white lines marking the boundaries. In the background, there are several white chairs arranged in rows, suggesting a spectator area. The person is wearing a white sleeveless shirt, black shorts, and white shoes with colorful laces. The scene appears to be outdoors, possibly during a tennis match or practice session.",a man playing tennis going for a low ball | A tennis player with a racket hitting the ball | He's almost got this tennis ball at the end of his racket. | A man with a racquet standing on a tennis court. | A man playing tennis on a blue tennis court
000000554348,Qwen3-VL-4B,"The image shows a person standing on a train track, looking towards a tunnel. There is a train coming out of the tunnel, and the person is holding a backpack and a bag. The scene appears to be at a train station or a railway track area.","A person is standing on a platform near a railway track. The person is wearing a white shirt, denim shorts, and sandals, and is carrying a backpack and a handbag. The railway track is surrounded by gravel and there is a tunnel in the background. A blue train is visible entering the tunnel. The area is lush with greenery, including trees and bushes.",a woman is standing on a set of train tracks | A woman photographs a blue railroad car as it peeks out of a tunnel. | A woman takes a picture of a train on a track. | A woman on railroad tracks watching a train in the distance. | A woman takes a picture of a blue train going into a tunnel.
000000521956,Qwen3-VL-4B,"The image shows a tennis player on a court, holding a tennis racket and preparing to serve the ball. The player is wearing a white shirt and a wristband, and the court has a blue surface with white lines.","A tennis player is on a blue tennis court, holding a tennis racket with both hands, preparing to serve. The player is wearing a white shirt and a white wristband. The background includes a large advertisement for Kia.",I am unable to see an image above. | A man in white shirt and wristbands playing tennis. | A man swinging his racket at a ball.  | There is a male tennis player that is going to serve the ball | A man getting ready to serve the ball in a tennis game.
000000216006,Qwen3-VL-4B,"The image shows a street corner with a sign for ""E Howe St"" and ""Broadway E"" with a street light and a car parked on the street. In the background, there is a view of a body of water and a cityscape.","The image depicts a street scene with a signpost displaying ""E Howe St"" and ""Broadway E"" with street numbers. There is a silver SUV parked on the street, and a small house with a green roof in the background. The street appears to be on a hillside, with a view of a body of water and a cityscape in the distance. Utility poles and power lines are visible, and there are some trees and bushes along the street. The sky is overcast.","Road signs giving directions and a car parked next to it | A two way street sign by a house by a waterway. | INTERSECTION OF HOWE ST. AND BROADWAY A VEHICLE HEADS EAST ON BROADWAY | Street sign in a neighborhood overlooking a lake. | A home, vehicle, street signs, and the ocean."
000000554500,Qwen3-VL-4B,"The image shows a young woman sitting at a desk in a classroom or office setting. She is looking at the camera with a slight smile. In the background, there are several other people working on computers, and the room is filled with desks and cubicles. The overall atmosphere appears to be focused and studious.","The image shows a young woman sitting at a desk in what appears to be a classroom or office setting. She has long brown hair and is wearing a gray shirt. In the background, there are several cubicles with computer monitors on them. The cubicles are arranged in a row, and there are windows above them, allowing natural light to enter the room. On the right side of the image, another person is partially visible, working at a desk with a computer monitor. The room has a modern",A pretty young lady sitting in a room with computers. | a person sitting down near other people on computers  | A woman is sitting and smiling at the camera. | A smiling woman is in a booth table in a large room. | A woman sitting with another woman behind her with a computer. 
000000207027,Qwen3-VL-4B,"The image shows a collection of surfboards stored on a rack on a beach. The surfboards are arranged in a vertical manner, with some having colorful designs and logos. The beach setting includes palm trees and a clear sky, suggesting a tropical location. There are also a few deck chairs and a boat visible in the background.","The image shows a collection of surfboards stored on a rack on a beach. The surfboards are arranged in a vertical stack, with some featuring decorative patterns and logos. The rack is made of metal and is supported by wooden beams. In the foreground, there is a blue and white striped bench. The background includes a clear sky with some clouds, a palm tree, and a glimpse of the ocean. There are also a few people in the distance, enjoying the beach.",A row of wooden surfboards sitting on a rack on the beach. | A beach area with a set of surfboards standing upright in a surfboard holder. | Long board surfboards stacked up on a rack on the beach | a rack of surfboards sits in the sun | Beautiful large surfboards on a rack at the beach.
000000006723,Qwen3-VL-4B,"The image depicts a street scene with several buildings and vehicles. There are multiple cars parked along the street, and a few pedestrians are visible. The buildings are a mix of residential and commercial structures, with some having balconies and others with large windows. The street is lined with streetlights and power poles, and there is a sidewalk on the right side of the image. The overall atmosphere appears to be urban and modern.","The image depicts an urban street scene with several buildings and a road. On the left side, there are multi-story buildings with red brick facades and white balconies. The buildings have a modern architectural style with large windows. The street is lined with streetlights and has a bike lane marked by white lines. There are a few cars on the road, and the sky is partly cloudy. On the right side, there is a mix of buildings with different architectural styles, including a building with a wooden",Row of buildings on empty street near side walk. | A building lined street with three lanes and light traffic. | A street with light poles and businesses on both sides. | A street with a row of older red brick building on one side. | A bike and walking path running side by side near a city street.
000000066072,Qwen3-VL-4B,"A person is riding a surfboard on a wave in the ocean. They are holding a paddle and appear to be in motion, possibly surfing or paddling. The water is clear and greenish-blue, and the wave is breaking around the surfer.","A person is paddleboarding on a wave in the ocean. The individual is wearing a black wetsuit and is holding a blue paddle. The surfboard is black with a red trim and is partially submerged in the water. The wave is greenish-blue, and the water around the surfer is splashing.",A surfer surfing on the surfboard with an oar in the ocean.  | A man surfing a small wave with a paddle | A man with an oar on a surfboard in the water. | A surfer with a paddle catches a wave. | A person wake boarding on a small wave.
000000053956,Qwen3-VL-4B,"The image shows a street scene with a truck parked on the side of the road. There are several traffic lights and street signs visible in the scene. The truck is located near the intersection of Broughton St. and Barnard St., and there are buildings in the background. The sky is clear, and the overall atmosphere appears to be sunny.","The image depicts an urban street scene with a wide-angle lens effect, creating a distorted perspective. A street sign reading ""Broughton St"" is prominently displayed, along with another sign indicating ""Barnard St."" A white truck is parked on the street, and there are buildings in the background, including a red-brick building with multiple windows. The sky is clear, and the overall lighting suggests it is daytime.",Oval shaped picture of buildings with a truck outside and blue sky. | The street is full of various delivery trucks. | a sign showing direction and the name of the street | A eighteen wheeler truck driving by a street sign. | A view of a city corner with a truck stopped at a light. 
000000214961,Qwen3-VL-4B,"The image shows a person lying on their back in a pool, with their skateboard nearby. The person appears to be wearing shorts and a watch on their wrist. The pool has a light blue color, and there is a bucket and a trash can visible in the background. The scene seems to be set in a backyard or a similar outdoor area.","The image shows a person lying on their back in a pool, with their legs bent and feet raised. They are wearing a white swimsuit and have a skateboard under their feet. The pool appears to be empty except for the person and the skateboard. There is a bucket and a trash can in the background, and the pool's edge is visible. The scene suggests a casual, relaxed environment, possibly after a skateboarding session.",a man doing a jump in a swimming pool with his skateboard | A man riding a skateboard shirtless with knee pads on.  | A shirtless man performs a trick on a skateboard.  | a shirtless man is skateboarding in a pool | a shirtless young man on a skateboard at the rim of an empty swimming pool
000000062518,Qwen3-VL-4B,"The image shows a train traveling on a set of railroad tracks surrounded by a natural landscape. The train is primarily white with a yellow front, and it appears to be moving through a countryside area with trees and bushes on either side of the tracks. The sky is clear, suggesting a sunny day.","The image shows a train traveling on a set of railroad tracks. The train is primarily white with a yellow front section. The tracks are surrounded by a natural landscape with trees and bushes. The sky is clear, indicating a sunny day. There are no other visible objects or people in the image.",Modern commuter train on a well maintained track  | A silver train sitting on the railroad tracks  | There is a somewhat short train moving along a track | A train traveling down tracks through the countryside. | Train coming down railway track towards the camera.
000000028826,Qwen3-VL-4B,"A wooden bench is situated on a sandy beach, facing the ocean. The bench is positioned near the water's edge, providing a view of the sea and the distant mountain in the background. The bench appears to be weathered, indicating it has been exposed to the elements for some time.","A wooden bench with green metal armrests and legs is positioned on a sandy beach. The bench is facing the ocean, which is calm with small waves. In the background, there is a mountainous island with a clear sky above. The beach appears to be relatively empty, with no other people or objects visible.",A bench partially buried in sand on a beach near the ocean. | a bench on a beach near the water | A wooden bench on a sandy beach front. | An especially high tide washes over a bench on the beach. | A bench on a beach with sand piled up around its legs.
000000309958,Qwen3-VL-4B,"The image features a beautiful flower arrangement in a basket. The basket is filled with a variety of flowers, including purple and blue blooms, as well as green foliage. The arrangement is set against a dark background, which makes the colors of the flowers stand out even more. The flowers appear to be carefully arranged, creating a visually pleasing and vibrant display.","The image shows a basket filled with a variety of flowers and greenery. The basket is made of woven material and contains several types of flowers, including purple anemones and light blue forget-me-nots. The flowers are arranged in a way that they spill out of the basket, creating a lush and vibrant display. The background is dark, which helps to highlight the colors and details of the flowers and greenery.",flower arrangement in a basket with purple and blue flowers | A bakes with purple and white flowers along with greens. | Purple and blue flowers in a small basket. | A close up shot of a set of flowers.  | A basket filled with blue and purple flowers. 
000000065982,Qwen3-VL-4B,"A person is leaning against a wall, wearing a white top, jeans, and sandals. They are holding a cigarette and have a watch on their wrist.","A person is leaning against a textured wall, wearing a white top, dark sunglasses, and dark jeans. They are holding a cigarette in one hand and a cell phone to their ear with the other. The person is standing on a sidewalk.",A woman leaning on a building talking on her cell phone  | A woman on a cell phone leaned against a wall | A young woman is leaning against the wall and talking on the phone. | A woman on her cell phone leans against a wall | A woman wearing jeans leans against a concrete wall. 
000000484434,Qwen3-VL-4B,"The image shows a group of people standing under a large blue tent at an outdoor event. Many of the people are holding umbrellas, likely to protect themselves from rain. The tent is set up in a park or similar outdoor area, and there is a stage with a band performing inside the tent. The audience is enjoying the music while staying dry under the umbrellas.","The image depicts an outdoor event, likely a concert or festival, taking place in a park or open area. There is a large, blue, dome-shaped stage with the word ""DART"" visible on it. The stage is set up with lighting and is surrounded by a crowd of people. The audience is holding umbrellas, indicating that it is raining. The umbrellas come in various colors, including red, green, and black. The crowd appears to be enjoying the event, with some people",many people standing together holding open umbrellas  | A group of people who are holding umbrellas are watching a musician. | A crowd of people standing around a large blue state. | A crowd at an out door concert holding up umbrellas. | There is a crowd of people holding umbrellas
000000223467,Qwen3-VL-4B,"The image depicts a bathroom with a large oval mirror above a double sink vanity. The vanity has two sinks, each with its own faucet, and is made of wood with a granite countertop. There are two white towels hanging on the wall, one near each sink. The bathtub is located to the left of the vanity, and there is a window with blinds in the background. The bathroom has a warm and inviting atmosphere with colorful accents around the mirror and sconces on the wall.","The image depicts a bathroom interior. There is a large oval mirror with a colorful, mosaic-like border hanging above a double sink vanity. The vanity has two sinks with white porcelain basins and chrome faucets. Below the sinks, there are wooden cabinets with dark brown doors. To the left of the vanity, there is a large white bathtub with a built-in jet system. The walls are covered with a light-colored, patterned wallpaper. Above the vanity, there is a small, round, red","a bathroom with two sinks, a cabinet and a bathtub. | A couple of sinks and a mirror in a room. | A mirror that is in a bathroom over a sink. | a bathroom with a large mirror with colorful rim | A beautiful bathroom with wooden cabinets and a large oval shaped mirror."
000000261982,Qwen3-VL-4B,"The image shows a person performing a skateboard trick on a street. The skateboarder is in mid-air, with their feet on the skateboard, which is tilted at an angle. The background includes parked cars and a curb.","The image shows a person performing a skateboard trick on a paved surface. The skateboarder is in mid-air, with their feet on the skateboard, which is tilted at an angle. The person is wearing blue jeans and black shoes. In the background, there are parked cars and a curb. The scene appears to be outdoors, possibly in a parking lot or a similar area.",A man flying through the air while riding a skateboard. | a guy having a spill on his skate board | A person on a skateboard does a flip in a parking lot. | A person is riding on a skateboard on the street. | a person on a skate board does a trick 
000000457037,Qwen3-VL-4B,"The image depicts a hotel room with a bed, a television, and various pieces of furniture. The room has green walls and a tiled floor. The bed is made with white sheets and has a wooden headboard. There is a television on a dresser, and a chair is placed near the bed. The room also features a small table with a lamp and a painting on the wall.","The image depicts a well-furnished hotel room. The room features a large bed with a wooden headboard and a white bedspread, adorned with red and green pillows. The bed is positioned against a green wall, which also has a framed abstract painting. To the right of the bed, there is a wooden nightstand with a white lamp and a small trash can. Above the bed, there is a ceiling light fixture. 

Adjacent to the bed, there is a small bathroom area with a white","A bedroom with green and white walls and a small TV. | A hotel room has green paint and a modern lamp. | A modern hotel room with a bath in one corner | A nicely decorated bedroom with furniture and bath.  | A room with a bed, two lamps, chairs, television and bath tub."
000000201241,Qwen3-VL-4B,"A polar bear is swimming in water, with its head and upper body visible above the surface. The bear appears to be holding a piece of ice or a similar object in its paw. The water is clear, and the bear's fur is wet and shiny. The background shows some rocks or underwater vegetation.","A polar bear is partially submerged in water, with its head and upper body visible above the surface. The bear appears to be resting or floating, with its front paw raised and resting on a submerged object. The water is clear, allowing the bear's white fur to be seen clearly. The background shows a rocky or natural environment, suggesting the bear is in a natural or controlled habitat, possibly a zoo or wildlife sanctuary.",A polar bear keeping cool in the water. | a white polar bear swimming in the water near gray rocks | A polar bear is having fun in the water.  | A polar bear swimming in a river.  | A POLAR BEAR SPLASHING AROUND IN THE WATER
000000507719,Qwen3-VL-4B,"In the image, there are several people and horses in a river. One person is leading a horse through the water, while others are standing or sitting on horses. The scene appears to be a group of people and their horses enjoying a day by the river.","In the image, there are several people and horses in a body of water. One person is leading a horse with a rope, while another person is standing in the water with a horse. There are also two other horses and a pony in the water. The scene appears to be a group of people and animals crossing or bathing in the water.",A man that is standing near a horse. | some people and some black and white horses water and trees | Several people walking horses by reins through the water. | A black and white photo of a man leading horses in the water. | Several people are leading horses by a body of water
000000125107,Qwen3-VL-4B,"The image shows a dog resting its head on a plastic bottle. The dog appears to be a pug, and it is lying on a tiled surface. The bottle is transparent and appears to be empty.","A pug dog is resting its head on a clear plastic bottle, which appears to be lying on its side. The dog has a light brown coat, and the bottle is transparent with some condensation on it. The background is a tiled surface with a neutral color.",A pug chews on a large water bottle.  | This is an image of a pug chewing an empty water bottle. | A small pug dog sleeping on top of a water bottle. | The pug rests its head on  a large broken bottle. | A forlorn looking pug rests its head on an empty plastic bottle
000000537905,Qwen3-VL-4B,"A person is water skiing on a body of water, wearing a life jacket and holding onto a handle. The background shows a marina with boats and trees.","A person is water skiing on a body of water, wearing a life jacket and holding onto a handle attached to a rope. The water is sparkling, likely due to sunlight reflecting off the surface. In the background, there is a dock or pier with some structures and trees.",A man water skiing behind a boat on the water | Someone riding a surf board while being towed behind a boat | A man hangs onto a boat with a wake board. | A person is being pulled on the water. | a person riding a surf board holding a tether 
000000542922,Qwen3-VL-4B,"The image shows a plate of food consisting of a piece of grilled salmon, broccoli, and sliced tomatoes. The salmon is topped with a lemon slice, and the broccoli is scattered around the plate. The tomatoes are arranged in a circular pattern around the salmon.","The image shows a plate of food with a piece of grilled salmon, garnished with a slice of lemon on top. The salmon is accompanied by a side of broccoli and sliced tomatoes. The broccoli appears to be steamed or lightly cooked, and the tomatoes are cut into wedges. The plate is white, and the overall presentation is colorful and appetizing.","Chicken and broccoli garnished with tomatoes and sliced lemons. | Food topped with lemons and tomatoes next to broccoli.   | A fish meal has sides of broccoli and tomato. | A piece of salmon with lemon, broccoli and tomato. | Closeup of food that includes chicken, lemon and broccoli."
000000445014,Qwen3-VL-4B,"In the image, there is a man wearing an orange shirt and a white cap, standing near a giraffe. The giraffe is leaning over a wooden barrier, and the man appears to be interacting with the animal. There are also other people in the background, possibly observing the interaction. The setting seems to be an outdoor area, possibly a zoo or a wildlife park.","In the image, there is a person wearing an orange shirt and a white cap, standing near a giraffe. The person is extending their arm over a wooden barrier, reaching towards the giraffe. The giraffe is leaning over the barrier, with its head close to the person's hand. The background shows a green, tree-filled area with a metal railing and some other people in the distance. The scene appears to be in an outdoor setting, possibly a zoo or a wildlife park.",a group of people standing next to a wooden fence and looking at a giraffe | THERE IS A MAN THAT IS NEAR A GIRAFFE | a group of people look over a ledge at a giraffe  | A giraffe is poking its head up to some people | A man and two kids visit a giraffe at the zoo.
000000227901,Qwen3-VL-4B,"The image shows a man and a woman sitting on the floor, both using their laptops and listening to music through earphones. The man is wearing a black t-shirt and blue jeans, while the woman is wearing a gray hoodie and blue jeans. They are both focused on their laptops, with the man looking at his laptop screen and the woman typing on her laptop. The background appears to be a room with a white wall and a wooden floor.","In the image, there are two individuals sitting on the floor against a wall. The person on the left is wearing a gray hoodie and appears to be using a laptop. They have earphones connected to the laptop. The person on the right is wearing a black t-shirt and is also using earphones, possibly listening to music or an audio file. Both individuals seem to be focused on their respective activities. The setting appears to be indoors, possibly in a library or study area, as indicated by the",A couple of people sitting down by a wall. | A girl working on a laptop next to a man on an music player. | A woman sitting next to a man using a laptop computer. | A woman and a man enjoying their audio devices. | Two people with headphones are sitting against the wall.
000000445365,Qwen3-VL-4B,"The image shows two giraffes in a grassy field. One is an adult giraffe, and the other is a younger giraffe. The adult giraffe is standing tall, with its neck extended, while the younger one is slightly bent over, possibly interacting with the adult. The background features a grassy landscape with some trees and a fence in the distance.","The image shows two giraffes in a grassy field. The adult giraffe is standing with its neck extended, facing the camera, while the younger giraffe is positioned slightly behind and to the side, looking up at the adult. The background includes a grassy landscape with a fence and a pole in the distance. The giraffes have a pattern of brown patches separated by lighter lines.","Two giraffes are shown standing in a grassy field. | Two giraffes, one looking toward the camera, stand on some grass. | The two giraffes are standing in a pasture. | Mother giraffe keeping a watchful eye out to protect her baby.  | Two giraffe standing in a green grass covered field."
000000382737,Qwen3-VL-4B,"In the image, there is a woman and a cat sitting on a chair. The woman is leaning her head on the cat, which is wearing a heart-shaped tag. The cat is sitting on a cushioned chair, and there is a lamp with a lampshade in the background. Additionally, there are two stockings hanging on the wall, one of which is labeled ""NOEL."" The scene appears to be set in a cozy, festive environment, possibly during the holiday season.","A person is lying down with their head resting on a cushioned chair. Next to them, a cat is sitting on the chair, looking relaxed. The room is decorated with a potted plant, a lamp, and a Christmas stocking. There are also some books and a small Santa Claus figure on the floor. The scene appears to be set during the holiday season.",A woman resting her head up against a cat. | A cat laying on a chair while woman lays her head on the cat.  | Woman lays her head on the cat sitting on the chair | A woman laying her head on a cat on a chair. | A woman sitting on the floor laying her head on a cat.
000000179571,Qwen3-VL-4B,"The image shows a tennis court with a person in a red shirt and white shorts playing tennis. There are other people in the background, and the court has a net dividing it into two halves.","The image shows a person on a tennis court, wearing a red shirt, light blue shorts, and a white cap with a logo on it. They are holding a tennis racket and appear to be in the middle of a tennis match or practice session. In the background, there are other people, one of whom is wearing a blue shirt and beige shorts, and another person is partially visible on the right side of the image. The court has a net dividing it into two halves, and the surface appears",A person standing on top of a tennis court while wearing a white hat. | A tennis player crossing her arms and stretching with ball boys behind her. | woman in red and white tennis outfit on tennis court | Tennis players stretching their arms on the tennis court. | There are people standing on the tennis court.
000000089032,Qwen3-VL-4B,"The image shows a man standing on a sidewalk at night, holding an umbrella. He is wearing a suit and appears to be waiting for someone or something. The background features a store with large windows displaying various items, including a pizza and stuffed animals. The store is well-lit, contrasting with the darker surroundings. There is also a car parked on the street in the background.","A person is standing on a sidewalk at night, holding an umbrella. The person is wearing a dark suit and appears to be waiting or looking at something. The background shows a brightly lit storefront with large windows displaying various items, including a pizza. The scene is illuminated by artificial lighting, creating a contrast between the illuminated store and the darker surroundings.",A man with an umbrella is standing in front of a shop. | A man holding an umbrella standing on a corner. | A man stands outside at night and holds an umbrella. | A man standing in the rain at night. | A man in black coat standing under umbrella next to a building.
000000091406,Qwen3-VL-4B,"The image shows a group of four women standing in a classroom setting, with several pizzas on a table in front of them. The women appear to be enjoying a meal together, possibly during a break or a casual gathering. The classroom has desks, chairs, and a whiteboard, and there are books and other educational materials on the shelves. The atmosphere seems relaxed and friendly.","In the image, there are four women standing in a classroom setting. They are positioned in front of a table covered with several pizza boxes. The pizzas are partially eaten, with slices missing. The table is located in front of desks and bookshelves filled with books and other educational materials. The room has a whiteboard on the wall and a television mounted on the wall to the left. The women are smiling and appear to be enjoying a casual gathering or celebration.",Several women gathered together posing with 6 pizzas in take out boxes. | Four women stand behind boxes of large pizzas.  | A group of women standing behind a table filled with pizza. | A group of four women stand together in front of pizzas. | people standing near a table with open pizza boxes
000000405222,Qwen3-VL-4B,"The image depicts a group of people riding horses in a forested area. The riders are dressed in historical military uniforms, and one of them is holding a flag. The scene appears to be a reenactment or a historical event. The photograph is in black and white, and the credit ""K. Wolf Photography"" is visible at the bottom.","The image depicts a group of five individuals riding horses in a grassy field. The scene appears to be a historical reenactment, as the riders are dressed in period-appropriate uniforms and one of them is holding a flag. The horses are equipped with saddles and stirrups. The background shows a forested area with trees and foliage. The image is in black and white, and there is a watermark in the bottom right corner that reads ""K. Wolf Photography.""","Black and white photograph of battle reenactment with men on horses | Black and white of army soldiers on horse back. | A group of men riding horses out of a forest. | A group of soldiers travel on horseback, surrounded by trees. | A black and white photo of a cavalry of men on horses."
000000332987,Qwen3-VL-4B,"The image shows a person riding a skateboard on a parking lot. The person is wearing a red shirt and dark pants. In the background, there are several cars parked in the lot, and the sky is partly cloudy. The scene appears to be outdoors, possibly in a suburban or urban area.","The image shows a person skateboarding on a paved surface, likely a parking lot or a similar open area. The person is wearing a red shirt and dark pants. In the background, there are several parked cars, including a minivan and a few other vehicles. The sky is partly cloudy with blue patches. The perspective of the image is from behind the skateboarder, looking forward towards the parked cars.",Man in a red shirt and blue jeans skateboarding.  | A young boy is skateboarding in the middle of a parking lot.  | a person with a red shirt is skateboarding and some cars | A man riding on a skateboard on the pavement.  | A photo of a boy riding his skateboard in a parking lot.
000000398554,Qwen3-VL-4B,"The image depicts a modern bathroom with a black countertop and sink. There are various items on the countertop, including bottles, glasses, and towels. The bathroom also features a bathtub and a mirror. The overall design is sleek and contemporary.","The image depicts a modern bathroom with dark, possibly black, marble walls and a black countertop. The countertop features a white sink with a round basin. On the countertop, there are several items including a bottle of water, a soap dispenser, a glass of water, and a few other toiletries. To the left of the sink, there is a white bathtub with a glass door. The bathroom also has a large mirror that reflects part of the room, including the sink and some of","The bathroom sink and vanity is a little messy.  | Image of a bathroom showing the vanity and sink area. | A bathroom with a sink, mirror, and a bath tub. | A modern bathroom with a large mirror and sink. | A black and white bathroom sink with mirror and bathtub."
000000386332,Qwen3-VL-4B,"The image shows a woman standing in a room with several pizzas on the table in front of her. There are at least six pizzas, each in its own box, and they appear to be from the same restaurant. The woman is looking at the pizzas, possibly deciding which one to choose. The room has a cozy atmosphere with a couch, a fan, and some framed pictures on the wall. The scene suggests a casual gathering or a mealtime with friends or family.","A woman is standing in a room with several pizza boxes in front of her. The pizzas are in various boxes, and the woman appears to be looking at them. The room has a fan, a chair, and some framed pictures on the wall. The scene suggests a casual, home setting with the woman possibly preparing to eat or decide on which pizza to choose.",A woman seated in front of a buffet of pizzas. | A woman with many selections of pizza to choose from. | a woman sitting at a table with multiple boxes of pizza  | a woman is sitting down in front of several large pizzas | A woman standing in front of an assortment of different pizzas with a plate in front of her. 
000000439907,Qwen3-VL-4B,"The image depicts a modern bathroom with a sink, mirror, and shower area. The sink is equipped with a faucet and has a black countertop. There are several bottles and a soap dish on the countertop. The mirror above the sink reflects the shower area, which includes a glass door and a towel hanging on a rack. The bathroom has a contemporary design with dark and light tones.","The image depicts a modern bathroom. The main features include a sink with a black countertop, a mirror above the sink, and a glass-enclosed shower area. The sink has a white basin and is equipped with a faucet and two glass cups. There are several bottles and a soap dish on the countertop. A white towel hangs on a towel rack in the shower area. The walls and floor are made of dark, possibly granite, material. The lighting in the room is warm, creating","A bathroom with a shower and a white sink on a wooded counter. | A hotel room bathroom with walk in shower | A bathroom with yellow lighting, a glass shower, and a black countertop sink. | A bathroom scene showing the shower and sink. | A high end bathroom with a shower stall"
000000049885,Qwen3-VL-4B,"The image shows the back of a red Fairfax County Medical Ambulance Bus. The bus is parked on the side of a road, and there are trees visible in the background. The bus has various logos and text on it, including the Fairfax County logo and the words ""FAIRFAX COUNTY MEDICAL AMBULANCE BUS."" The bus also has emergency lights and reflectors, indicating that it is an emergency vehicle.","The image shows the rear view of a red Fairfax County Medical Ambulance Bus. The bus is parked on a street, with trees visible in the background. The bus has various markings and logos, including the Fairfax County emblem and the words ""Fairfax County Medical Ambulance Bus."" The bus also features red and amber lights, and there is a small flag on the side. The bus is on a paved surface, and the sky is clear.",A red medical ambulance bus parked and waiting for people to board. | a close up of a medical ambulance on a city street | a fairfax county red medical ambulance bus with its doors open | Modern medical ambulance bus parked on a sunny day | An ambulance bus with the door open sits on the street.
000000092558,Qwen3-VL-4B,"The image depicts a vast savannah landscape with a large herd of wildebeests grazing in the foreground. The sky is overcast, and the grass is dry and yellow, indicating a dry season. There are two zebras in the image, one of which is closer to the foreground and the other further back, near the herd of wildebeests. The scene captures the natural habitat of these animals in their natural environment.","The image depicts a vast savanna landscape with a large herd of wildebeests and a few zebras grazing in the grassy field. The sky is overcast with dark clouds, suggesting a stormy or cloudy day. The terrain is flat with some distant hills or low mountains visible in the background. The grass is dry and yellow, indicating a season of dryness or the natural coloration of the grass in the savanna. The wildebeests are scattered throughout the field, with",A herd of zebra and buffalo standing on a dry grass field. | A group of zebras walking in a grassy field.  | Large herd of wild animals in natural grassy plain. | Zebras and other animals in the field on a sunny day. | A large herd of animals on a grass field.
000000055594,Qwen3-VL-4B,"The image depicts a bustling outdoor market with various vendors selling fresh produce. The market is covered with a makeshift canopy made of fabric and tarp, providing shade and protection from the elements. 

Several vendors are present, each with their own stalls. One vendor is wearing a red shirt and appears to be selling fruits and vegetables, including bananas, carrots, and other assorted produce. Another vendor is standing near a table filled with a variety of fruits and vegetables, such as apples, oranges, and other fresh","The image depicts a bustling outdoor market scene. There are various stalls with a variety of fresh produce on display. The stalls are covered with makeshift canopies made of fabric and tarp. On the stalls, there are bananas, tomatoes, cucumbers, and other vegetables. A person in a red shirt is standing near one of the stalls, possibly a vendor. Another person in a blue shirt is standing in the foreground, looking towards the camera. The ground appears to be dirt, and there are",A BOY IS LOOKING AT THE VEGETABLE STAND  | Some people at an open market in a city. | A boy in a market place is looking at vegetables. | A young boy looks at produce in a street market. | A young boy is looking at the fruits and vegetables at a market.
000000378502,Qwen3-VL-4B,"The image shows a person riding a motorcycle on a city street. The motorcycle is in the foreground, and the rider is wearing a black jacket and blue jeans. The street is lined with buildings, and there are several cars and a truck visible in the background. The traffic lights are green, indicating that the vehicles have the right of way. The scene appears to be in an urban area with typical city infrastructure.","The image shows a street scene with a person riding a motorcycle in the foreground. The motorcycle is a cruiser type, with a rider wearing a dark jacket and jeans. The street is lined with buildings, and there are several cars and a truck visible. Traffic lights are present, with one showing a green signal. The weather appears to be clear, and the time of day seems to be daytime.",A person on a motor bike and a car on the street. | A man in the city riding a motorcycle in traffic without a helmet.  | A person on a motorcycle with a large back wheel riding on a street. | A man riding on the back of a motorcycle behind a red car. | A group of cars driving through an intersection.
000000318550,Qwen3-VL-4B,"The image depicts a cityscape with a train station in the foreground. The station has multiple train tracks and a red bridge over one of the tracks. There are several cars parked along the street near the station, and a crane is visible in the background. The city is surrounded by buildings, and there is a flag on top of a building in the distance. The overall scene is a mix of urban development and transportation infrastructure.","The image depicts an urban scene with several key elements. In the foreground, there is a train on a railway track, moving towards the left side of the image. The track is part of a larger network of railway lines that extend into the distance. To the right of the train, there is a construction site with a yellow crane and a partially completed building with yellow exterior walls. The building is under construction, with scaffolding and construction materials visible. 

In the middle ground, there is a red","A photo of a busy city with cranes and a train and bridge | A train rolls by a bright yellow building.  | A rooftop view of a train depot and a new building being built across the tracks from it. | A city scene containing train tracks, a bridge, and a building under construction. | Construction going up in industrial section of city."
000000103306,Qwen3-VL-4B,"The image depicts a small bathroom with a white shower curtain covering the shower area. The shower curtain is hanging from a silver rod. To the right of the shower, there is a white sink with a silver faucet mounted on a black cabinet. The bathroom has a checkered pattern on the wall above the shower curtain, and there is a mirror above the sink. The overall color scheme of the bathroom is neutral, with beige and white tones.","The image depicts a small bathroom. There is a white shower curtain hanging from a silver rod, covering a shower area. To the right of the shower, there is a white sink with a silver faucet mounted on a dark wooden cabinet. The cabinet has a single door with a silver handle. Above the sink, there is a mirror with a white frame. The walls are painted in a light color, and there is a checkered pattern on the upper part of the wall. The floor appears to be",A bathroom with a shower and a sink. | A white shower curtain and a sink in a bathroom.  | A shower curtain is closed and is next to a white sink and black cabinet. | A very simple bathroom with a sink and a shower. | A closed shower curtain with sink in a bathroom.
000000233298,Qwen3-VL-4B,"The image shows a large commercial airplane in flight, with its landing gear deployed. The airplane is white with a red tail fin and is flying against a cloudy sky. The airline's logo and name are visible on the fuselage.","The image shows an airplane in flight against a cloudy sky. The airplane is a large commercial jet with a white body and a red tail. The aircraft is captured from a side angle, showing its wings, engines, and landing gear. The sky is filled with clouds, indicating overcast weather conditions.",A large commercial airliner is flying through the sky. | a red and white jet flying and some white clouds | A airplane that is flying in the sky. | a large air plane flying thru the air  | An airplane soaring through the air while lifting its landing gear.
000000180764,Qwen3-VL-4B,"The image shows a man in a kitchen, eating a pink frosted doughnut with sprinkles. He is wearing a brown shirt and has glasses. The kitchen has white cabinets, a microwave, and various items on the countertop, including a bottle of water and a box of cereal. There is also a small potted plant on the countertop.","A person is eating a pink frosted doughnut with sprinkles. The person is wearing a brown shirt and glasses. In the background, there is a kitchen with white cabinets, a microwave, and various kitchen items on the countertop. There is also a small potted plant on the countertop.",A man eating a pink doughnut with sprinkles  | The man eats a donut with pink frosting and sprinkles in his kitchen. | A man biting into a pink icing doughnut that's covered in sprinkles. | A man with glasses taking a donuts with a microwave in the background | A person taking a bite of a iced and sprinkled doughnut in a kitchen. 
000000179327,Qwen3-VL-4B,"The image shows a person standing in front of an open refrigerator in a kitchen. The refrigerator is metallic and has a water and ice dispenser on the door. The person is wearing a plaid shirt and jeans, and there is a bowl on the floor near the refrigerator. The kitchen has wooden cabinets and a countertop with various items on it.","A person is standing in front of an open refrigerator. The refrigerator is metallic and has several items on its shelves, including jars and bottles. The person is wearing a plaid shirt and jeans. The kitchen has wooden cabinets and a wooden floor. There is a bowl on the floor near the refrigerator.",A woman standing in front of an open refrigerator in a kitchen. | A woman trying to put something into a refrigerator. | A woman is carrying a block of ice to the freezer. | Woman struggling to find a spot in the refrigerator for a pizza box. | A woman placing something big insider her refrigerator.
000000505040,Qwen3-VL-4B,"The image shows a train traveling through a desert landscape. The train is primarily orange and green, with the word ""Santa Fe"" visible on the side. The background features a dry, grassy hillside with sparse vegetation. The train appears to be moving along a track that runs parallel to the hillside.","The image shows a train traveling through a landscape with a hill covered in sparse vegetation. The train has a colorful locomotive with the letters ""BNSF"" and the number ""5400"" on it. The train is passing through a region with a mix of green and brown vegetation, indicating a semi-arid environment. The sky is clear, suggesting a sunny day.",a train on a train track near hills  | A train traveling through a rural countryside under a gray sky. | A train is moving through grass covered plains. | A train that is riding near the dirt. | A Sante Fe train runs on the tracks through the valley.
000000422176,Qwen3-VL-4B,The image shows a vase with a flower arrangement on a wooden surface.,"The image shows a flower arrangement in a vase placed on a wooden surface. The vase is white with a textured design and is filled with various flowers and greenery. The flowers include a large white bloom, a yellow lily, and other smaller flowers and leaves. The arrangement is set against a wooden background, possibly a door or a wall.",A vase filled with flowers and greens on a shelf. | A table with a vase filled with flowers and foliage on top. | A white vase of flowers sits on a wood shelf. | a bouquet of flowers and leaves in a light colored vase | A vase of beautiful flowers are on display.
000000132791,Qwen3-VL-4B,"The image depicts a person walking towards a bus that is parked in a muddy, rocky area. The bus appears to be a vintage model, and there is a large rock or boulder on top of it. The scene is set against a backdrop of a mountainous landscape, with the ground covered in mud and rocks. The overall atmosphere of the image is somewhat rugged and adventurous.","In the image, there is a person walking towards a bus that is parked on a muddy, uneven terrain. The bus appears to be an older model with a flat front and a luggage compartment on top. The bus is surrounded by a landscape that includes a rocky hill in the background and a muddy, waterlogged area in the foreground. The person is wearing a knitted sweater and seems to be moving towards the bus. The overall scene suggests a rural or remote location, possibly in a cold or temper",A man that is standing in the dirt. | a vintage photo of a man looking at a bus | A bus is traveling through flooded land.  | a person walks near water and there is a bus driving through it | A bus filled with people and luggage is crossing a small stream.
000000397063,Qwen3-VL-4B,"The image shows a person holding a raw meatloaf in their hand. The meatloaf has a circular shape with a hole in the center, resembling a doughnut. The person's hand is visible, and the background appears to be a tiled surface, possibly a kitchen countertop.","The image shows a person's hand holding a raw, meaty doughnut-like shape. The doughnut has a hole in the center and appears to be made of ground meat. The hand is positioned against a tiled background, possibly a kitchen or bathroom floor.",A small ring of raw meat in someone's palm | A person is holding a ring of meat. | A hand holding a donut shaped piece of meat. | A person is holding something circular in their hand.  | A circle of uncooked meat in someones hand
000000172733,Qwen3-VL-4B,"A man is standing in a grassy field, holding a red and black kite. The kite is partially open and appears to be ready for flight. The background features a line of trees and a structure in the distance.","A man stands in a grassy field, holding a red and black kite. The background features a line of trees and a structure in the distance. The sky appears overcast.",A man holding a kite at the park | A man that is standing in the grass with a kite. | a man that is holding a large red and black kite | A man holding a kite in a park  | a man holding onto a red and black kite in the park 
000000262014,Qwen3-VL-4B,"The image shows a fluffy white cat with a black tail and brown ears standing on a windowsill. The cat is looking out of the window, which has a view of some greenery and a tree. The scene appears to be in a well-lit room, possibly during the daytime.","A fluffy white cat with a black tail and brown patches on its ears is standing on a windowsill. The cat is looking towards the camera. The windowsill is in front of a window with a view of a garden or yard, which includes green plants and some bare trees. The sunlight is coming through the window, casting a bright light on the cat and the windowsill.",A cat looks at the camera from a window sill | Black and white cat standing beside a window.  | a black and white cat moving at the edge of a window | A fluffy white cat stands in front of the glass window. | A very cute cat standing by a big window.
000000435466,Qwen3-VL-4B,"The image depicts a kitchen with various appliances and items. There is a toaster on the countertop, a refrigerator, and a sink. The kitchen also has cabinets and shelves with food items and other kitchen essentials. The ceiling has some text written on it.","The image depicts a small kitchen area with a checkered countertop. On the countertop, there is a toaster, a roll of paper towels, and a few other kitchen items. Below the countertop, there are wooden cabinets with handles. To the left, there is a window with a white frame, and above the window, there is a wooden panel with some text written on it. The ceiling is painted orange, and there is a small round light fixture. The walls are painted white,","A kitchen area with shelves, counter and bar stools. | A red ceiling adorns the kitchen, which also has a cool black and white checkered countertop.  | View of kitchen with chairs, cupboard and large pantry unit. | A long dining room has bar and bar stools. | a kitchen with a lot of shelf and cupboard space "
000000234470,Qwen3-VL-4B,"The image depicts a well-lit kitchen with wooden cabinets and a large island in the center. The kitchen features a sink, a refrigerator, and various appliances, including a microwave and a toaster. There are also chairs placed around the island, and the overall design is modern and functional.","The image depicts a well-lit kitchen with wooden cabinets and a central island. The kitchen features a variety of cabinets, both above and below the countertops, with glass-fronted cabinets on the right side. The countertops are made of a dark material, possibly granite or a similar stone. There is a stainless steel backsplash behind the sink area, which is equipped with a faucet. The kitchen also includes a television mounted on the wall to the left, and a microwave oven above the countertop. The",a big kitchen with an island and track lighting  | A counter and a table in a room. | An empty kitchen with empty dark wooden cabinets. | The contemporary kitchen is full of all the modern appliances. | A kitchen with a center island and lots of cabinets.
000000070254,Qwen3-VL-4B,"The image shows a train station with a green and yellow train arriving at the platform. There are several people waiting on the platform, some of whom are sitting on benches. The train has a modern design, and the station appears to be well-maintained. The platform is equipped with safety lines and signs, ensuring the safety of passengers.","The image depicts a train station with a green and yellow train on the tracks. There are several people waiting on the platform, some of whom are sitting on benches. The platform has a yellow safety line and a sign indicating platform number 11. The station appears to be in an industrial area, as there are buildings and structures in the background. The sky is clear and blue, suggesting a sunny day.",A green and yellow train traveling past a platform. | A bright green train is pulled up for awaiting customers. | Passengers wait at the platform as a passenger train approaches. | a train pulling up to station people waiting | People are lined up along a train station waiting for a train.
000000416730,Qwen3-VL-4B,"The image shows a person wearing a beige headscarf and a brown jacket. They are holding a mobile phone to their ear and appear to be engaged in a conversation. The person is also wearing a lanyard with a badge attached to it. The background includes some blurred objects, suggesting that the person is in a public or busy area.",A person is wearing a beige headscarf and a brown jacket. They are holding a mobile phone to their ear and have a lanyard with a badge around their neck. The background includes some indistinct objects and possibly other people.,The woman is talking on a cell phone | a woman in a hood is on the phone | Woman wearing headscarf and trench coat using cell phone. | A woman sitting down talking on her cell phone.  | A woman wearing a head covering talking on a cell phone.
000000518438,Qwen3-VL-4B,"The image depicts a small town intersection with a few traffic lights hanging above the road. There are several buildings, including a brick building with green awnings and a white building with a sign that reads ""417."" The street is relatively empty, with only a few cars visible in the distance. The scene is surrounded by trees and greenery, giving it a peaceful and suburban feel.","The image depicts a small town intersection with a clear view of the road and surrounding buildings. The intersection is controlled by traffic lights, which are currently showing red. There are several traffic signs visible, including street signs and directional arrows. The buildings on the left side of the image are brick structures with green awnings and windows. The road is empty, and there are no visible vehicles or pedestrians. The sky is overcast, and there are trees in the background, providing a green backdrop to the scene",A string of stoplights is going across the street. | an intersection with street lights and street signs | An intersection of streets with stop lights hanging above. | A street with two traffic lights suspended above it. | A street scene with focus on an intersection with traffic lights.
000000092134,Qwen3-VL-4B,"The image shows a beach scene with several blue and white striped umbrellas and lounge chairs arranged on the sand. In the background, there is a large cruise ship docked in the water. The sky is clear with some clouds, and the overall atmosphere appears to be calm and relaxing.","The image depicts a beach scene with several elements. In the foreground, there are multiple beach chairs arranged on the sand, some of which are covered with red and white striped towels. Two large, striped beach umbrellas provide shade over the chairs. The umbrellas are predominantly blue and white. In the background, there is a clear view of the ocean, which appears calm with a light blue hue. Further back, a cruise ship is visible, docked near the shore. The sky is mostly clear",A beach area with several chairs and umbrellas. | A beach with chairs and umbrellas with a cruise ship in the background. | A cruise ship and a tourist boat seen from a white sand beach | A beach with beach chairs with a big cruise ship in the distance. | A group of lawn chairs sitting on top of a beach.
000000046432,Qwen3-VL-4B,"The image shows an aerial view of a mountain range with a part of an airplane wing visible in the top left corner. The mountains are covered in snow and have a rugged, rocky appearance. The sky is clear, and the overall scene is a beautiful representation of the natural landscape from an airplane window.","The image shows an aerial view of a mountainous landscape, likely taken from an airplane. The airplane wing is visible in the top left corner of the image, indicating the perspective from which the photo was taken. The mountains are rugged and have a mix of dark and light colors, suggesting variations in elevation and possibly different types of rock or vegetation. The landscape appears to be a combination of forested areas and open, rocky terrain. The sky is clear, with no visible clouds, and the overall color",A view from an airplane flying over a mountainous region. | The view out of an airplane with part of the wing. | A view of a mountain range is seen from an airplane. | Looking out of an airplane at mountains and a river below | A photo taken from an airplane looking down at the mountains.
000000509129,Qwen3-VL-4B,"The image is a black and white photograph featuring three people dressed in formal attire. The man on the left is wearing a light-colored suit and appears to be holding a drink. The woman in the center is wearing a long dress with polka dots and is also holding a drink. The man on the right is wearing a dark suit and a bow tie. The background includes a bar counter and some decorative elements. The text at the bottom of the image reads ""ES 'TOUS-EN-CHE","The image is a black and white photograph featuring three individuals dressed in formal attire. The person on the left is wearing a light-colored suit with a white shirt and a dark tie, and is holding a glass. The person in the center is wearing a long, flowing dress with a polka dot pattern and has a white wig. The person on the right is wearing a light-colored suit with a white shirt and a dark bow tie. They are standing in front of a backdrop that includes a wooden cabinet","A group of people that are standing on a carpet. | A woman stands with two men dressed up/ | Two men and a woman are standing in a 70's photo. | A black and white picture of two men and a woman.  | A woman between two men in tuxedos, all standing at a bar."
000000013729,Qwen3-VL-4B,"The image depicts a group of people in a living room, playing a video game using Nintendo Wii controllers. There are four people in the room, with two men and two women. The room has a couch, a wooden table, and various items such as bottles, a basket, and a picture frame on the wall. The atmosphere appears to be casual and fun, with the group enjoying their time together.","In the image, there are four people standing in a living room. One person is wearing a white tank top and beige shorts, another is wearing a white t-shirt and beige shorts, a third person is wearing a blue and white striped shirt and beige shorts, and the fourth person is wearing a green shirt and beige shorts. They appear to be engaged in an activity, possibly playing a video game, as they are holding game controllers. The room has a futon with a purple blanket, a wooden",a group of people that are playing some wii | Four people standing in a room playing a video game.  | A group of people are playing Wii in their living room.  | A group of people playing with a Wii in the living room.  | Three men and a woman playing a wii video game
000000087998,Qwen3-VL-4B,"The image shows a motorcycle parked on a gravel surface, with a person standing nearby. The motorcycle has a shiny, chrome-finished engine and a black seat. In the background, there are several cars parked, and a building can be seen in the distance. The scene appears to be outdoors, possibly in a parking lot or a similar area.","A classic motorcycle is parked on a gravel surface. The motorcycle has a shiny, chrome-finished engine and exhaust pipes, and it features a black seat and a black helmet mounted on the handlebars. The motorcycle is casting a shadow on the ground, indicating a source of light from the upper left. In the background, there are several cars parked, and a person is standing to the left of the motorcycle, wearing a red shirt and dark shorts. The setting appears to be an outdoor area, possibly",there is a black motorcycle parked outside in the dirt | black motorcycle standing on display outside in the sun | People are walking past a black motorcycle that is next to a building.  | a close up of a motorcycle parked near other cars | A parked motorcycle sitting near a parking lot in the sun. 
000000222009,Qwen3-VL-4B,"The image features a beautiful flower arrangement placed in a blue vase on a table. The arrangement consists of red roses and other flowers, creating a vibrant and eye-catching display. The vase is situated on a white table, which contrasts with the colorful flowers and adds to the overall aesthetic of the scene. The combination of the red roses and the blue vase creates a visually appealing and harmonious composition.","The image shows a bouquet of red roses in a blue vase placed on a white tablecloth. The vase is situated on a wooden surface, possibly a table or a counter. The background consists of a white wall with a textured surface. The roses appear to be fresh, with some petals slightly wilted. The overall scene is simple and elegant, with the vibrant red roses being the focal point.",A vase filled with purple and red flowers sitting on a counter. | A blue vase with red roses centered on a white table. | a small blue vase with red flowers  | A vase full of flowers sitting on a table in front of a cement wall. | a group of red flowers in a blue vase on a white table.
000000156511,Qwen3-VL-4B,"The image shows a young girl playing tennis on a court. She is holding a tennis racket and appears to be in the middle of a game or practice session. The court is surrounded by a chain-link fence, and there are trees and buildings in the background. The girl is wearing a visor, a sleeveless top, and light-colored shorts.","A young girl is playing tennis on an outdoor court. She is wearing a sleeveless floral top, light blue shorts, and a white visor. She is holding a tennis racket and appears to be in the middle of a swing. The court is surrounded by a chain-link fence, and there are trees and a building in the background. The sky is clear and blue.",A girl rared back with her racquet on a court. | a girl hitting a ball with a tennis racket | A young girl is playing tennis with a yellow racket. | a young tennis player swinging a racket  | A female tennis player in action on the court.
000000382211,Qwen3-VL-4B,"The image shows a giraffe standing in an outdoor setting with snow on the ground. The giraffe is positioned in front of a wooden fence and some leafless trees, suggesting a cold or winter environment. The giraffe appears to be in a zoo or a similar enclosure, as indicated by the fence and the presence of other animals or structures in the background.","The image shows a giraffe standing in an outdoor setting with a wooden fence in the background. The giraffe is positioned in the foreground, with its body and legs clearly visible. The ground appears to be covered with a thin layer of snow, and there are leafless trees in the background, suggesting a cold or winter season. The giraffe has a distinctive pattern of brown patches separated by lighter lines, which is characteristic of its species.",Giraffe holding it's head mid way with a wooden gate behind it. | a tall giraffe standing in front of a wood fence | A girafe standing in front of a wooden fence. | A giraffe stands in an enclosure in the winter.  | a giraffe in its pen a fence grass and trees
000000457229,Qwen3-VL-4B,"The image shows a person riding a horse on a beach. The beach is covered with sand, and the ocean is visible in the background. The sky is cloudy, and there are some buildings and trees in the distance. The person appears to be enjoying a leisurely ride along the shoreline.","A person is riding a horse on a sandy beach. The sky is overcast, and the ocean is calm with gentle waves. In the background, there is a structure that appears to be a pier or a similar coastal building. The beach is relatively empty, with no other people or objects visible.",A person on a horse is down by the ocean. | A person riding a horse on top of  a sandy beach. | A person rides a horse on the beach by the water. | A woman on a horse on the shore of the ocean  | A person is sitting on a horse on a beach.
000000453013,Qwen3-VL-4B,"In the image, there is a large white teddy bear sitting in a wooden rocking chair. The white teddy bear is holding a smaller brown teddy bear in its arms. The smaller teddy bear is wearing a blue shirt and black shorts. The scene appears to be indoors, with a wall and a wooden surface in the background. The overall atmosphere is cozy and playful, with the two teddy bears creating a sense of warmth and comfort.","A large white stuffed bear is sitting in a wooden rocking chair. The white bear is holding a smaller brown teddy bear in its arms. The brown teddy bear is wearing a blue shirt and black shorts. The setting appears to be indoors, with a wall and a wooden surface in the background.","A large teddy bear with a smaller teddy sitting in a rocking chair. | Two teddy bears, one a police officer bear sitting in the lap of the other, a white bear, both of them sitting on a wooden chair. | a teddy bear in a cop uniform sitting on the lap of another teddy bear  | Two teddy bears sit on a rocking chair. | Large teddy bear with smaller on in lap sitting on rocking chair."
000000200739,Qwen3-VL-4B,"The image depicts a busy street scene from the early 20th century. There are several buildings with fire escapes, and a horse-drawn carriage is parked in front of one of the buildings. A truck is also present on the street, and there are people walking around. The scene is bustling with activity, capturing the essence of a bygone era.","The image depicts an urban street scene from a bygone era, likely the early to mid-20th century. The street is lined with multi-story buildings, each featuring fire escapes on the exterior. The buildings are made of brick and have a classic architectural style. In the foreground, there is a horse-drawn carriage loaded with crates, suggesting the transportation of goods. A truck is also present, parked near the buildings. The street is paved with cobblestones, and there are a few","A photo with many buildings off of a street with trucks parked in front. | An old picture of a scene in a city  | A black and white picture of a building with horses, wagons, and vehicles parked on the side of the road.  | This an old fashion picture of trucks and a horse drawn carriage in front of some apartment buildings. | A horse pulling a cart with luggage and a truck nearby in a city street"
000000376767,Qwen3-VL-4B,"The image depicts the facade of a building with a prominent clock tower. The clock is situated in an arched niche, and above it, there is a statue of an eagle perched on a ball. The building has intricate architectural details, including decorative elements and flags hanging below the clock. The text ""ESTACIO DEL NORD"" is visible, indicating the name of the building or location. The sky in the background is partly cloudy.","The image shows the facade of a building with a prominent clock tower. The clock is situated in an arched niche, surrounded by decorative elements including floral patterns and geometric designs. Above the clock, there is a statue of an eagle perched on a ball. The building has a classical architectural style with ornate details, including columns and cornices. The text ""ESTACIO DEL NORD"" is inscribed below the clock, indicating the name of the building or location. The sky in the",A large building with a clock on it's face and a bird statue on top. | This is a picture of an ornate building with a statue of an eagle on top. | A COLORFUL BUILDING WITH A CLOCK TOWER HAS WAVING FLAGS. | A clock tower on an official building with an eagle on top | A train station with an eagle statue at the top. 
000000053748,Qwen3-VL-4B,"A giraffe is standing in a grassy area, with a vehicle parked nearby. The giraffe appears to be interacting with the vehicle, possibly reaching for something on top of it. The vehicle has a roof rack with various items on it, and there are people inside the vehicle. The scene is set in a natural environment with trees and bushes in the background.","A giraffe is standing in a grassy area with tall grass and trees in the background. The giraffe is looking towards a vehicle, which appears to be a safari jeep, parked nearby. The jeep has a roof rack with various items, including coolers and a bucket, and there are people inside the jeep. The scene suggests a wildlife observation or safari experience.",A tall giraffe studding next to a  parked truck. | a giraffe looking at a safari truck driving past | A giraffe is standing alongside the road staring at an oncoming vehicle. | A giraffe in a grassy area next to a jeep.  | a giraffe standing next to a tour jeep
000000154854,Qwen3-VL-4B,"The image depicts a street scene with a church steeple in the background. There are several cars parked along the street, and a traffic light is visible. The sky is clear, and the overall atmosphere appears calm and serene.","The image depicts an urban street scene during what appears to be either dawn or dusk, as indicated by the soft lighting. In the background, there is a prominent church with a tall, pointed steeple, suggesting it is a significant landmark. The sky is clear with a gradient of colors, transitioning from a lighter hue near the horizon to a deeper blue as it rises. 

On the street, there are several vehicles, including cars and a van, parked or moving along the road. The street","A view of a street, with a church in the horizon. | A street with many cars stopped at a traffic light. | a street a fence people cars and traffic lights | A building in the distance bathed in sunlight | Several cars driving down the road near a fence."
000000356612,Qwen3-VL-4B,"The image shows a busy street scene with a group of cows walking down the road. There are several cows in the foreground, with one of them being particularly close to a white van. In the background, there are various vehicles, including a yellow bus and a white van. Additionally, there are people on bicycles and a person riding a tricycle. The street is lined with buildings and has several banners hanging above it. The scene appears to be in a city or town setting, with a mix of","The image depicts a busy street scene with a group of seven black water buffaloes walking in a line across the road. Behind them, there is a white van and a silver car. On the left side of the image, there is a yellow and red bus, and on the right side, there is a person riding a bicycle. The street is lined with various signs and banners, including one that says ""Merry Christmas & Happy New Year 2010."" The background includes trees",Several black bulls are walking down the street. | The bulls are walking down the street in front of cars.  | A herd of cows walking down a city street. | A group of cows walking in front of several cars. | A group of bulls riding on the street along with cars and buses and a man on a bike giving an girl a ride.
000000001779,Qwen3-VL-4B,"The image shows a street corner with two green street signs attached to a metal pole. The signs indicate the intersection of Edloe Street and Westpark Drive. The background features a building with a green exterior and some palm trees. The sky appears overcast, and there are some bare branches visible in the background.","The image shows a street corner with two green street signs attached to a metal pole. The signs indicate the intersection of Edloe Street and Westpark Drive. The Edloe Street sign is on the left, and the Westpark Drive sign is on the right. The signs display the street numbers, 5100 for Edloe Street and 3700 for Westpark Drive. In the background, there is a building with a light-colored facade and some palm trees. The sky appears",An intersection with a street sign and a building and palm trees in the background. | a couple of signs on a pole outside a building | A couple of green street signs hanging from a traffic light. | A street sign on the corner outside a Spanish style building. | A street sign on a street corner 
000000366782,Qwen3-VL-4B,"The image shows a large boat on a body of water, with a person standing on the dock near the boat. There are several people on the boat, and the boat is passing by a large building in the background. The scene appears to be in an urban area, with tall buildings and a clock visible in the background. The boat is a ferry, and the person standing on the dock is likely waiting for the ferry to dock.","The image depicts a waterfront scene with a large ferry boat in the foreground, moving across the water. The boat is white with dark blue trim and has the word ""YACHT"" visible on its side. There are several people on the boat, some standing and others sitting. In the background, there are tall buildings, including one with a large clock displaying ""Colgate"" and another with a series of windows. The sky is clear with a warm, golden hue, suggesting it is either early",A man is standing on a dock near water with a passenger boat going by large buildings in the background. | a small boat in al arge body of water  | a black and white boat water people and a clock | The boat is gliding threw the water.  | A yacht passes by some buildings on the shore.  
000000249219,Qwen3-VL-4B,"The image shows a double-decker bus on a street, with the words ""SBS Transit"" on the front. The bus is primarily white with red and purple accents. The bus is traveling on a road with trees and buildings in the background. The bus has the number 25 displayed on the front, indicating its route number. The scene appears to be in a suburban or residential area, with houses and palm trees visible in the background.","The image shows a double-decker bus on a street. The bus is primarily white with red and purple accents. It has the branding ""SBS Transit"" on the front and side. The bus is on route 25, as indicated by the route number displayed on the front. The background features trees, buildings, and a clear sky. The bus is driving on a road with a sidewalk and some greenery on either side.","A double decker bus driving down the road. | This is a double-decker bus shown in a tropical area. | A double decker bus driving down a city street. | A double decker red white and purple bus | A double decker tour bus with the logo ""SBS Transit"". "
000000428291,Qwen3-VL-4B,"The image shows a table set with a white tablecloth, featuring a variety of food items and a drink. There are several sandwiches on a plate, a salad in a bowl, and a glass of water with a flower arrangement. The table is also adorned with a few forks and knives, and there is a wooden cabinet in the background. The overall setting appears to be a casual meal or gathering.","The image shows a dining table covered with a white, checkered tablecloth. On the table, there are several plates of food, including sandwiches and what appears to be a salad. There is also a glass of a blue beverage with a flower arrangement in it. The table is set with utensils, including knives and forks. In the background, there is a wooden cabinet and a hanging coat hanger. The room appears to be well-lit, suggesting it might be daytime.",A table prepared with food is seen in this image. | A table full of food with a glass of water. | A table with several plates of food on it. | One plate has sandwiches and fries and two other plates have dark green salads.  | The food is ready to be eaten on the table.
000000268394,Qwen3-VL-4B,"The image features a creatively designed cake that resembles a red truck. The truck cake is placed on a wooden table, and there is another cake shaped like a car next to it. The truck cake has a detailed design, including a front grill, headlights, and wheels. The car cake is made of red frosting and has a more simplistic design. The scene is set in a room with wooden chairs and a white wall in the background.","The image shows a creatively designed cake that resembles a red pickup truck. The truck cake is placed on a white rectangular base, which is on a wooden table. The truck cake has detailed features such as a windshield, windows, and wheels. Next to the truck cake, there is a smaller, separate cake shaped like a star. The background includes a wooden chair with a decorative backrest and a white wall.",A truck cake sitting next to a Ford emblem cake. | A cake made to look like an old truck. | A truck and a cake on a table. | a close up of a cake in the shape of a truck | The large cakes are shaped like a pickup truck and a Chevy insignia.
000000398066,Qwen3-VL-4B,"The image shows a baseball game in progress on a field with a city skyline in the background. A player is holding a bat and appears to be preparing to swing at an incoming baseball. Another player is standing in the outfield, ready to catch the ball. The field is surrounded by trees, and the cityscape includes several tall buildings. The scene captures the excitement and action of a baseball game in an urban setting.","In the image, a person is standing on a baseball field, holding a baseball bat and preparing to swing. Another person is standing in the background, closer to the outfield. The field is surrounded by a green area with trees, and in the distance, there are tall buildings, likely part of a city skyline. The sky is clear with a few clouds. The scene appears to be set in a park or a large open area with a cityscape in the background.",A young man holding a baseball in front of a pitcher. | A batter is practicing his swing shirtless on a dirt lot. | A baseball player taking a swing at a ball | A shirtless man with a baseball bat being pitched to. | an image of a man about to swing at a ball
000000523780,Qwen3-VL-4B,"The image shows a snowy scene with two people skiing down a path. They are wearing ski gear and are surrounded by a stone wall and a building in the background. The sky is clear and blue, indicating a sunny day.","The image depicts a snowy outdoor scene with two people skiing on a path. They are wearing winter clothing and carrying ski poles. The path is lined with a stone wall on the left and a wooden fence on the right. In the background, there is a multi-story building with balconies and windows, painted in a light color with green accents. The sky is clear and blue, indicating a sunny day. The area appears to be a ski resort or a mountain resort.",Two people skiing right up to a big lodge. | Two men skiing down a slick slope next to large building. | A couple of people riding skis down a walkway. | Two people on cross country skis passing by a building. | a person walking on snow covered road  while wearing skis.
000000458177,Qwen3-VL-4B,"In the image, there are two bears in a grassy field. One bear is located towards the left side of the image, while the other bear is positioned more towards the right side. Both bears appear to be grazing or foraging in the tall grass. The background consists of a mix of green and brown grass, with some patches of wildflowers scattered around. The overall scene gives a sense of a natural, outdoor environment.","The image depicts two bears in a natural, grassy environment. The bears are light-colored, possibly white or light brown, and are grazing on the ground. The landscape is covered with tall grass and wildflowers, suggesting a meadow or a similar type of habitat. The lighting indicates it might be late afternoon or early morning, as the shadows are long and the sunlight appears soft. The bears are positioned side by side, with one slightly in front of the other.",Two brown bear cubs in a grassy area with flowers. | Two brown bears are walking through a field of tall grass. | Two bear cubs foraging side by side in a field. | Two small bears are grazing in the open field | There are two baby bears in a field.
000000145747,Qwen3-VL-4B,"The image shows a serene lake with three boats floating on the water. The boats are positioned in the middle of the lake, with one on the left, one in the center, and one on the right. The background features a picturesque landscape with trees displaying autumn colors and mountains in the distance. The sky is partly cloudy, adding to the overall tranquil and picturesque scene.","The image depicts a serene lakeside scene with three boats floating on calm waters. The boats are positioned at different distances from the viewer, with the closest one being a small, red and white boat. In the background, there is a line of trees with autumn-colored leaves, suggesting the season is fall. The trees are set against a backdrop of mountains, which appear to be partially covered with clouds. The sky is partly cloudy, with patches of blue visible. The overall atmosphere of the image is peaceful",A large lake filled with small white boats near a forest. | a number of small boats in a large body of water  | a couple of boats are sitting in the water | Three boats in the water are near each other.  | Three boats on a lake on a fall day.
000000179141,Qwen3-VL-4B,"The image shows a group of people sitting around a table with a pizza. There are four individuals in the picture, and they appear to be enjoying a meal together. The pizza is placed on a box, and there are some cups and plates on the table. The atmosphere seems casual and friendly, with the people posing for a photo.","The image shows a group of four people sitting closely together, smiling and posing for a photo. They are positioned around a table that has a pizza box and some plates on it. The lighting is dim, creating a warm and intimate atmosphere. The individuals appear to be enjoying a casual gathering, possibly a meal together.",Four people are smiling together over a box of pizza. | two women and two men smiling over a pizza  | Smiling people indoors posing with a delivery pizza. | Four people at a wooden table sitting around a box of pizza. | A group of friends gathered around a box of pizza.
000000279524,Qwen3-VL-4B,"The image depicts a living room with a brown couch, a television, and a coffee table. There is a person standing in the doorway, and the room has a neutral color scheme with beige walls and a wooden floor. A red rug is placed in front of the couch, and there are some decorative items on the couch.","The image depicts a living room with a brown sofa adorned with several pillows, including a red one. In front of the sofa is a rectangular coffee table. To the left of the coffee table, there is a small television set. On the right side of the room, there is a larger television set mounted on a black stand. The room has a wooden floor and a red rug under the coffee table. In the background, there is a white door partially open, revealing a hallway. The walls are","a living room with a brown couch a table and a black cabinet | Photo of a living room with a TV on the floor  and one on a stand, a person standing outside the door way. | The man is going to the door to let his date in. | A man walking past an empty living room.  | a living room with a couch and a tv near a wall"
000000204749,Qwen3-VL-4B,"The image shows a large truck on a highway, as seen through a side mirror. The truck is white and appears to be driving on a multi-lane road with a bridge in the background. The sky is partly cloudy, and the overall scene is captured in a reflective surface, likely the side mirror of the truck.","The image shows a side-view mirror attached to a vehicle, likely a truck. The mirror reflects a view of a road with a white truck in the foreground, a bridge in the background, and a cloudy sky. The road appears to be a multi-lane highway, and the bridge has multiple levels with vehicles on it. The sky is partly cloudy with some blue patches visible.",a truck in the reflection on a car mirror  | A tuck looking out its window in the rain | looking into a truck mirror at another truck morror | the reflection of a white truck in a mirror | a mirror that has a truck in the reflection
000000053624,Qwen3-VL-4B,"The image shows an elephant standing in a water area, possibly a zoo or a wildlife sanctuary. The elephant appears to be drinking water, and there are some rocks and a log nearby. The background includes a sandy area with some vegetation and a few people in the distance.","The image depicts an elephant standing in a shallow pool of water. The elephant appears to be in a zoo or a similar enclosure, as there are barriers and a log in the background. The ground is a mix of dirt and grass, and there are some rocks around the pool. In the background, there are people and some greenery, suggesting an outdoor setting.",A large gray elephant standing on a pool of water. | An elephant is standing in the water drinking it. | An elephant drinking water in an enclosure at a zoo. | An elephant standing in water and drinking it through his trunk.  | Elephant enjoying a drink of water in zoo.
000000545826,Qwen3-VL-4B,"The image shows a black and white cat wearing a blue and white hat with ears, sitting on a cushioned chair. The cat appears to be indoors, and there is a wooden easel and a pink object in the background.","A black and white cat is sitting on a cushioned chair. The cat is wearing a blue and white hat with large ears. The background includes a wooden easel, a pink object, and a white drawer with blue knobs. The room appears to be a living space with various household items.",A black and white cat that is standing on all fours and has an elephant hat on it's head. | A black cat with white paws is standing among some wooden boards and a toy. | A cat is wearing a small elephant hat. | A cat on a stool with something on its head | There is a cat wearing an elephant hat
000000510791,Qwen3-VL-4B,"The image shows a tennis player on a grass court, holding a tennis racket and wearing a white outfit. The player appears to be in a moment of pause or contemplation during a match.","A person is standing on a grass tennis court, wearing a white cap, white shirt, white shorts, and white shoes. They are holding a tennis racket in their right hand and appear to be holding a tennis ball in their left hand. The person is looking downwards, possibly at the ground or their racket. The court has white boundary lines.",Walking the court prepares the tennis player for his upcoming match. | A tennis player walking on a grass court. | A man holding a racquet on top of a tennis court. | a guy walking on a court carrying a stick | a man is holding a tennis racket on a court
000000056070,Qwen3-VL-4B,"The image shows a black and orange motorcycle parked on a cobblestone street. The motorcycle has a large engine and is positioned in front of a yellow parking meter. In the background, there is another motorcycle and a yellow vehicle, possibly a taxi. The scene appears to be in an urban area, with people walking in the background.","The image shows a black and orange motorcycle parked on a cobblestone street. The motorcycle has a large, chrome-engine with a black seat and an orange stripe running along its side. In the background, there is another motorcycle and a yellow parking meter. The scene appears to be in an urban area, with people walking in the background and a yellow vehicle visible in the distance.",A motorcycle parked next to a yellow thing and tree. | A black and orange motorcycle on a sidewalk. | A shiny motorcycle is parked on a city sidewalk. | Two motorcycles parked on a bricked sidewalk against a newspaper rack. | A motorcycle parked next to a yellow object on a sidewalk.
000000294992,Qwen3-VL-4B,"The image depicts a bedroom with a bed, a nightstand, and a window. The bed has a white bedspread and a brown blanket, with a blue pillow and a white pillow on it. The nightstand has a lamp with a white lampshade and some books. The window has yellow curtains, and the walls are painted in a dark blue color with floral decorations. The room also has a dresser and a small table with a vase.","The image depicts a cozy bedroom with a bed that has a white bedspread and a brown blanket. The bed is positioned against a dark blue wall with a floral design. On the bed, there are several pillows, including one with a blue pillowcase. To the right of the bed, there is a wooden nightstand with a lamp on it. The lamp has a white lampshade. The room has a window with yellow curtains, allowing natural light to enter. The floor appears to be carpeted","a view inside a bedroom seeing a bed , table stand and an open window | A bed sitting in a bedroom under a window. | A sofa and a bed are cramped into in a room. | a bedroom with blue walls and yellow details | A room with a bed, window, lamp and curtains. "
000000052462,Qwen3-VL-4B,"The image shows two zebras standing in a grassy field with tall, dry grass. The background features trees and bushes, suggesting a savannah or grassland environment. The zebras appear to be alert and facing the camera, with one zebra slightly in front of the other.","The image shows two zebras standing in a grassy field. The grass is tall and dry, suggesting a savannah or grassland environment. The background includes trees and shrubs, indicating a natural, possibly African, habitat. The zebras are facing the camera, and their stripes are clearly visible. The sky is not visible, and there are no other animals or objects in the immediate vicinity.",Two zebra standing next to each other in a dry grass field. | Two zebras standing in tall savannah grass near forest brush. | Two zebras are walking through tall brown grass. | Two zebras standing in a field of tall grass. | Two zebras roaming through the terrain in a countryside setting.
000000045920,Qwen3-VL-4B,"A baseball player stands on a grassy field, wearing a jersey with the number 33 and a baseball cap. He is holding a baseball glove and appears to be observing the field.","A baseball player stands on a well-maintained grass field. The player is wearing a gray uniform with the number 33 on the back, a blue cap, and a black baseball glove on his left hand. The grass appears freshly cut with a pattern of alternating light and dark stripes. The player is looking to his left, and his shadow is cast on the ground.","A great picture of a person in the stillness motion.
 |  A baseball player standing on top of a field. | A baseball player standing in a field with his glove | A player is standing alone in a ground. | a baseball player standing in the outfield "
000000550552,Qwen3-VL-4B,"The image depicts a well-furnished kitchen and dining area. The kitchen features white cabinets, a wooden ceiling, and a central island with a barstool. The dining area has a round table with a red tablecloth and chairs with floral patterns. The room is decorated with various items, including a clock on the wall, a chandelier, and a vase on the table. The overall atmosphere is warm and inviting, with a festive touch due to the red decorations.","The image depicts a well-furnished kitchen and dining area. The kitchen features white cabinetry, a wooden ceiling, and a central island with a granite countertop. On the island, there are various items including a clock, decorative objects, and a bowl. The kitchen also has a refrigerator, a stove, and a sink. The dining area includes a round wooden table with a red tablecloth, surrounded by patterned chairs. The room is decorated with candles, a floral arrangement, and other decorative","A large kitchen with an  island surrounded by stools. | A real estate photo shows a kitchen with breakfast nook. | A kitchen features two tables and chairs and white interior cabinets and white shudders. | An open, furnished kitchen with dining room table | This kitchen has wooden ceilings and two tables"
000000449114,Qwen3-VL-4B,The image shows a tennis player in action on a tennis court. The player is jumping to hit the tennis ball with a racket. The court has a blue playing area and a green surrounding area. The player is wearing a blue shirt and black shorts. The image captures the dynamic movement and focus of the player during the game.,"The image shows a tennis player in mid-action on a tennis court. The player is leaping to hit a tennis ball with a racket. The court has a blue playing area with white boundary lines. The player is wearing a blue shirt, black shorts, and white shoes. The shadow of the player and the racket is visible on the court, indicating the direction of the light source.",A tennis player jumps and hits a ball. | A man is playing tennis on a tennis court. | a man is playing tennis on a court | A man with a tennis racket with a tennis ball in the air. | The tennis player is returning a difficult serve.
000000473299,Qwen3-VL-4B,"The image shows a person snowboarding down a snowy slope. The snowboarder is wearing a helmet and goggles, and they are in the foreground of the image. Another person is visible in the background, also on a snowboard. The scene is set in a forested area with trees lining the sides of the slope. The overall atmosphere is cold and wintry, with snow covering the ground and the surrounding landscape.","The image depicts a snowy landscape with a person snowboarding down a slope. The snowboarder is wearing a helmet, goggles, and winter clothing, and is in motion, with their snowboard visible beneath them. The background features a forest of evergreen trees, and there is another person in the distance, also engaged in snowboarding. The scene is set in a cold, wintry environment with a clear sky.",A man riding a snowboard on top of a snow covered slope. | A person on a snowboard riding it in the snow. | People riding down the side of a snowy hill. | A pair of skiers on a snowy hillside dressed for cold weather. | A person rides a snowboard in a forest setting.
000000500270,Qwen3-VL-4B,"The image shows a person skateboarding at a skate park during sunset. The park features ramps and rails, and there are several other people in the background, some of whom are also skateboarding. The sky is filled with clouds, and the overall atmosphere is relaxed and casual.","The image depicts a skate park during what appears to be either sunrise or sunset, as indicated by the soft lighting and long shadows. A person is skateboarding on a ramp, with their hair flowing in the wind. The skate park features various ramps and rails, and there are other people in the background, some of whom are also skateboarding. The sky is clear with a gradient of colors, transitioning from a warm hue near the horizon to a cooler tone higher up. Palm trees are visible in the",A woman in black shirt riding a skateboard. | a person skateboarding near a skateboarding park at sunset. | People skateboard around a skate park near rails.  | A man riding a skateboard at a skate park. | A young woman on a skateboard in a skate park
000000147921,Qwen3-VL-4B,"The image depicts a coastal scene with a few people walking and a cyclist on a path near the water. There are several boats in the background, and the sky is clear with a few clouds. The area appears to be a popular spot for leisure activities and relaxation.","The image depicts a coastal scene with a clear blue sky and a calm sea. In the foreground, there is a sandy area with a few people and a cyclist. The middle ground features a boardwalk with a metal railing and a few street lamps. In the background, there are several sailboats and a large boat docked at a pier. The sky is mostly clear with a few scattered clouds.","A beach with umbrellas, boats, and people biking or walking. | A beach scene with a dock and boat at it. | A empty road next to the ocean with lots of boats. | A yacht pulling up to a swimming beach. | A beach front with a yacht in the background."
000000052166,Qwen3-VL-4B,"The image shows a group of people gathered around a rail in a snowy area, possibly a ski resort. One person is performing a trick on the rail, while others watch and take photos. The group consists of both skiers and snowboarders, and they are dressed in winter clothing. The scene appears to be lively and fun, with people enjoying the winter sports and the snowy environment.","The image depicts a group of people gathered on a snowy slope, likely at a ski resort. The crowd is dressed in winter clothing, including jackets, hats, and goggles, indicating cold weather. In the foreground, a person is performing a trick on a rail, with skis attached to their feet. The rail is yellow and black, and the person appears to be in the middle of a jump or trick. The background shows more people watching the performance, some of whom are holding cameras or phones",Professional skier performing tricks for a group of people at a ski resort. | A person on skis up on a rail with a group of people watching. | A crowd watches a skier perform a stunt on a rail. | A group of people watching a person doing a trick on skis. | A group of people watching a skier on a track.
000000478157,Qwen3-VL-4B,"The image shows a group of people sitting on the grass, enjoying ice cream and spending time with their dogs. There are two dogs in the scene, one of which is a poodle. The people are sitting on the grass, and there are a few bottles and cups scattered around them. The atmosphere appears to be relaxed and casual, with the group enjoying a pleasant outdoor gathering.","In the image, there are two people sitting on the grass. One person is holding a small dog, and the other person is holding an ice cream. There is a bag on the ground between them, and a stroller is visible in the background. The scene appears to be outdoors, possibly in a park or a similar setting.",Two people eating corn dogs with two small dogs between them. | A cute furry dog with some people in the grass. | People eating lunch on the ground with their dog.  | Two people eating food sitting on the grass. | Two people with small dogs sit in the grass eating. 
000000075051,Qwen3-VL-4B,"The image shows a bathroom scene with a white toilet and a trash can. The toilet is positioned against a wall, and the trash can is placed to the right of the toilet. The bathroom floor appears to be tiled, and there is a glass partition or door in the background.","The image shows a white toilet with a closed lid, positioned against a wall. The toilet is situated on a tiled floor, and there is a metal trash can placed to the right side of the toilet. The wall behind the toilet is painted in a light color, and there is a frosted glass panel to the left of the toilet. The overall setting appears to be a bathroom.",A small white toilet sitting next to a metal trash can. | A compact toilet and shower of a small bathroom | A close up shot of a white toilet and waste bin. | A small white toilette with the lid closed has a metal trash can on one side and a shower stall on the other. | a toilet bowl and a trash can in a bathroom
000000174871,Qwen3-VL-4B,"A dog is standing on a street with a rat on its back. There are several people in the background, some of whom are taking pictures. The dog appears to be wearing a harness or some kind of gear.","The image shows a street scene with several people and a dog. The dog is wearing a harness and has a small animal, possibly a rat, on its back. The dog appears to be standing on a street or sidewalk, and there are other people in the background, some of whom are taking photos or observing the scene. The setting seems to be an urban area with motorcycles and other vehicles visible in the background.",A photograph of a cat and mouse on top of a dog. | A mouse and cat sit on top of a dog. | Small dog with both a cat and a mouse riding on its back. | Cat and mouse riding on a dog on a busy city street. | a close up of a dog with a cat and a mouse on its back
000000063791,Qwen3-VL-4B,"The image depicts a group of people playing soccer in a park. There are several players on the field, with one player in a red shirt actively kicking the ball. Other players are scattered around, some running and others watching the action. The park has benches, trees, and a fence in the background, and there are a few cars parked nearby. The atmosphere appears to be casual and recreational, with people enjoying a game of soccer in an outdoor setting.","In the image, there is a group of people playing soccer in an outdoor setting, likely a park. The scene includes:

- A person in a pink shirt and black shorts, who appears to be kicking a soccer ball.
- Another person in a red shirt and gray shorts, running towards the ball.
- A person in a blue shirt and white shorts, sitting on a bench in the background.
- A person in a white shirt and dark pants, standing near the bench.
- A person in",A group of men playing soccer in a park. | People outside playing soccer in a park with people watching.  | Two men playing a game of soccer on a grass field. | A group of people playing soccer in a park | Several men playing soccer in a park with a few onlookers.
000000560797,Qwen3-VL-4B,"The image depicts a baseball game in progress, with a group of people standing on the field. One of the individuals is throwing a baseball, while others watch the action. The scene includes various advertisements and banners around the field, including one for Toyota and another for PNC. The atmosphere appears to be lively and engaging, with spectators and players alike enjoying the game.","The image depicts a baseball game in progress. A player in a white uniform with the number 6 and the name ""BERG"" on the back is standing on the field, preparing to catch a baseball. The catcher is also visible, wearing a mask and glove. In the background, there is a large crowd of spectators in the stands. The field is surrounded by various advertisements, including one for Toyota, Legg Mason, and PNC Bank. The scene is set in a stadium with a","NASA men making first, ceremonial pitch at a baseball game. | A NASA astronaut throwing out the first ball at a baseball game | A group of men on a field playing baseball. | A bunch of guys on a baseball field about to throw the ball. | A man standing in front of a group of men getting ready to throw a bass to another man."
000000063144,Qwen3-VL-4B,A person in a wetsuit is riding a surfboard on a wave in the ocean.,"A person in a wetsuit is riding a surfboard on a wave in the ocean. The water is a mix of green and blue hues, indicating the presence of algae or the time of day. The sky is overcast, giving the scene a muted color palette. The surfer is crouched down, balancing on the surfboard, which is partially submerged in the water.",A surferboarder is surfing on a small wave. | The man with a wet suit on is surfing in the water. | A person in a wet suit riding a surf board  | A man surfs a small wave in calm waters. | THERE IS A MAN ON THE SURF BOARD ON THE WAVES
000000220981,Qwen3-VL-4B,"The image shows a creative and humorous setup where a toy figure, resembling a robot or a character, is holding a smartphone. The smartphone has a sad face drawn on its screen, and the figure appears to be holding a large, exaggerated tooth in its other hand. The background includes a garden or outdoor setting with plants and a fence.","The image shows a figurine holding a smartphone. The smartphone has a sad face drawn on its screen, with two curved lines for eyebrows and a straight line for a mouth. The figurine appears to be made of a blue material and is holding a large, curved object in its right hand, which resembles a bone or a similar item. The background includes a wooden fence and some greenery, suggesting an outdoor setting.",A sad smart phone holding a half a banana. | A figurine that holds an iPhone stands on a table. | a phone with arms holding a piece of banana. | A comical face on a cellphone with a body on it. | An iPhone with a sad face and arms and legs attached.
000000379475,Qwen3-VL-4B,"The image shows a desk with two laptops, one on the left and one on the right. The desk is cluttered with various items, including books, papers, and other office supplies. The wall behind the desk is decorated with numerous posters and pictures, creating a vibrant and eclectic atmosphere. The posters include a mix of artistic and promotional content, adding a personal touch to the workspace.","The image shows a workspace with a desk cluttered with various items. On the desk, there are two laptops, one open and displaying a webpage, and another closed. There are also several books and a CD case. The wall behind the desk is adorned with numerous posters and photographs, creating a collage of images. The posters include a mix of artistic and promotional content. The room has a cozy, lived-in feel, with string lights hanging from the ceiling, adding a decorative touch.",A couple of laptop computers sitting on top of a desk. | A home work station with two laptop computers on it. | Two lap tops set up on a desk in front of a decorated wall. | A computer desk with laptops on it with many photos on the wall behind it . | A desk scene with two laptops and pictures on the wall.
000000113294,Qwen3-VL-4B,"The image depicts a man standing on a rocky shore, holding onto a rope that is attached to a small boat floating in the water. The boat appears to be a fishing boat, and there are several buoys scattered around the water, indicating a designated area for fishing or navigation. The scene is set in a calm body of water, possibly a lake or a coastal area.","A man is standing on a rocky shore, holding onto a rope that is attached to a small boat in the water. The boat is partially submerged and appears to be tied to the shore. There are several buoys floating on the water, and another boat is visible in the background. The scene is set in a calm body of water, possibly a lake or a coastal area.",A man tying a boat to a shore line by the water. | the man ties off his small fishing boat in the sea | A man is pulling up a sailboat to dock it on the shore. | A man is holding onto the ropes on his boat | Man tending to small boat on large waterway.
000000536426,Qwen3-VL-4B,"The image shows a fire hydrant on a grassy area next to a street. There is a traffic cone placed near the hydrant, and the scene appears to be in a residential area with houses and trees in the background.","The image shows a fire hydrant on a grassy area near a curb. There is a traffic cone with a red base and white stripes placed on a pink base next to the hydrant. The scene appears to be in a residential area with a street and houses in the background. The image has a blue tint, giving it a slightly surreal or artistic look.",A photo of a fire hydrant with a cone next to it. | The view of red traffic cone near a fire hydrant. | A FIRE HYDRANT AND WARNING  CONE SITTING ON THE CORNER | A traffic cone in the grass beside a fire hydrant. | a fire hydrant sits next to a street cone 
000000231088,Qwen3-VL-4B,"The image shows a collection of colorful umbrellas hanging in the air against a clear blue sky. The umbrellas are of various colors, including blue, green, red, and white. They are arranged in a way that creates an interesting visual effect, with some umbrellas overlapping or appearing to be suspended in mid-air. The background features a building with a yellow and white facade, adding to the overall vibrant and lively atmosphere of the scene.","The image shows a collection of colorful umbrellas suspended in the air against a clear blue sky. The umbrellas are of various colors, including blue, green, red, and white. They are arranged in a way that they appear to be floating or hanging, with some umbrellas overlapping or intersecting with others. The umbrellas are attached to strings or wires, suggesting they are part of an outdoor display or installation. The background includes a building with a yellow and white facade and a red-tiled",6 open umbrellas of various colors hanging on a line | The sun shining through different colored umbrellas.  | Multi-colored umbrellas hung like a mobile on a wire | Six umbrellas floating in the air near a building. | Several umbrellas of different colors are hanging in the sun.
000000545475,Qwen3-VL-4B,"A cat is sleeping on a pile of shoes, including sneakers and dress shoes, on a doormat.","A cat is sleeping on a doormat surrounded by various shoes. The shoes include a pair of black sneakers, a pair of white sneakers, and a pair of black dress shoes. The cat is positioned near the black dress shoes, and the doormat has a patterned design. The shoes are placed on a tiled floor.",A cat thats lieing in a pile of shoes by the door.  | a kitty laying among four pair of shoes | A cat that is laying next to a bunch of shoes. | A cat is surrounded by a pile of shoes. | A cat laying on many shoes on a brown rug. 
000000560358,Qwen3-VL-4B,"The image shows a large, round clock hanging from the ceiling in a grand, arched room with high ceilings and large windows. The clock is prominently displayed, and the room appears to be a train station or a similar public building. The windows have a grid-like pattern, and the overall atmosphere is one of elegance and grandeur.","The image shows a large, round clock with Roman numerals and a black and white color scheme. The clock is mounted on a wall and is surrounded by three arched windows with grid-like patterns. The windows are made of metal or glass and are evenly spaced, creating a symmetrical appearance. The clock is positioned centrally, and the windows provide a structured, geometric background. The overall setting appears to be indoors, possibly in a grand hall or station, given the architectural style and the presence of the",A clock is on a pole under a set of windows. | a clock in front of three big windows. | A clock sitting in the middle of a building. | the clock is showing thirty-four passed twelve in the station | A lit clock with several bright windows behind it at night.
000000036051,Qwen3-VL-4B,"The image shows a person playing tennis. They are wearing a white shirt with an orange logo and pink shorts. The person is holding a tennis racket and appears to be in the middle of a swing, hitting a tennis ball. The background includes a green wall and some spectators.","A person is playing tennis on a court. They are wearing a white t-shirt with an orange logo and pink shorts. The person is holding a tennis racket and appears to be in the middle of a swing, hitting a tennis ball. The background includes a green wall and some spectators.",A woman playing tennis in front of a blurry crowd. | A woman hitting a tennis ball with a tennis racquet. | A woman swinging a tennis racket at a ball on a court. | A woman swinging a tennis racket at a ball. | The woman is hitting a tennis ball with her racket.
000000076731,Qwen3-VL-4B,The image shows a laptop with a pen on top of it.,"The image shows a closed laptop with a blue or gray casing. On top of the laptop, there is an orange stylus pen. The laptop has a label on the top front that reads ""ECHO"" and another label on the bottom front that says ""OLIVETTI."" The laptop is placed on a wooden surface, possibly a desk or table.",A pen is sitting on top of a laptop. | A wooden table with a purple laptop and orange pen. | A pen sitting on top of an electronic devise | A scale with a musical instrument sitting on top of it. | A yellow pen on top of a closed lap top computer.
000000394199,Qwen3-VL-4B,"A woman is sitting on a red motorcycle, wearing a white shirt and a red scarf. The motorcycle has a side mirror and a saddlebag. In the background, there is a grassy area with trees and a small building.",A woman is sitting on a red motorcycle. She is wearing a white shirt and a red scarf. The motorcycle has a side mirror and a saddlebag. The background features a grassy area with trees and a small white shed. There is also a white van in the distance.,"A woman sitting on top of a red motorcycle. | A woman takes a selfie in her backyard on a moped. | A woman with glasses and a red bandana around her neck, smiling next to a red motorcycle.  | A woman is posing next to a red motorcycle. | a woman on her bike in her yard"
000000550013,Qwen3-VL-4B,"A person is standing in a grassy area, holding a stick. To the left of the person, there is a black dog, and to the right, there is a goat. The person appears to be interacting with the dog, possibly playing or training it. The goat is standing still, observing the scene. The background consists of trees and a fence, indicating that this is an outdoor setting, likely a park or a backyard.","A person is standing in a grassy area, holding a stick. To the left, a black dog is running towards the person. To the right, a white and brown goat is standing. The background features a fence and trees.",A man walking around with his dog and sheep. | A man walking across a field holding a wand near a dog. | A man is standing in a field with a dog and goat. | A man is training a sheepdog for a sheepdog trial. | Man with golf club and a dog and a goat
000000532503,Qwen3-VL-4B,"The image shows two people standing on a snowy, icy surface, possibly near a frozen waterfall or a similar natural formation. One person is holding up a phone, possibly taking a selfie or capturing a moment. Both individuals are dressed in winter clothing, including jackets, hats, and scarves, to protect themselves from the cold. The scene appears to be in a cold, wintry environment.","In the image, two individuals are standing on a snowy, icy surface. The person on the left is wearing a patterned jacket, a scarf, and jeans, and is holding a dark-colored bag. They are also wearing a beanie and appear to be taking a selfie with a smartphone. The person on the right is wearing a dark jacket, jeans, and a beanie, and is holding a camera. The background shows a bright, overcast sky and a large, snow-covered structure,",Man and woman on an ice covered bridge. | a couple of people are standing in the snow | A woman taking a selfie near a ledge | a couple of people that are standing on some ice | A man and woman taking pictures at the edge of a canyon.
000000492562,Qwen3-VL-4B,"The image shows a train traveling on a bridge over a body of water, with a mountain in the background. The train is carrying various types of cargo containers, and the bridge is supported by several pillars. The scene is set against a backdrop of a picturesque landscape with trees and a clear sky.","The image depicts a train traveling on a bridge over a body of water, with a scenic backdrop of a mountainous area. The train consists of several freight cars, including a red one, and is moving along the bridge. The bridge has multiple stone pillars supporting it. In the background, there are trees covering the mountain, and some areas of the mountain are covered with snow. The sky is partly cloudy with blue patches.",A mountainside with a railroad of trains passing. | A train crossing a bridge over water next to some hills.  | A train goes over a bridge in a mountainous area.  | A train following train tracks in the mountains.  | A train crossing of a railroad bridge above water.
000000297442,Qwen3-VL-4B,"The image shows a person standing on a concrete surface, wearing blue sneakers. The person is positioned in front of a skateboard, which is lying on the ground. In the background, there is a building with graffiti on it, and some trees are visible. The scene appears to be in an urban or semi-urban area.","The image shows a close-up view of a person's feet wearing blue sneakers with white laces. The person is standing on a concrete surface, and there is a skateboard lying on the ground next to them. In the background, there is a building with graffiti on its walls, and some trees without leaves, suggesting it might be autumn or winter. The sky is clear, indicating it is daytime.",A person wearing blue shoes riding a skateboard. | Blue sneakers with white shoe laces are touching a skate board. | A person with blue ripped sneakers riding a skateboard | A person in worn out shoes holds down a skate board. | A person in worn out blue sneakers with a skateboard.
000000245102,Qwen3-VL-4B,"The image depicts a snowy scene with a tunnel entrance. The tunnel is illuminated by several lights, and there is a red light at the entrance. The ground is covered in snow, and there are stairs leading up to the tunnel entrance. The overall atmosphere is cold and wintry.","The image depicts a snowy urban environment with a tunnel entrance. The tunnel is illuminated by several bright lights, creating a stark contrast with the snowy ground. The tunnel entrance is marked by a red light, indicating that vehicles should stop. The walls of the tunnel are lined with metal panels, and there is a staircase leading up to the tunnel entrance. The surrounding area is covered in snow, and there are no visible people or moving vehicles. The overall scene suggests a cold, wintry night in an urban",A bright red light that is on the side of a snow covered street. | A snow covered ramp in a parking garage | A light shines over a canopy on a snow covered sidewalk. | The entrance and exit to a snowy parking garage. | it is snowing near a staircase and some walls with a light
000000191845,Qwen3-VL-4B,"The image depicts a busy street scene with numerous people walking across a crosswalk. Many of the pedestrians are holding umbrellas, suggesting that it might be raining or drizzling. The umbrellas come in various colors, adding a vibrant touch to the scene. Some people are carrying shopping bags, indicating they might be out for shopping or running errands. The crosswalk is clearly marked with yellow lines, and there are several traffic lights visible in the background, ensuring the safety of the pedestrians as they cross","The image depicts a busy street scene with numerous pedestrians crossing a crosswalk. Many of the pedestrians are holding umbrellas, suggesting that it is raining. The umbrellas come in various colors, including red, blue, green, and yellow. Some individuals are carrying shopping bags, and a few are pushing strollers. The crosswalk is marked with yellow lines, and there are traffic lights visible in the background. The scene appears to be in an urban area, possibly in a city with a high population",A crowd of people with umbrellas on a street. | A crowd of people crossing a street holding umbrellas. | Crowd of people walking across the street under umbrellas | a crowded street of people all with umbrellas | A group of people crossing a street with umbrellas.
000000295491,Qwen3-VL-4B,"The image depicts a military event or gathering, with several people in military uniforms. The scene includes a buffet table with various food items, and decorations such as American flags and a large eagle statue. The atmosphere appears festive and celebratory, likely related to a military celebration or ceremony.","The image depicts a festive scene, likely at a military event or celebration. Several individuals, dressed in military uniforms, are gathered around a buffet table. The table is covered with a white tablecloth and is adorned with various food items, including cakes, pastries, and other snacks. Decorative elements such as American flags and a large, blue, eagle-shaped sculpture are visible. The background features festive decorations, including banners and lights, contributing to the celebratory atmosphere.",Military personal serving themselves food at an event. | Soldiers getting food at a patriotic banquet table. | Military personnel holding plates looking for food on tables. | Service men and women attending a buffet for america. | A buffet table filled with desserts being served to military personnel.
000000224104,Qwen3-VL-4B,"A police officer is riding a horse in the middle of a city street. The officer is wearing a helmet and a jacket, and the horse is equipped with a saddle and a bridle. The background features several buildings, including a large one with a red roof, and there are traffic lights and other vehicles on the street.","A mounted police officer is riding a brown horse on a city street. The officer is wearing a helmet and a jacket, and the horse is equipped with a saddle and bridle. In the background, there are buildings with classical architecture, traffic lights, and a few vehicles on the road. The sky is clear and blue.",A man riding on the back of a brown horse down a street. | A cop that is sitting on a horse. | A police officer in uniform and with a helmet riding on the back of a horse at a stoplight. | An officer sits on a brown horse on a city street. | A man in a police uniform sitting on a horse by a traffic light.
000000249623,Qwen3-VL-4B,"A black bear is walking on a dirt path in a forested area. The bear is positioned in the center of the image, with its body facing the right side of the frame. The background features trees and greenery, indicating a natural, wooded environment.","The image depicts a black bear walking on a dirt path in a forested area. The bear is moving towards the right side of the frame, and its fur appears wet, possibly from recent rain or water. The path is surrounded by green foliage and trees, indicating a natural, wooded environment. The ground is covered with small rocks and dirt, and there are some rocks and bushes on either side of the path. The lighting suggests it might be early morning or late afternoon, as the shadows are long",A black bear walking through a path in the woods. | A large black bear walks along a rock covered trail. | A black bear that is walking on a rock pathway. | A large black bear walking down a dirty road. | A bear walks alone on a dirt road in the bush.
000000371890,Qwen3-VL-4B,"A white cat is lying down on the ground, with its body stretched out. The cat is positioned in the foreground of the image, occupying a significant portion of the space. In the background, there is a bicycle, which appears to be parked or stationary. The bicycle is located behind the cat, and its presence adds depth to the scene.","A white cat is lying on the ground, with its body stretched out. In the background, there is a bicycle with a red frame and a black seat. There is also a wooden chair with an orange cushion. The scene appears to be outdoors, possibly in a backyard or garden area.",a black and white cat a chair and some bicycles | A cat lays next to a bike in the back yard. | A cat that is laying on some dirt outside. | a white cat is laying down on the ground | The cat was white and brown  and was going to sleep
000000123842,Qwen3-VL-4B,"The image shows a television screen displaying a scene with animals in a natural setting. The screen is placed on a table or a similar surface, and there is a window with blinds in the background. The animals appear to be grazing or moving through a forested area.","The image shows a television screen displaying a scene with a cow and a calf in a forested area. The cow is grazing, and the calf is standing nearby. The background features trees and foliage, creating a natural setting. The television is placed on a surface, and there is a window with blinds in the background.",A TV with two cows standing in a forest displayed on it's screen. | A television with a man and a bull on the screen. | A television screen has some cows on it. | A television screen displaying a cow in a wooded area. | The television is on and is showing a boy and a bull.
000000282231,Qwen3-VL-4B,"The image shows a man holding a tennis racket, with a background featuring various flags and a banner for Roland-Garros 2013.","The image shows a person holding a tennis racket, standing in front of a backdrop with various flags, including the Union Jack and the French flag. The person is wearing a black t-shirt with a graphic design. The text ""ROLAND-GARROS 2013"" is displayed at the bottom of the image.",A young man in a black tee holding a racquet | A man holding a racket with a banner written underneath him. | A young man holding a tennis racket in his hands. | A young man is holding a tennis racquet. | A young man holding a red tennis racquet.
000000430756,Qwen3-VL-4B,"The image shows a person standing next to a brown horse. The person is wearing a gray shirt and black pants, and they are holding the horse's bridle. The horse has a pink halter and is standing in front of a barn or stable. The scene appears to be set in a rural or equestrian environment.","A brown horse with a white marking on its forehead is being held by a person. The horse is wearing a pink bridle and is tied to a structure. The person is wearing a gray shirt and dark pants, and they are holding the horse's reins. The background appears to be an indoor setting, possibly a stable or barn, with wooden walls and a roof structure visible.",A person brushes a tied up horse.  | A woman with a horse brush in one hand and the other hand on the horse.  | the woman is grooming her horse while it is hitched up | A chestnut horse stands bridled in a barn. | a person and a brown and white horse
000000297349,Qwen3-VL-4B,"The image depicts a group of people standing around a wooden structure, possibly a bus stop or a shelter. There are several suitcases and backpacks placed on the ground, indicating that the people might be travelers or tourists. The scene appears to be outdoors, with a clear sky and some trees in the background. The people are engaged in various activities, such as talking, waiting, or preparing to leave. The overall atmosphere suggests a casual, relaxed environment, possibly at a rural or countryside location.","The image depicts a group of people standing outdoors near a wooden structure, possibly a bus stop or a shelter. There are several suitcases and backpacks on the ground, indicating that the people might be travelers or tourists. The scene appears to be in a rural or semi-rural area, as evidenced by the wooden structure and the surrounding greenery. The people are engaged in various activities, such as waiting, conversing, or preparing to travel. The sky is clear with some clouds, suggesting a",A group of people standing around a pile of luggage. | A bunch of bags sitting in the dirt. | a bunch of people that are leaning on a fence | there are many people standing together y a fence | some people suitcases bags backpacks and a fence
000000067463,Qwen3-VL-4B,"The image shows a large truck on a road, with a crane attached to the back. The truck is driving on a paved road with a white line on the side. The sky is clear with some clouds, and there are trees in the background. The truck appears to be a flatbed truck, and the crane is mounted on the back of the truck.","The image shows a large truck on a road. The truck has a flatbed trailer with a crane on it. The truck is white with some orange and black markings. The road is a two-lane highway with a white line dividing the lanes. There is a red and white sign on the left side of the road, indicating a speed limit or other traffic regulation. The sky is blue with some white clouds, and there are trees on the right side of the road. The truck appears to be",A truck that is sitting in the road. | A truck driving down a street next to a forest. | A large tow truck drives down the street. | A large flatbed truck drives on the street. | A large truck driving down the road near the grass.
000000008612,Qwen3-VL-4B,"The image shows a cow standing in a field under a tree. The cow has long hair and is facing towards the left side of the image. The field appears to be enclosed by a fence, and there are some trees and bushes in the background. The overall scene suggests a rural or farm setting.","The image shows a brown cow standing in a grassy area under a tree. The cow has long, curved horns and a bushy tail. The ground appears to be a mix of grass and dirt. In the background, there is a fence and some greenery, including bushes and trees. The sky is visible through the branches of the tree.",A young alpaca under a tree in the country. | a brown bull is standing in his pen and some trees | A brown four legged animal with horns in the outdoors.  | A steer is standing under a shade tree. | a cow under the shade of a near by tree
000000431655,Qwen3-VL-4B,"The image shows a single red rose in a clear glass vase filled with water. The background is black, which makes the rose stand out prominently. The rose is positioned in the center of the image, with its petals fully bloomed and its stem submerged in the water. The green leaves and stem are visible, adding to the natural beauty of the scene.","The image shows a single red rose with fully bloomed petals, placed in a clear glass vase filled with water. The rose is positioned against a dark background, which contrasts with its vibrant red color. The stem of the rose is partially submerged in the water, and there are a few green leaves visible at the base of the flower. The overall composition is simple and elegant, with the rose being the central focus.",A red rose sitting on a vase filled with water. | A red rose is in a clear vase half-filled with water. | A small clear glass with a pretty red rose. | A large red rose is in a clear vase full of water. | There is a red rose in a clear vase of water.
000000530500,Qwen3-VL-4B,"In the image, there is a person holding a framed picture of two people. The picture is being displayed on a table, which also has a book and a bowl on it. The person is wearing a purple striped shirt, and there is a brown leather couch in the background. The scene appears to be set in a living room.","In the image, a person is holding a framed photograph of two people. The photograph is being viewed by the person, who is standing in a living room setting. The room features a brown leather sofa, a wooden cabinet, and a coffee table with various items on it, including a bowl, a book, and a cup. The person is wearing a purple striped shirt, and the overall atmosphere appears to be cozy and relaxed.",A woman looking over a picture in a frame. | This old picture brings back great memories of when we were dating. | A woman is looking at a picture in a frame. | A woman in a striped shirt holds a picture as she stands near a sofa. | A woman staring at a framed picture in her hands.
000000093893,Qwen3-VL-4B,"The image depicts a charming scene of five teddy bears sitting around a miniature picnic table, enjoying a meal together. The table is adorned with jars of food, and the bears appear to be engaged in a delightful gathering. The setting is simple yet inviting, with the bears and table placed on a wooden surface.","The image shows a small, miniature scene featuring four teddy bears sitting around a wooden picnic table. The table is set with tiny jars and plates, suggesting a mealtime scenario. The bears appear to be engaged in a meal, with some holding jars and others sitting with plates. The table is placed on a green, grass-like surface, which contrasts with the wooden table and the brown floor. The background is a plain white wall.",A group of brown teddy bear sitting at a brown wooden bench. | A group of teddy bears sitting at a table some food. | The teddy bears are posed to sit at the toy picnic table.  | a group of teddy bears sitting at picnic table. | Stuff teddy bears is sitting at a table bench with each teddy bear have a plate of food.
000000068050,Qwen3-VL-4B,"The image depicts a pastoral scene with a group of sheep grazing in a field. The sheep are scattered across the field, with some closer to the foreground and others further in the background. The field is enclosed by a wire fence, and there are trees visible in the distance. The sky is clear with a few scattered clouds, and the overall atmosphere is serene and natural.","The image depicts a pastoral scene with a group of sheep grazing in a field. The field is enclosed by a wire fence, and there are trees in the background under a clear blue sky with a few scattered clouds. The sheep are of different colors, with some appearing to be white and others having darker coats. The grass in the field is green and patchy, with some areas showing signs of wear from the grazing animals. The overall setting suggests a rural or farm environment.",A group of animals that is standing in the grass. | Sheep are standing next to a chain link fence.  | some goats standing around by a fence  | Sheep in a field by the fence on a clear day. | a herd of sheep stand on a grass terrain 
000000506178,Qwen3-VL-4B,"The image shows a person standing in a room, possibly playing a video game or interacting with a virtual interface. The person is wearing a black shirt and jeans, and there is a poster on the wall behind them. The room appears to be well-lit, and there is a bed visible in the background.","The image shows a person standing in a room with a blurred effect, suggesting motion. The person is wearing a black t-shirt with some text and graphics on it, and blue jeans. They appear to be holding a transparent object, possibly a glass or a plastic container, in front of their face. In the background, there is a poster on the wall with some text and images, and a bed with a wooden headboard. The room has a light-colored wall and a ceiling with a light fixture",Blurry image of men in living room playing a stand-up video game. | a guy playing wii in a blurry photo | Blurry photo of a young man playing a video game. | The men are playing video games on the wii together | A man standing in a room with a remote.
000000200231,Qwen3-VL-4B,"The image shows a memorial display on a bench, with various stuffed animals, flowers, and signs. There are several teddy bears and other stuffed animals placed on the bench, along with a bouquet of pink flowers. The bench is adorned with several signs, including one that says ""Boston Strong."" The scene appears to be a tribute to the Boston Marathon bombing victims, with the bench serving as a place for people to leave their tributes and messages of support.","The image shows a wooden bench adorned with various items. On the bench, there are several stuffed animals, including a pink bear, a white bear, a blue bear, and a brown bear. There are also some flowers, specifically pink tulips, placed in a vase. Several handwritten notes and signs are attached to the bench, with messages of support and encouragement. The bench is surrounded by American flags, and there are additional signs and notes placed around the area. The overall scene appears to be a",A bench with a bunch of stuffed animals and other items on it | a bench that has a bunch of teddy bears and flowers on it | Teddy bears and flowers are in the memorial. | A bench with memorial bears and flowers on it. | Gifts are left on a bench along with flags and letters.
000000476300,Qwen3-VL-4B,"The image depicts a rural scene with three elephants. One elephant is walking on a dirt path, another is standing in a grassy field, and the third is partially visible in the foreground. The setting appears to be a natural environment, possibly a farm or a wildlife reserve.","The image depicts a rural setting with a group of elephants. One elephant is walking on a muddy path, while another is standing in a grassy field. There are also several other elephants in the background, some of which appear to be in a fenced area. The landscape includes a mix of greenery and dirt, with some trees and bushes visible in the background. The scene suggests a natural habitat or a sanctuary for elephants.",Several elephants walking in the dirt near grass.  | Four elephants are standing in an open space. | Several elephants are walking up a dirt hill. | A herd of elephants walking across a dirt field. | several elephants roam an open field of grass and dirt 
000000125242,Qwen3-VL-4B,"The image shows a half-eaten pizza with two different toppings on a wooden table. The pizza is placed on a paper plate, and there is a keyboard visible in the background.","The image shows a partially eaten slice of pizza on a wooden table. The pizza has two different toppings: pepperoni and a combination of chicken and green vegetables. The slice is placed on a white paper plate, and there is a piece of white paper underneath the pizza. In the background, there is a partial view of a computer keyboard.",there are two slices of different pizzas on a paper plate | Two slices of different kinds of pizza are on a plate. | There is a piece of pepperoni pizza and a piece of sausage pizza. | A plate of two different types of pizza slices on a table | Two different slices of pizza with tissue paper under it on a paper plate.
000000327917,Qwen3-VL-4B,"The image shows a person kiteboarding on a body of water, with a kite in the sky above them. There are also other kites visible in the distance. The sky is partly cloudy, and the water appears calm. The scene is set in a coastal area with some grass and mud in the foreground.","The image depicts a coastal scene with a body of water in the foreground and a cloudy sky above. There are three kite surfers visible in the water, with their kites in the air. The water appears calm, and there is some vegetation, possibly grass or reeds, along the shoreline. The sky is filled with clouds, suggesting overcast weather.",A para-sailor on the water one sunny day. | A person out in the water wind surfing.  | Wind surfer riding on a large green kite in the water.  | A man kiteboarding over the ocean under a cloudy sky. | A couple of birds are flying over the beach
000000064030,Qwen3-VL-4B,"The image shows a group of swans swimming in a body of water. There is one adult white swan in the foreground, and three gray swan babies in the background. The water appears calm, and the swans are spread out across the scene.","The image shows a group of swans in a body of water. In the foreground, there is a white swan with a long neck and an orange beak. Behind it, there are three other swans, two of which are partially submerged and appear to be grayish in color, while the third one is partially visible and also grayish. The water is calm, with gentle ripples reflecting the swans. The background is blurred, focusing attention on the swans in the foreground.",A flock of ducks floating on top of a lake. | White goose with young floating on water in daytime. | A family of ducks swimming in the water | A group of ducks and a swan in the water. | An adult swan swimming in the water with a few young ones behind it.
000000229270,Qwen3-VL-4B,"The image shows a man standing in front of a pile of luggage. The luggage includes a large beige suitcase, a black suitcase, and a few other bags. The man is wearing a red scarf and has a serious expression on his face. The background appears to be a green wall, and there are some other people in the background, but they are not the main focus of the image.","A person is standing next to a pile of luggage. The luggage includes a large beige suitcase with a tag, a black suitcase with a tag, and a smaller suitcase with a tag. The person is wearing a red scarf and a green shirt. The background features a green wall.",A man with a scarf is next to a suitcase. | A man near several pieces of luggage.  | A man standing next to several cases of luggage.  | A man sitting next to a pile of stacked suitcases | An oriental man stands beside a cart of luggage being pulled by someone.
000000347688,Qwen3-VL-4B,"The image shows a tennis player in action on a tennis court. The player is wearing a gray shirt, dark shorts, and a cap, and is in the middle of a serve or overhead shot. The tennis ball is visible in the air, and the court is marked with white lines. There is a banner in the background, and the player's name, Stefan Kozlov, is displayed at the bottom of the image.","The image shows a tennis player in action on a tennis court. The player is wearing a gray shirt, dark shorts, and white shoes. They are in the middle of a serve, with their racket raised high and a tennis ball in mid-air. The court is a hard court with a green surface. In the background, there is a fence and a banner with some text and images on it. The image is credited to Stefan Kozlov.",A person hitting a tennis ball with a racquet. | A person is jumping and stretching holding a tennis racket. | a person playing tennis and stretching to reach the ball | tennis playing reaching to get the ball on the court | Man in blue shorts and grey shirt swinging at a tennis ball. 
000000268215,Qwen3-VL-4B,"The image shows a plate of food consisting of a piece of grilled chicken, a serving of wild rice, a side of mixed vegetables (including carrots and green beans), and a lemon wedge. The plate is placed on a wooden table.","The image shows a plate of food consisting of a piece of grilled chicken, a serving of wild rice, a side of mixed vegetables (including green beans and carrots), a slice of lemon, and a pat of butter. The plate is white with a blue rim and is placed on a wooden surface.","A glass plate that has food on it sitting on a table. | a plate with some chicken and vegetables on it  | a white and blue plate with rice chicken and some vegetables | A plate of food on a table  | string beans and carrots cooked together, rice with a piece of fish and a slice of lemon"
000000148329,Qwen3-VL-4B,"A man is brushing his teeth while wearing a red shirt with the word ""COUGARS"" on it. There are several cars in the background, and a container is visible on the left side of the image.","A man is brushing his teeth outdoors. He is wearing a red t-shirt with the word ""COUGARS"" on it. In the background, there are trees and a car. There is also a container with a label on it, possibly containing food or other items.",A man holding a tooth brush up to his face. | Man in red shirt eating something that is green. | A man brushing his teeth outside his car. | This man is outside on a sunny day next to his car. | A man with eyeglasses seated and a car behind him
000000411968,Qwen3-VL-4B,"The image depicts a bathroom with a sink, mirror, and various toiletries. There are two rolls of toilet paper, one on the counter and another on the floor. A picture frame is hanging on the wall, and a shower curtain is visible in the background. The bathroom has a modern design with a black countertop and wooden cabinets.","The image depicts a bathroom setting. There is a sink with a black countertop, a mirror above it, and a towel rack with white towels. Below the sink, there is a wooden cabinet with a roll of toilet paper and a box of tissues. The wall is covered with brown wallpaper, and there is a framed picture on the wall. The bathroom also has a shower area with a curtain and a shower head.","A clean bathroom is pictured in this image. | A bathroom counter with a white sink inside of it. | a bathroom with a black counter and a big mirror | A black topped sink and mirror in a bathroom. | A motel style bathroom vanity, sink, mirror and toilet."
000000511724,Qwen3-VL-4B,"The image shows a group of elephants in an outdoor setting, possibly a zoo or a wildlife sanctuary. There are three adult elephants and one baby elephant. The adult elephants are standing close to each other, with the baby elephant nestled between them. The background features trees and a fence, indicating a controlled environment. The elephants appear to be in a naturalistic enclosure, with rocks and grass visible in the foreground.","The image shows three adult elephants and a baby elephant in an outdoor setting, likely a zoo or a wildlife sanctuary. The elephants are standing on a raised platform with a wire fence in front of them. The adult elephants are positioned in the background, with one facing the camera and another looking to the side. The baby elephant is in the foreground, standing close to the adult elephants. The background features trees and greenery, suggesting a natural environment. The ground is covered with grass and small plants.",A family of elephants standing next to each other. | A group of elephants standing inside a pin | 3 adult elephants stand with a baby elephant behind a fence. | Three large elephant and one baby elephant in a zoo enclosure. | Three elephants surround a calf behind a fence.  
000000284641,Qwen3-VL-4B,"The image shows a small white dog lying on a bed with a stuffed animal. The dog is wearing a striped shirt and appears to be relaxed. The bed has a white sheet, and there is a black bag in the background.","A small, white, curly-haired dog is lying on a bed, wearing a striped shirt with a pink and blue design. The dog is positioned with its legs and arms spread out, resembling a star shape. Next to the dog, there is a brown stuffed animal, possibly a teddy bear, lying on its back. The bed has a white sheet, and there is a black object, possibly a bag, in the background.","An adorable white dog laying on top of a bed in a shirt holding a teddy bear. | a dog that is wearing a shirt and has a teddy bear | A dog laying on a bed with a stuffed animal | A small dog wearing a t shirt sits next to a bear. | A small, white dog laying on a bed with a stuffed toy."
000000575970,Qwen3-VL-4B,"The image depicts a modern kitchen with a wooden island in the center. The kitchen features a refrigerator on the left side, a sink in the middle, and various shelves and cabinets around the room. There are also several stools placed around the island, and a vase with flowers on the counter. The overall design is contemporary and functional, with a warm and inviting atmosphere.","The image depicts a modern kitchen with a wooden floor and a large island in the center. The island has a wooden countertop and is equipped with a sink and a cutting board. On the island, there are several items including a vase with flowers, a bowl, and a cutting board. The kitchen is well-lit with overhead lights and has a window with blinds. On the left side, there is a refrigerator with various items attached to it, including magnets and papers. The kitchen also features wooden",The living room is nicely cleaned and organized. | A neatly arranged room with two lights.  | Three bar stools in a kitchen with a black refrigerator. | A sleek modern kitchen with pale oak floors and open cabinets and an island with stools. | A counter stands in the center of a kitchen.
000000498535,Qwen3-VL-4B,"The image shows a baseball player wearing a blue Mets uniform, holding a baseball glove and standing on a field. The player appears to be in a defensive stance, ready to catch or field the ball.","A baseball player is wearing a blue Mets uniform with white pinstripes, a blue cap, and a brown baseball glove. He is standing on a grassy field, and there are blurred figures in the background, suggesting other people or spectators.",A base ball player wearing a catchers mitt. | A baseball player crouching with a crowd behind him. | A man wearing hat and a baseball glove. | New York Mets baseball player playing the game waiting for the ball. | A baseball player in a blue jersey standing ready with a catcher's mitt
000000007260,Qwen3-VL-4B,"The image depicts a tennis match taking place on a grass court. There are two players on each side of the net, with spectators watching the game. The court is surrounded by a green fence, and there are trees and a building in the background. The players are dressed in white tennis attire, and the match appears to be taking place during the day.","The image depicts a tennis match taking place on a grass court. There are four players on the court, two on each side, engaged in a doubles match. The players are dressed in white tennis attire. The court is surrounded by a green fence, and there is a crowd of spectators watching the match. In the background, there are trees and a large green tent structure, possibly providing shade or shelter for the spectators. The sky is overcast, suggesting it might be a cloudy day.",women on a tennis court playing a game of tennis  | Four people compete in a doubles tennis match. | four people on the tennis court playng a doubles match  | There are people playing a game of tennis. | Four people playing tennis on a tennis court with onlookers.
000000522613,Qwen3-VL-4B,"The image shows a giraffe standing in a natural setting with trees and bushes in the background. The giraffe is positioned in the center of the frame, and its long neck and distinctive coat pattern are clearly visible. The surrounding environment appears to be a mix of greenery, suggesting a habitat that is likely to be found in a savannah or a similar ecosystem.","The image shows a giraffe standing in a natural setting with trees and bushes in the background. The giraffe has a long neck and a patterned coat with brown patches separated by lighter lines. The ground appears to be covered with grass and some fallen branches. The trees have a mix of green leaves and some bare branches, indicating a possibly mixed forest environment.",A tall giraffe standing in a forest on a grassy ground. | The giraffe is a tall a the tree trunks near to it. | A brown and white giraffe is standing among the trees. | Lone giraffe standing in grass facing the camera. | A giraffe standing upright near a group of trees.
000000281725,Qwen3-VL-4B,"The image shows a person snowboarding down a slope, with other people in the background also engaged in snowboarding and skiing. The main snowboarder is wearing a red jacket and white pants, and is in the foreground, while other individuals are scattered along the slope, some closer to the top and others further down. The scene is set against a backdrop of trees and ski lifts, indicating a ski resort environment.","The image depicts a snowy slope with several people engaged in winter sports. In the foreground, a person is snowboarding, wearing a red and white jacket, white pants, and a helmet. They are in motion, with their arms extended for balance. In the background, there are other individuals, some on skis and others on snowboards, also in motion. The scene includes ski lifts and trees, indicating a ski resort environment. The sky is overcast, and the overall atmosphere is cold and",A man riding a snowboard over a snow covered slope. | There are snowboarders and skiers on a slope | Skiers and snowboarders on a snowy slope near a ski lift. | a person riding a snow board on a snowy slope | a man in a red jacket going down the hill on a snowboard
000000097599,Qwen3-VL-4B,"The image shows a steam train traveling down a track in a rural area. The train is emitting smoke as it moves, and there are several passenger cars attached to the locomotive. The surrounding landscape includes greenery and trees, indicating a countryside setting.","The image depicts a steam locomotive train traveling on a railway track. The train is emitting a large plume of white smoke, indicating it is in operation. The locomotive is black and red in color, and it is pulling several passenger carriages. The surrounding environment includes a grassy field and a line of trees in the background, suggesting a rural or countryside setting. The sky is overcast, giving the scene a somewhat muted lighting.","A train is traveling down the train tracks during the day. | A photo of a steam engine train going by. | A vintage train is going down the tracks, | A train with steam pouring out of it's engine through a rural country side. | A black, steam locomotive pulling many train cars behind it."
000000127068,Qwen3-VL-4B,A person is holding a surfboard with a logo on it.,"A person is standing with their back to the camera, holding a surfboard. The surfboard has a wooden texture and a black logo on it. The person is wearing a white shirt. The background appears to be an outdoor setting with some indistinct structures.",A man holds a surfboard at the beach. | A man looking at a wooden surf board. | Young man peers at his wooden surfboard on the beach. | A dark haired man holding a wooden surfboard. | A man examines a surf board that has a label on it.
000000248382,Qwen3-VL-4B,The image shows a woman sitting on a bench in a park. She is wearing an orange traditional outfit with a beige scarf and black shoes. The background features greenery and some trees.,"A woman is sitting on a bench in a park. She is wearing an orange traditional outfit with a beige scarf and black and white shoes. The bench is made of wood, and there are green bushes and trees in the background. The ground is covered with leaves.",A woman in orange sari on a park bench. | A woman sitting on a wooden bench outside. | a close up of a person sitting on a bench outdoors | A woman sitting on a bench wearing an orange dress. | A woman in orange is sitting on a bench.
000000109055,Qwen3-VL-4B,"A cat is sitting between two bicycles, with its head and upper body visible. The cat appears to be yawning or meowing, and it is positioned in a way that it is partially obscured by the spokes of the bicycle wheels. The bicycles are parked on a concrete surface, and there is a building in the background.","A cat is sitting on the ground between two bicycles. The cat appears to be yawning or meowing. The bicycles have visible spokes and tires, and one of the bicycles has a red frame. The setting seems to be outdoors, possibly on a sidewalk or patio area.",A cat sitting between two bikes  sitting next to each other. | A cat that is sitting in between bikes. | A cat with its mouth opened sitting between some bikes. | Cat sitting on the ground between bikes showing its teeth. | a cat sitting next to a bunch of bikes parked next to each other
000000100801,Qwen3-VL-4B,"The image shows a tennis player on a court, holding a towel and a racket. There are several spectators in the background, and the court is surrounded by advertisements for Emirates Airline and Panasonic.","The image depicts a tennis match in progress on a blue hard court. A male tennis player is standing on the court, holding a towel over his shoulder and a tennis racket in his hand. He is wearing a white and red shirt, black shorts, and a white headband. The net is visible in the foreground, and the background shows a crowd of spectators in the stands. The court is surrounded by advertisements for Emirates Airline and Panasonic. Another person, possibly a ball boy or a line judge",A tennis player is biting his towel as he walks to the back of the court. | A man with a racket walks on a court with a towel. | A tennis player is biting his towel while on court.  | A man on a tennis court chewing on a towel and holding a racquet. | a blue and green pro tennis court and a tennis player
000000146509,Qwen3-VL-4B,"The image depicts the exterior of a teddy bear shop. The shop has a brick exterior with a sign that reads ""TEDDY BEARS."" The shop window displays various teddy bears and other items, and there is a large teddy bear standing outside the shop. The shop also features decorative elements such as a clock and a decorative window.","The image shows the exterior of a brick building with a sign that reads ""TEDDY BEARS."" The building has a large window display filled with various teddy bears and other stuffed animals. A large teddy bear, dressed in a hat and a vest, stands outside the building, leaning against the wall. The building has a traditional architectural style with a brick facade and a white window frame. There is also a small awning over the entrance, and the building appears to be located in a commercial",The front of a business that sells teddy bears. | A store building with stuffed bears in the window. | A large teddy bear standing next to a window filled with stuffed bears in front of a building. | A giant teddy bear stands in front of a teddy bear store. | an orange brick building with a window and a big mascot 
000000256031,Qwen3-VL-4B,"A person in a wetsuit is surfing on a wave in the ocean. The surfer is riding a yellow surfboard, and the background shows a coastal area with buildings and a fence. The scene is captured during the day, with the sun casting a warm glow over the water.","A person in a wetsuit is surfing on a wave in the ocean. The surfer is crouched down on a yellow surfboard, with one arm extended for balance. The water is splashing around the surfer, indicating movement and the force of the wave. In the background, there are buildings and a fence, suggesting this is near a coastal area or a beach. The sky appears to be clear, suggesting it is daytime.",A surfer is depicted riding a wave on a surf board. | A man carves a wave on his surf board | a man that is surfing on some body of water | A surfer is surfing the waves in the ocean.  | a person riding a surf board on a wave 
000000264769,Qwen3-VL-4B,"The image shows a person sitting on a couch with a blue tin, a pair of scissors, and a pair of pliers on a table in front of them. The person appears to be engaged in some sort of crafting or sewing activity, as there are various materials and tools visible in the background.","The image shows a close-up of a dark blue cylindrical container with a lid, placed on a black surface. Next to the container, there are a pair of scissors and a pair of pliers. In the background, there is a person wearing a light pink top and dark pants, sitting on a couch with some blue and red fabric items. The person appears to be engaged in some sort of crafting or sewing activity.",A couple pairs of scissors and a person sitting. | Some scissors and pliers that are on a table together. | A black leather mat with pliers and scissors on it. | A woman using yarn scissors and needle nose pliers for her project. | A pair of scissors and pliers sit on a surface.
000000569997,Qwen3-VL-4B,"The image shows a wooden entertainment center with a large flat-screen TV mounted on top. Below the TV, there are various electronic devices, including a DVD player, a game console, and a sound system. The setup includes several remote controls and cables, indicating a well-equipped home entertainment system.","The image shows a wooden entertainment center with various electronic devices and accessories. On the top shelf, there is a large flat-screen television, likely a Toshiba model, with a remote control and a game controller placed in front of it. Below the TV, there are several electronic components, including a DVD player, a game console, and a stereo receiver. The center of the shelf has a keyboard and a game controller. The bottom shelf contains additional electronic devices, including a game console and a speaker. The","The television stand has many remotes and electronics on it. | A tv stand features a tv, gaming console and many other electronics. | The television in the room is turned off. | An entertainment unit with a flat screen TV, various electronics, and remote controls. | A television that is sitting on an entertainment stand."
000000197792,Qwen3-VL-4B,"The image is a black and white photograph featuring a teddy bear and a crucifix. The teddy bear is sitting on top of the crucifix, which is placed on a table. The background includes a box and some other objects, but the focus is on the teddy bear and the crucifix. The overall mood of the image is somewhat somber and reflective.","The image shows a black and white photograph featuring a small, plush teddy bear sitting on a table. The teddy bear is light-colored and appears to be made of a soft, fuzzy material. In front of the teddy bear, there is a metal crucifix with a figure of Jesus Christ on the cross. The crucifix is ornate with intricate designs and patterns. Behind the teddy bear and the crucifix, there is a box with the text ""Photo"" visible on it,",A black and white photo of a teddy bear holding a cross. | A stuffed teddy bear holding a crucifix in its paws. | A teddy bear is siting holding a cross. | A small stuffed bear holding a crucifix with Christ. | A teddy bear that is holding a cross.
000000322177,Qwen3-VL-4B,"A person is lying on the snow with a snowboard attached to their feet. They are wearing a blue and white jacket, black pants, and black gloves. The snowboard is orange and black.","A person is lying on the snow with a snowboard attached to their feet. The person is wearing a blue and white jacket, black pants, and black gloves. The snowboard is orange and black. The person appears to be smiling and looking towards the camera. The snow-covered ground is smooth and undisturbed.",The snowboarder is laying on the snow with his board in the snow. | A snowboarder is laying in the white snow. | A snowboarder lies on his back on some hard packed snow. | an image of a man lying in the snow going thru a snow bank | THERE IS A BOY WHO IS ON A SNOW BOARD 
000000191226,Qwen3-VL-4B,"A person is surfing on a wave, wearing a red and black wetsuit. The surfer is positioned in the middle of the image, with the wave behind them.","A person in a red and black wetsuit is surfing on a wave. The surfer is crouched down on a white surfboard, with their arms extended for balance. The wave is breaking behind the surfer, creating a splash of water. The ocean is a deep blue color, and the sky is not visible in the image.",A man surfing on a surf board in the ocean. | A man in a wet suit riding a wave on a surfboard. | A man rides his surfboard on the waves. | a man that is surfing on a wave in water | A surfer rides a wave in this Michael L. Baird photo.
000000248087,Qwen3-VL-4B,"The image shows a green bus with the words ""AIR BUS"" written on it. The bus appears to be carrying a large amount of cargo on its roof, including boxes and other items. The bus is parked on a road, and there is a fence in the foreground. The sky is overcast, and there are some trees and buildings in the background. The bus has a unique design with a large green color and some text and logos on it.","The image shows a green bus with the words ""AIR BUS"" and ""AIR BUS"" written on it. The bus is parked on a road, and there is a large amount of cargo, including boxes and what appears to be greenery or plants, loaded on top of the bus. The bus has a sign that reads ""AIR BUS"" and ""AIR BUS"" again, and there is a yellow sign on the back of the bus with some text. The bus is parked in front of a",Bus driving along loaded with packages and bags on the luggage rack on the roof. | A green bus loaded with a lot of items on the top. | A bus rides across the distance of a big field | a commuter bus drives down a street with some stuff on top of it  | a green bus with peoples belongings on top
000000475889,Qwen3-VL-4B,"The image depicts a group of people gathered around a table, preparing and serving food. There are several hot dogs, buns, and condiments on the table, indicating a casual gathering or picnic. The people are actively engaged in the process of making and serving the food, with some wearing red shirts. The scene appears to be set in an outdoor environment, possibly a park or a similar location.","The image depicts a group of people gathered around a table under a tent, preparing food. The table is covered with various items, including hot dogs, buns, condiments, and cooking utensils. There are at least six people visible, with some wearing red shirts and others in different colored clothing. The setting appears to be outdoors, possibly in a park or a similar open area, with trees and a clear sky in the background. The people are engaged in the process of cooking and serving food",A group of people gather near a table with food. | Many people are fixing plates at a picnic table. | A group of people under a tent getting some food. | A group of people with food out on a table. | People standing around preparing hot dogs at gathering.
000000460049,Qwen3-VL-4B,"The image shows a train traveling on a railway track surrounded by lush greenery and trees. The train is yellow and appears to be moving through a scenic, natural landscape. The railway track is bordered by a gravel path and is set against a backdrop of dense foliage and hills.","The image depicts a scenic railway track surrounded by lush greenery. The track is bordered by dense foliage, including trees and bushes, creating a natural landscape. The railway is elevated, possibly on a bridge or embankment, and runs alongside a body of water, which appears to be a river or a stream. The sky is clear, suggesting a sunny day. In the distance, a yellow train is visible, traveling along the track. The train is moving away from the viewer, and the track",A train moving on a remote area with a river flowing next to the railway. | A train approaches down a track going through the forest. | a yellow train going around a curve past some trees  | A yellow train moves through a heavily forested area. | A train on a curved track near trees and shrubs.
000000235621,Qwen3-VL-4B,"The image shows a person sitting on rocks by the water, holding a surfboard. The person appears to be taking a break or enjoying the view of the ocean.","A person is sitting on a rocky surface by the water, holding a surfboard. The person is wearing a hoodie and shorts, and there is a backpack next to them. The water appears calm, and the scene is set in a coastal area.",A person sitting on rocks near the water holding a surfboard. | A guy carrying a surfboard and wearing a backpack. | A person with a backpack with on some rocks with a surfboard. | A woman sitting on a large rock looking out at the water. | A woman is looking into the water ready to go surfing
000000046650,Qwen3-VL-4B,"A banana is placed on a record player, with the needle positioned over the banana.","A ripe banana is placed on a black vinyl record on a turntable. The record has a label with the text ""EMI"" and other information. The turntable arm is positioned over the record, suggesting it is ready to play. The background is a dark, solid color.",A banana sitting on top of a black record. | A record player with a banana on a record | A vinyl record on a record player with a banana on top. | A ripe banana atop a vinyl phonograph record on a turn table. | A banana is taking a ride on a turntable.
000000086951,Qwen3-VL-4B,"The image shows a computer workstation setup with three monitors, a keyboard, a mouse, and a speaker system. The monitors are arranged in a horizontal row, with the central monitor being a Dell model. The setup includes a variety of electronic devices, indicating a well-equipped workspace.","The image shows a computer workstation setup on a glass desk. There are three computer monitors arranged in a horizontal row. The leftmost monitor displays a space-themed wallpaper, the middle monitor shows a similar space-themed wallpaper, and the rightmost monitor displays a desktop with various icons and a space-themed wallpaper. Below the monitors, there is a speaker system with two speakers, a white keyboard, and a mouse on a mouse pad. To the left of the keyboard, there is a white audio receiver. The","Three computer monitors, a phone and a key board sit on a desk. | A computer station with triple monitors, keyboard and mouse. | Three computer screens that are on a desk. | Three monitors sitting on top of computer equipment. | Computer with three monitors set up on a desk"
000000260307,Qwen3-VL-4B,"The image shows a street scene with a traffic light hanging from a pole, a street sign indicating ""One Way"" and ""Park Av,"" and a bridge in the background. The sky is clear, and there are trees with bare branches.","The image shows a street scene with a focus on a pole with various street signs. The signs include ""One Way"" and ""Park Av."" There is also a no parking sign with a red circle and a yellow traffic light hanging from the pole. In the background, there is a bridge structure with a series of windows and a clear blue sky with some tree branches visible. The sun is shining brightly, casting a lens flare effect on the right side of the image.",Some street signs near a big bridge overpass. | A pole with four street signs and a crosswalk light. | a street pole with signs and lights on it | A group of street signs next to bridge in city. | A variety of signs are displayed on a pole.
000000040317,Qwen3-VL-4B,"A skier is descending a snowy slope, wearing a blue jacket and black pants. The skier is holding ski poles and is positioned between two trees covered in snow. The background features a snowy landscape with a clear sky.","A person is skiing down a snow-covered slope. The skier is wearing a blue jacket, black pants, and a helmet. The slope is surrounded by snow-covered trees, and the sky appears overcast. The skier is in a crouched position, indicating they are in motion.",The skier is going down the snow covered hill.  | A skier wearing a helmet comes down a hill. | A skier in the snow skiing by the trees.   | A skier maneuvers around trees on a snowy mountain top | The skier is coming down the snowy mountain.
000000003217,Qwen3-VL-4B,"The image depicts a wooden bench situated in a natural outdoor setting, surrounded by greenery and trees. The bench is placed on a dirt path, and there are leaves scattered around it. The scene appears to be in a forest or wooded area, with sunlight filtering through the trees, creating a serene and peaceful atmosphere.","The image shows a wooden bench situated in a natural outdoor setting. The bench is made of two sturdy logs, one for the seat and another for the backrest, placed on a patch of dirt. The ground around the bench is covered with fallen leaves and small twigs, indicating a forested or wooded area. The background features green foliage and trees, suggesting a lush, natural environment. The bench appears to be in a quiet, secluded spot, possibly along a trail or path.",A wooden bench on the ground next to some trees. | A wooden bench on a dirt path with trees and bushes around the pathways. | A wooden bench is sitting in the middle of the forest.  | A single bench off of the side of a dirt path in the woods. | A wooden bench sits beside the forest trail.
000000313214,Qwen3-VL-4B,"The image depicts a lively beach scene with numerous kites flying in the sky. The beach is filled with people enjoying the day, and the cityscape in the background adds to the vibrant atmosphere.","The image depicts a sunny day at a beach with a clear blue sky. Numerous colorful kites are flying high in the sky, with some closer to the foreground and others further away. The beach is populated with people engaged in various activities, including flying kites, walking, and sitting. The background features a coastal town with buildings and a few trees. The overall scene is vibrant and lively, capturing the essence of a day at the beach.",A group of people flying kites at the beach. | people on a sandy beach flying multi-colored kites | People flying high kites on beach with city background | People together on a beach flying several kites. | Several people on a beach flying their kites.
000000123677,Qwen3-VL-4B,"The image shows a group of people toasting with glasses of wine and beer. There are at least four glasses visible, with one containing beer and the others containing wine. The setting appears to be a casual gathering, possibly in a living room or a similar environment. There are also some electronic devices and a plant in the background.","The image shows a group of people toasting with glasses of different beverages. There are at least four glasses visible, each containing a different type of drink. One glass appears to be filled with a clear, bubbly liquid, likely beer, while another contains a yellowish liquid, possibly wine or a cocktail. The glasses are being held up in a celebratory gesture. In the background, there is a shelf with various items, including a radio, a small speaker, and some books. There is",A group of people holding up wine glasses. | A number of people making a toast holding beverage glasses. | Four people are gathered together drinking wine.  | A group of mature people celebrate with wine.  | Four glasses of wine being brought together by people.
000000246105,Qwen3-VL-4B,"In the image, there is a man and a woman standing in front of a table. The man is wearing a white shirt, and the woman is wearing a patterned dress. They are both cutting a white cake on the table. The table is placed in front of a wall with wooden barrels, and there are several wine bottles on the table. The woman is holding a knife, and the man is assisting her. The scene appears to be set in a wine cellar or a similar environment.","A man and a woman are standing in front of a table. The man is wearing a white shirt, and the woman is wearing a patterned dress. On the table, there are three bottles of wine and a white cake. The background features a brick wall and large wooden barrels.",A man and a woman cut a cake together. | The couple is cutting their wedding cake together. | Two people cut a cake on a table | A man and woman cutting a cake and smiling. | a woman is standing over a white cake
000000152103,Qwen3-VL-4B,"The image depicts a bedroom with a bed that has a metal frame and a floral bedspread. A small dog is sitting on the bed, and there are various items around the room, including a lamp, a picture frame, and a clock. The room also features a window with shutters and a small dog standing on the bed.","The image depicts a bedroom with a bed that has a metal frame with a decorative design. The bed is covered with a floral bedspread and has a blue pillow and a purple blanket. A small dog is standing on the bed, wearing a harness. The room has various decorative items on the walls, including dream catchers, a framed picture, and other wall hangings. There is a window with white shutters and a lamp with a unique design on the wall. The room also has a small",White dog sitting on a unmade bed with blue sheets. | a dog standing on a bed in a bed room | A bedroom with a lot of dream catchers and a dog sitting on the bed. | Small white dog standing on an unmade bed. | A dog standing on a bed with a harness on.
000000415646,Qwen3-VL-4B,"The image depicts a cozy bedroom with a sloped ceiling. There is a bed with a colorful bedspread and a pink pillow, along with a small stuffed animal. The room also features a desk with a computer monitor, a chair, and various items on the desk. A window with a curtain allows natural light to enter, and there are shelves with books and other decorations. The overall atmosphere is warm and inviting.","The image depicts a cozy, attic-style bedroom with sloped walls and a window letting in natural light. The room contains a bed with a colorful bedspread and a pink pillow, a small table with a laptop and a few items on it, a chair, and a desk with a computer monitor. There are shelves on the wall with various items, including books and decorative objects. A clock is mounted on the wall, and a small dog figure is on the bed. The room has a warm,",An attic bedroom with a bed and a couch. | A bedroom filled with two beds and lots of furniture. | A large living room with several items in it. | An attic bedroom for two is well lit. | A bedroom with slanted ceilings is illuminated by sunlight.
000000519755,Qwen3-VL-4B,"The image shows a female tennis player in action on a tennis court. She is wearing a light blue sleeveless dress, a white visor, and white tennis shoes. The player is holding a tennis racket and appears to be in the middle of a swing, likely returning a shot. The court has a green surface, and there is a banner in the background with some text on it.","A female tennis player is on a green tennis court, wearing a light blue sleeveless dress, a white visor, and white tennis shoes. She is in the middle of a forehand swing, holding a tennis racket with both hands. The court has white text on it, and there are advertisements in the background.",Strength in a tennis match can prove successful. | A female tennis player begins to hit the ball with her racket | A female tennis player sets up to strike a ball. | A woman on a tennis court in mid-stride with her racquet back. | A woman taking a swing at a  tennis ball
000000402357,Qwen3-VL-4B,An elephant is walking in an enclosure with a rock wall and a ladder-like structure in the background.,An elephant is walking on a concrete surface in an enclosure. The enclosure has a rock wall and a metal structure in the background. There are some rocks and plants visible in the background. The elephant appears to be in a zoo or a similar environment.,An elephant in a zoo walks toward the camera.  | An elephant with tusks walks on concrete and rocky walls and boulders are near him. | A captive elephant stands in the sunshine as it looks at the camera in the zoo.  | A medium sized elephant walking in his enclosure | A gray elephant is standing in a zoo enclosure.
000000528462,Qwen3-VL-4B,A man is swinging a bat at a baseball on a field.,"A man is swinging a baseball bat at a baseball on a field. He is wearing a gray t-shirt, brown shorts, and white shoes. There is a chain-link fence in the background, and several people are watching the game. The field appears to be a baseball diamond with a dirt area and a grassy area in the background.",People are watching a man swing at an approaching baseball.  | A young man is taking practice swings on the field.  | A man swinging a bat at a ball. | A man batting barely delivering hit to ball | A man hits a baseball with a bat while a group of spectators watch him
000000008899,Qwen3-VL-4B,"The image depicts a run-down urban scene with a red brick building featuring graffiti on its shutters and windows. The building has a green fire escape and a green door. There is a fire hydrant in front of the building, and a tree is growing on the sidewalk. The overall atmosphere suggests a neglected or abandoned area.","The image depicts the front of a red brick building with a green awning. The building has two closed metal shutters, one on the left and one on the right, both covered in graffiti. There is a green fire escape on the side of the building. The ground level has a green door with graffiti on it, and there is a small tree in front of the building. A red fire hydrant is located on the sidewalk in front of the building. The building number ""122","A red brick building with a graffiti covered front. | A graffiti-ridden building in an urban setting, a fire hydrant at curbside. | The building in the city has been vandalized. | A fire hydrant on the side of the street. | a red bricked building with a green door and graffiti"
000000070125,Qwen3-VL-4B,"The image shows a street sign pole with multiple street signs attached to it. The signs indicate the names of streets and avenues, including ""Fifth Ave"" and ""Second St."" The pole is located in an outdoor setting, possibly in a residential or commercial area.","The image shows a street sign pole with multiple signs attached to it. The signs indicate street names and directions. The signs are in different languages, including English and German. The pole is made of metal and is mounted on a concrete base. The background is a clear blue sky with a building partially visible at the bottom of the image.",A metal pole with a bunch of street signs hanging from the side of it. | a pole that has a bunch of street signs on it | There are many street signs on the pole. | a pole with some sign coming out the side of it  | a couple of street signs are on a pole above a street
000000140513,Qwen3-VL-4B,"The image depicts a savannah landscape with three zebras standing in the grassy field. The background features a dry, arid environment with scattered trees and bushes. The zebras appear to be grazing and interacting with each other in their natural habitat.","The image depicts a savanna landscape with dry, brown grass and scattered green bushes and trees. There are three zebras visible in the scene. One zebra is standing in the foreground, facing the camera, while the other two are further back, with one slightly to the left and the other to the right. The background features a hilly terrain with sparse vegetation.","Three zebras standing in the middle of a plain in the wild. | A pack of zebra standing on a dry grass field next to green trees. | Three zebras trying to graze but not much is green. | Three young zebras roam a dusty grassy field. | Three zebras graze in a field, staying alert for predators."
000000513971,Qwen3-VL-4B,"The image shows a cat sitting on a windowsill in front of a window with shutters on either side. The window has curtains hanging inside, and there is a decorative item hanging from the curtain rod. The cat appears to be looking out of the window.",A cat is sitting on a windowsill in front of a window with open shutters. The window has a curtain with a patterned design. There is a small object hanging from the curtain rod inside the window. The wall outside the window is light-colored.,A cat is sitting outside on the ledge of a window. | A cat sits on a ledge on the outside of a building. | a small cat sits in front of a window  | The cat is precariously balanced on the  ledge outside the bedroom window. | A cat sits outside a window behind which some large black cats are eating.
000000032909,Qwen3-VL-4B,"The image shows a collection of cow figurines arranged in a row. The cows are black and white with distinctive spots, and they appear to be made of a material that gives them a glossy, almost plastic-like appearance. The cows are positioned in a way that they are facing the same direction, and they are placed on a surface that seems to be a display or a shelf. The overall scene gives the impression of a display or collection of cow figurines, possibly for decorative or educational purposes.","The image shows a series of black and white cow figurines arranged in a row. Each cow has a distinctive pattern of black spots on a white background. The cows are positioned in a way that their heads are facing downward, as if they are grazing. The background appears to be a light-colored surface, possibly a table or a shelf. The cows are evenly spaced, and the image has a slight vignette effect, darkening the corners.",Some very cute cows all lined up in a row. | A row of cattle standing side by side  | There is a row of cows with baby cows next to them. | a bunch of cows are standing with each other | Many black and white cows are standing in a row
000000347390,Qwen3-VL-4B,"The image depicts a classroom or training room with several laptops on tables, and a person sitting at one of the tables. The room has a large screen on the wall, and there are chairs and desks arranged around the room. The setting appears to be a modern educational or training environment.","The image depicts a modern classroom or training room setting. The room is equipped with several desks arranged in a U-shape, each equipped with a laptop. There are chairs around the desks, and the room has large windows that allow natural light to enter. On the wall, there is a large projection screen displaying a presentation. The room also features a whiteboard, a cabinet, and a few other pieces of furniture. The overall atmosphere appears to be conducive to learning or training.",A classroom type setting with rectangular tables that have chairs and laptop computers at each desk. | A woman is looking at the laptop in the classroom. | A dark computer room with one woman inside of it.  | A girl is playing on a laptop in a computer lab. | A meeting room with tables covered in computers.
000000549012,Qwen3-VL-4B,"The image shows a sandwich with various ingredients. The sandwich has slices of bread, and it is filled with vegetables such as cucumbers, peppers, and tomatoes. There are also slices of meat, possibly beef or pork, and some cheese. The sandwich appears to be on a plate, and there is a bottle in the background. The overall presentation is colorful and appetizing.","The image shows a close-up of a sandwich or wrap. The sandwich is made with a piece of bread or flatbread, which is topped with various ingredients. Visible ingredients include slices of zucchini, bell peppers, and possibly mushrooms. There are also pieces of meat, which appear to be beef or another type of red meat. The sandwich is served on a white plate, and there is a yellow background. The ingredients are arranged in a somewhat layered fashion, with the vegetables and meat stacked on top","A sandwich on a plate with meat, peppers, and cheese. | An open faced sandwich is topped with jalepenos. | A cucumber and meat sandwich sits on a plate. | Delicious looking meal of vegetables, cheese and meat on bread. | A close up of a sandwich with vegetables and wraps."
000000520694,Qwen3-VL-4B,A black and white cat is sitting on top of a black suitcase. The suitcase has a smiley face sticker on it and is placed on a bed with a patterned bedspread.,A black and white cat is sitting on top of a black suitcase. The suitcase has a yellow smiley face sticker and a silver buckle. The cat appears to be looking directly at the camera. The suitcase is placed on a bed with a patterned bedspread.,A cat sitting on top of a suitcase on a bed. | A cat sitting on top of a suitcase on a bed | A very cute cat sitting on a piece of luggage. | The black and white cat sits on a black luggage bag. | a large black and white cat on top of a black suitcase
000000139623,Qwen3-VL-4B,"The image shows a train station with a train parked in front of it. The station has a large roof with two dormer windows, and there are people standing near the train. The surrounding area includes a grassy field and some trees.","The image depicts a train station with a large, multi-windowed building in the background. The station has a sloped roof with two prominent gables. In the foreground, there is a grassy area with a few people scattered around, including one person lying on the grass. The sky is clear, and the scene is illuminated by the warm light of either early morning or late afternoon, casting long shadows. Trees surround the station, providing a natural backdrop.",A passenger train stopped at a stop next to a grassy field. | a train is stopped by a house across a large field | a train driving by a house with a well kept lawn | A big building on some grassy field during the day. | A residential house next to some trees and a field
000000404349,Qwen3-VL-4B,"A cat is sitting in a laundry basket, which contains various items like clothes and a teddy bear. The cat appears to be resting or sleeping.","A light brown cat is curled up and sleeping in a light blue laundry basket. The basket contains some clothes, including a white shirt and a dark-colored item, and a brown teddy bear. The cat appears to be resting on top of the clothes and the teddy bear. The basket is placed on a surface that looks like a carpeted floor.",A tray with a brown cat sleeping on top of a teddy bear inside | The kittens are taking a nap in the basket. | A cat asleep on a teddy bear in a laundry basket. | A cat laying inside of a white laundry basket. | A cat sleeps in a laundry basket on top of a stuffed animal. 
000000120420,Qwen3-VL-4B,"The image shows a person holding a camera up to their face, taking a photo. The person is wearing a green shirt and has a lanyard with a tag hanging around their neck. In the background, there are several people walking on a path, and some of them are carrying umbrellas. The setting appears to be an outdoor area with trees and grass.","A person is holding a white digital camera up to their face, taking a photo. They are wearing a green shirt and have a lanyard with a tag around their neck. In the background, there are trees, grass, and a few people walking, one of whom is holding an umbrella. The setting appears to be an outdoor park or garden.",A man holding a silver flip phone open in front of his face. | A guy in a green shirt holding his cell phone to take a picture. | A man in a green shirt is taking a picture with his cell phone. | Man in a park taking a picture with his phone. | Individual is doing something at the moment that is intriguing.
000000038252,Qwen3-VL-4B,"The image shows a closed laptop computer with the Apple logo on the lid. The laptop is placed on a dark surface, possibly a table or a bed.","The image shows a closed laptop with a silver or gray finish. The laptop has a distinctive logo in the center of the lid, which is an apple with a bite taken out of it. The background appears to be a dark, possibly black, fabric or surface.","A picture of an Apple computer with a black background. | A gray laptop with an apple in the center of the lid sits on a dark surface. | The silver cover of an Apple laptop computer  | Top of an apple laptop against a black background. | A closed, white Apple laptop lies on a wrinkled surface."
000000290248,Qwen3-VL-4B,"The image depicts a bustling street scene in a city, with a large crowd of people gathered around a market or shopping area. The market has a distinctive, colorful roof with a crest or emblem in the center. There are various stalls and shops along the street, and a Dunkin' Donuts store is visible on the left side. A car is parked on the left side of the image, and there are several people carrying bags and shopping. The atmosphere appears lively and busy, with people walking and","The image depicts a bustling street scene in what appears to be a market or public square. There are numerous people gathered, some walking and others standing, creating a lively atmosphere. The architecture includes buildings with balconies and awnings. A prominent structure in the background has a decorative roof with a crest and the word ""LA BOQUERIA"" written on it, indicating the location is La Boqueria market in Barcelona, Spain. There are various stalls and kiosks with signs and advertisements,",A crowd of people standing in the middle of a street. | A crowd of people are walking through a covered sidewalk. | People walk down a crowded street at a festival | A large crowd is walking in the street for a festival | Several people are grouped together in a public area.
000000343229,Qwen3-VL-4B,"The image shows a collection of luggage and boxes placed on the floor. There is a red bag with a white logo, a black bag, and a cardboard box. The items are arranged in a way that suggests they might be ready for travel or storage.","The image shows a collection of luggage and boxes on a floor. There is a large red bag with a white logo, a black bag, and a few other bags and boxes. The bags and boxes are arranged in a somewhat cluttered manner. In the background, there is a fireplace with a brick wall and a door. The scene appears to be indoors, possibly in a living room or a similar space.",A large red bag on the ground in a room. | Three luggage bags are next to a taped box. | Several pieces of luggage on carpet in front of a fireplace. | A bunch of luggage sitting on the ground. | a red bag is on the floor in a room
000000036252,Qwen3-VL-4B,"The image shows a group of people surfing in the ocean. One person is riding a wave on a surfboard, while another person is holding a surfboard and standing in the water. The ocean is relatively calm with some waves, and there are rocks visible in the background.","The image depicts a beach scene with several surfers. In the foreground, a person in a wetsuit is holding a red and white surfboard, standing in the shallow water. In the background, another person in a wetsuit is riding a wave on a blue surfboard. The ocean is visible with waves crashing and rocks in the distance. The sky is clear, indicating a sunny day.",A woman wading through water holding a surfboard. | A woman carries a surfboard into the ocean. | there are many surfers riding waves in the water | A woman carrying a surfboard out into the ocean. | A couple of people on surf boards on a beach.
000000336102,Qwen3-VL-4B,"The image shows a pizza in a box, shaped like a mouse head. The pizza is topped with cheese and appears to be freshly baked. The box is placed on a table, and the pizza is the main focus of the image.","The image shows a pizza in a box, shaped like a mouse head. The pizza is topped with melted cheese and has a golden-brown crust. The box is placed on a green surface, possibly a table or a bench. The pizza appears to be fully cooked and ready to be eaten.","A mouse head shapped pizza sitting in a box. | A pizza in a box is shaped like Mickey Mouse.  | A large pizza in the shape of cat face with two ears, | A pizza made in the shape of Mickey Mouse. | A picture of a pizza in the shape of mickey mouse's head."
000000197263,Qwen3-VL-4B,The image shows a person wearing a denim shirt with a camouflage-patterned tie. The tie is prominently displayed against the denim fabric.,"The image shows a person wearing a denim shirt with a collar. The shirt has a buttoned front and appears to be made of a denim material. The person is also wearing a tie with a camouflage pattern. The tie is partially visible, extending from the collar down to the shirt's front. The image is in black and white, and the person's face is not visible.",A man wearing a shirt and tie with long hair. | Black and white photo of patterned neck tie being worn | This is a black and white photo of a man wearing a tie. | Man in a suit and dress shirt standing still.  | man wearing denim shirt and tie with spots
000000234169,Qwen3-VL-4B,"The image shows a display case in a bakery or coffee shop, filled with various types of donuts. The donuts are arranged in a neat and organized manner, with different flavors and toppings visible. The display case is made of glass, allowing customers to see the donuts clearly. The donuts include chocolate, glazed, and sprinkled varieties, and there are also some doughnut holes in the display. The overall scene is bright and inviting, with the donuts looking appetizing and ready to","The image shows a display case filled with various types of donuts. There are donuts with chocolate glaze, some with sprinkles, and others with a plain glaze. The donuts are arranged in a grid-like pattern, with each row and column containing different types of donuts. The display case is transparent, allowing a clear view of the donuts inside. The donuts are placed on white trays, and there are paper liners under some of the trays. The background is blurred,",Dozens of donuts are under a glass display case. | A doughnut display case is shown with a varitey. | a few trays of doughnuts under some glass | A display case of many different kinds of a donuts.  | A doughnut case at a shop with many offerings
000000096711,Qwen3-VL-4B,"The image shows a woman sitting on a bench in a city setting, eating a sandwich. She is wearing a brown coat and a striped hat. There are several bicycles and people in the background, indicating a busy urban environment. The woman appears to be enjoying her meal while taking a break from her day.","A woman is sitting on a green bench in a public area, eating a sandwich. She is wearing a brown coat, blue jeans, and a striped beanie. On the bench next to her, there is a plastic bag with food items. In the background, several people are riding bicycles, and there are various bicycles parked or in motion. The scene appears to be in an urban setting with a brick-paved sidewalk and a street with traffic.",A woman is sitting outdoors eating some food.  | Woman eating food sitting on park bench with bikes in background. | A woman eating a sandwich on a bench near the street. | A woman sitting on bench eating food with people riding bikes behind her. | The woman is eating outside on the bench. 
000000332300,Qwen3-VL-4B,"The image shows a clock tower with a large clock face and a bell above it. The clock face is circular and has Roman numerals, with the hands indicating the time. The tower is made of stone and has a decorative design around the clock and bell. The sky in the background is clear and blue.","The image shows a section of a building with a large, ornate clock and a bell. The clock is circular with Roman numerals and has two hands indicating the time. The bell is located above the clock, within a decorative frame. The building appears to be made of stone or concrete, with a clear blue sky in the background.",A clock mounted on the side of a tall building under a blue sky. | The bell tower has a clock displayed on the side.  | A clock on the front of a large tower. | A building clock with military time and a bell above it. | A large bell hangs over a clock on the side of a stone wall.
000000527573,Qwen3-VL-4B,"The image depicts a scene with a yellow fire hydrant prominently positioned in the foreground. Behind the hydrant, there is a statue of three human figures standing on a pedestal. The statue appears to be made of bronze or a similar material. In the background, there is a building with large windows, and a person is standing near the statue, possibly observing or interacting with it. The scene is set on a wet street, with puddles reflecting the surroundings.","The image shows a city street scene with a yellow fire hydrant prominently positioned in the foreground. The fire hydrant is on a wet sidewalk, indicating recent rain. In the background, there is a statue of three human figures standing on a raised platform. A man is standing near the statue, possibly observing it. The background also includes a storefront with large windows and a sign, as well as trees and a lamppost. The scene is reflected in a puddle on the street.",a man is standing near a yellow fire hydrant outside | A yellow fire hydrant sitting on the side of a road. | A man is standing in front of a statue. | There is a man standing alone near statues. | A man standing in front of a statue near a metal pole.
000000382207,Qwen3-VL-4B,"The image depicts a dining table set with various dishes and utensils. There are plates containing food items such as bread, vegetables, and possibly some meat. A bottle of olive oil is also present on the table. The table is covered with a white tablecloth, and there are glasses and a bottle of wine visible. The setting appears to be a casual meal, possibly at a restaurant or a home.","The image shows a dining table with several plates of food. On the table, there is a plate with slices of bread, another plate with a salad containing tomatoes, cucumbers, and olives, and a plate with a dish that appears to be a mix of vegetables and possibly some type of pasta or rice. There is also a bottle of olive oil and a glass of water. The table is covered with a white tablecloth, and there are some utensils, including spoons and a",Many plates of different foods are on the table. | A table served with bread and various plates of food | A variety of food is sitting on the table with a few drinks.  | Several partially served plates of food sit in the middle of a dining table. | A table with plates of food sitting on it.
000000145604,Qwen3-VL-4B,"The image shows a man pushing a cart filled with bananas through a busy street market. The cart is loaded with numerous bunches of ripe bananas, and the man appears to be transporting them to a nearby market or store. The scene is bustling with activity, as there are other people and stalls in the background, indicating a lively market atmosphere.","In the image, there is a man pushing a cart filled with numerous bunches of bananas. The cart is made of wood and has large wheels, likely for easy transportation. The bananas are arranged in a neat stack, and the man appears to be walking down a street or market area. In the background, there are other people and stalls, suggesting a busy environment. The scene is set in a location with a warm, possibly tropical climate, as indicated by the clothing and the type of fruit being",A man pushing a four wheeled art full of bananas. | a person pushing a cart with many bunches of bananas | an image of a man holding a cart of bananas | A man pushes a cart with wheels with bananas. | A man wheels a cart of banana bunches through the street.
000000222340,Qwen3-VL-4B,"The image shows a pink bus with the numbers 33-41 on it, driving down a street. There are other vehicles, including a pink car, a taxi, and a truck, visible in the scene. The bus appears to be in a city or urban area, as there are buildings and trees in the background. The street is busy with traffic, and the bus is surrounded by other vehicles.","The image shows a pink bus with the numbers ""33-41"" and some text written in a language that appears to be Thai. The bus is on a street with other vehicles, including a pink car and a white van. The bus has a side mirror and a rearview mirror visible. The scene appears to be in an urban area with trees and buildings in the background.",A passenger bus traveling down a street behind a red car. | A pink bus is behind a pink car on a road. | A pink bus with Arabic writing on the side of it. | A pink bus travels down a busy street. | A bus and others vehicles are sitting in traffic. 
000000152946,Qwen3-VL-4B,"The image shows two people standing on a snowy slope, each holding a snowboard. They are surrounded by a large number of other snowboards and skis, indicating a popular skiing or snowboarding area. The people appear to be preparing for a day of snowboarding or skiing, with the snow-covered trees and mountains in the background adding to the winter sports atmosphere.","In the image, there are two individuals standing on a snowy slope. One person is holding a snowboard, while the other is holding a pair of skis. Both individuals are wearing winter clothing, including jackets, pants, and gloves. In the background, there are numerous skis and snowboards arranged on racks, indicating a ski resort or a ski rental area. The scene is set against a backdrop of snow-covered trees and a clear blue sky.","A man and woman standing on top of a snow covered slope. | Two snowboarders with their snowboards standing in the snow. | two people standing near one another holding skis | Numerous individuals are appreciating life and having an incredible minute. 
 | Two snowboarders posing for a picture in the snow."
000000166509,Qwen3-VL-4B,"The image shows a road with a traffic light hanging over it, displaying a red light. There is also a sign on the side of the road that says ""LONG LENS TAKES EVERY 1 MINUTE WAIT."" The road is surrounded by trees and foliage, creating a forested environment. The image appears to be taken from inside a vehicle, as the top of the dashboard is visible at the bottom of the frame.","The image shows a road with a metal guardrail on the right side. There are two traffic lights visible, both showing red signals. The road is surrounded by a dense forest with tall trees and green foliage. A sign on the guardrail reads ""LONG LEAD TIMES EXPECTED 1 MINUTE WAIT."" The sky is not visible, and the overall scene appears to be in a rural or semi-rural area.",A traffic light sitting on the side of a road next to a tree. | A country road at a traffic light in the sun. | a road with some trees on both sides of it  | A stop light on a road in the middle of a forest. | A road in the middle of a beautiful green forest
000000387515,Qwen3-VL-4B,"The image depicts a blue and white trolley bus in a city setting. The bus is on a street with buildings in the background, and there are other vehicles and street elements visible. The bus has a sign on its front indicating it is for the ""Foire de Marseille.""","The image depicts a vintage trolley bus, primarily blue and white, with the number 315 on its front. The bus is on a street with a clear sky in the background. There are several buildings in the background, including one with a distinctive architectural style featuring multiple windows and a sloped roof. The bus has a destination sign that reads ""FOIRE DE MARSEILLE"" and a route number ""A 1"". The street appears to be a city street with other vehicles and",The blue and white bus is travelling down the street. | Bus riding through the street attached to wires above | The bus is driving on the city street. | An old bus rigged out to run on overhead electrical lines | A blue and white city bus traveling down the street. 
000000022718,Qwen3-VL-4B,"The image shows a small airplane flying over a grassy field during sunset. The plane is silhouetted against the orange and pink hues of the sky, creating a dramatic and picturesque scene.","The image shows a small airplane in flight, with its landing gear extended, against a backdrop of a sunset. The sky is a gradient of warm colors, transitioning from a deep orange near the horizon to a lighter yellow and then to a soft pink as it extends upward. The airplane is silhouetted against the bright sky, making it appear as a dark outline. The landscape below is a grassy field, which is also silhouetted against the sky. The sun is setting, casting",The airplane flies low to the ground during sunset. | The plane came in for a landing as the sun set. | An airplane landing in grass during the sun set. | A small airplane landing in a field at sunset | A plane flying with a sunset in the background
000000168692,Qwen3-VL-4B,The image shows two boys carrying a surfboard together.,"Two boys are walking on a grassy area, each carrying a surfboard. The surfboard has a red and white design with a logo of a person surfing. The boys are wearing red shirts and black shorts. The background includes trees and a green field.",Two boys carrying a surfboard on the beach. | two young boys walking around with a surfboard. | Two boys are carrying a surf board between them. | Two young boys carrying red and white surfboard. | Two children carrying a surf board together across a grassy area.
000000311883,Qwen3-VL-4B,"The image shows a Union Pacific train traveling on a track. The train is primarily yellow and black, and it is passing through a rural area with a clear blue sky in the background. There are several traffic lights visible in the image, indicating that the train is crossing a level crossing. The train appears to be moving forward, and the surrounding landscape includes some grass and trees.","The image shows a Union Pacific train traveling on a track. The train consists of a yellow locomotive and several freight cars. The locomotive has the number ""6551"" on its side. There are traffic lights at the crossing, indicating that the train is passing through. The sky is clear and blue, suggesting it is a sunny day. The train is on a gravel bed, and there is a grassy area on either side of the tracks.",A train moving along a track during the day. | A train passes by a road on a railroad track | Yellow train engine hauling freight cars past a level crossing.  | A large long train on a steel track. | A yellow train engine pulling train cars over road.
000000386912,Qwen3-VL-4B,"The image shows a woman sitting at a desk in a home office. She is using a computer, and the desk is filled with various items such as books, papers, and other office supplies. The room is decorated with posters and pictures on the walls, creating a personalized and organized workspace.","A woman is sitting at a desk in an office. She is wearing glasses, a blue patterned shirt, and a dark cardigan. On the desk, there is a white iMac computer monitor, a keyboard, and a mouse. The desk is cluttered with various items, including books, papers, and a lamp. The walls are decorated with posters, pictures, and other office supplies. To the right of the desk, there is a bookshelf filled with books and other items.",a person sitting at a desk with a keyboard and monitor  | a woman at her desk sits intently and happy | A woman sitting at a desk in her work station | The woman is working on her computer at the desk. | a woman is sitting in front of a desk
000000232865,Qwen3-VL-4B,"The image shows a slice of tiramisu on a white plate, accompanied by a fork. The tiramisu has multiple layers of alternating light and dark brown layers, with a dusting of cocoa powder on top. The plate is placed on a table, and there is a glass drink container and a cup in the background.","A slice of layered cake with a chocolate topping is placed on a white plate. Next to the cake, there is a fork with a wooden handle. In the background, there is a glass containing a dark liquid, possibly coffee, and a white saucer with a cup on it. The setting appears to be a dining table.",A plate with a slice of cake on top of it next to a fork. | A slice of cake and a fork on a plate. | A nice slice of cake on a plate with a fork. | A piece of cake with layers sits on a white plate with a silver fork. | A delicious piece of tiramisu being displayed on a white plate.
000000250758,Qwen3-VL-4B,"The image shows a zebra standing in a grassy area with a fence in the background. Another zebra is lying down in the background, and there are trees and bushes in the distance. The zebra in the foreground appears to be looking towards the camera, while the one in the background is resting.","The image shows a zebra standing on a grassy area with patches of dirt. The zebra has a distinctive black and white striped pattern. In the background, there is another zebra lying down on the ground, and there are trees and a fence visible. The setting appears to be a zoo or a wildlife reserve.",A zebra standing on a grass covered field. | The zebra is standing in the field with another zebra laying down in the background.  | a couple of zebras stand on a grass land  | A zebra stands while another zebra lays down nearby.  | A zebra with a left side pose while standing in a field.
000000149785,Qwen3-VL-4B,"An elephant is standing in a grassy area, surrounded by a fence. The elephant appears to be in a zoo or a similar enclosure.","The image shows an elephant standing in a grassy area with a dirt path. The elephant is facing away from the camera, showing its back and tail. There are several metal poles and wires in the foreground, suggesting that the area is enclosed, possibly within a zoo or a wildlife sanctuary. The grass is green with patches of brown, indicating a natural environment. The elephant appears to be in a relaxed state, with its ears and tail visible.",A small elephant is walking in an enclosure by the fence. | THIS IS A PICTURE OF A VERY YOUNG BABY ELEPHANT WALKING ALONG A FENCE | An elephant walking along a fence line away from the camera man.  | An elephant walking in an enclosure in the sun | An elephant walks next to a fence in a field.
000000102235,Qwen3-VL-4B,"The image depicts a birthday celebration with a young girl blowing out candles on a birthday cake. There are three other girls present, and the scene is set in a cozy room with a table covered in a floral tablecloth. The cake is placed on the table, and there are plates, forks, and other party items around. The atmosphere appears joyful and festive.","In the image, there are three young girls gathered around a dining table. One girl is blowing out candles on a birthday cake, while the other two girls are watching. The cake is placed on a tablecloth with a floral pattern. On the table, there are also plates, forks, and a vase with flowers in the background. The room is well-lit with a lamp providing additional light.",Young girl gets ready to blow out candles as family watches | Young girls are sitting around a birthday cake. | a small child blowing out the candles on a cake | A woman and a young girl are blowing out candles on a cake as others watch. | A mother and daughter blowing out candles on a sheet cake.
000000359626,Qwen3-VL-4B,"The image shows a stop sign at a four-way intersection on Ocean Avenue. There are several cars and a truck in the background, and the street is lined with trees and buildings.","The image shows a stop sign at a four-way intersection on Ocean Avenue. The stop sign is mounted on a pole with the street name ""Ocean Ave"" printed on it. In the background, there are trees, a building, and a parked car. The scene appears to be in a residential area with a clear sky.",A five way stop sign on a street corner lined with trees | A city warning sign is displayed on a street. |  a stop sign on a wooden pole with a street name stenciled on it | A red stop sign sitting on the side of a road. | A red stop sign that is on top of a pole.
000000035197,Qwen3-VL-4B,"The image shows a person riding a skateboard on a ramp at a skate park. The skateboarder is wearing a white shirt, plaid shorts, and sneakers. The scene is set in an outdoor environment with buildings in the background.","The image shows a person skateboarding on a concrete surface. The skateboarder is wearing a white shirt, plaid shorts, and sneakers with a visible logo. The skateboard is on a ramp, and there is another person in the background, possibly observing or waiting. The setting appears to be an outdoor skate park with ramps and buildings in the background. The image is in black and white.",A person on a skateboard rides down a ramp. | Black and white photograph of person on a skateboard. | Person riding on edge of skateboard about to do a trick | A man is standing on a skateboard at a skate park. | A black and white photograph of a person wearing DC shoes on a skateboard in the sun. 
000000443101,Qwen3-VL-4B,"In the image, there is a cow standing on a grassy field with mountains in the background. The cow is positioned in the foreground, while the mountains stretch out behind it, creating a picturesque scene.","The image depicts a mountainous landscape with a clear blue sky and scattered clouds. In the foreground, there is a cow standing on a grassy hillside. In the background, there are several rocky peaks with snow-capped mountains, suggesting a high-altitude environment. The cow appears to be grazing, and there is another animal, possibly a deer, partially visible in the background. The overall scene is serene and natural, with the cow and the deer coexisting peacefully in the mountainous terrain.",Two cows are in a mountainside field with snow-covered mountains in the background.  | A white cow stands by a brown and white donkey looking over a hill.  | A white bull and a donkey are in a field at a very high altitude.  | A large white cow standing on top of a lush green hill. | A bull standing near a donkey on a mountain top.
000000209044,Qwen3-VL-4B,"The image shows a living room with a television set displaying a video game. Two children are standing in front of the TV, playing the game. The room has a bookshelf, a window with curtains, and various other items such as a basket and a blanket on a table. The children appear to be enjoying their time together, engaged in the video game.","In the image, there are two children standing in a room. One child is wearing a dark shirt and white shorts, and the other is wearing a light-colored sweater and patterned pajamas. They are both holding what appears to be Wii controllers. In front of them, there is a television set displaying a video game with a baseball field and a character on the screen. The room has a carpeted floor, and there is a bookshelf in the background with various items on it, including a",Two young children are playing a video game. | a couple of children are playing a video game  | A boy and a girl play a video game together. | Two small children playing a game on a video game console.  | Two children playing baseball in the Wii Sports video game.
000000187776,Qwen3-VL-4B,"The image depicts a group of people gathered in a room, possibly at a conference or event. There is a table with food and drinks, and a banner in the background that reads ""bdigital apps."" The room has wooden walls and ceiling, and there are several people standing around, engaged in conversation or attending to the event. The atmosphere appears to be casual and social, with people mingling and enjoying the gathering.","The image depicts a conference or event setting. There is a man in a light blue shirt and dark pants standing in front of a table covered with a dark tablecloth. On the table, there are several items including a glass of water, a plate with food, and some other small objects. In the background, there are several other people engaged in conversation or walking around. The room has a wooden panel wall and a banner on the left side with the text ""bdigital apps."" The ceiling has",A bunch of people are gathered around many tables inside of a building.  | a man that is sitting at a table | A group of men stand at small tables drinking wine. | Convention with people standing at table with refreshments | a number of people standing up at small tables 
000000433554,Qwen3-VL-4B,"The image shows a group of people on a dock near a body of water. There are several individuals wearing life jackets and engaging in water activities, such as water skiing and wakeboarding. The scene appears to be a recreational area, possibly a lake or a similar body of water, where people are enjoying various water sports.","The image depicts a group of people engaged in water sports near a body of water, likely a lake or a large pond. There are three individuals on water skis, with one person in the foreground wearing a red life jacket and standing on a green platform. Another person in a white helmet and life jacket is also on a water ski, positioned slightly behind the first skier. A third person, wearing a red life jacket and shorts, is standing on a green platform, observing the activities. In","some people waiting in line to para-sail one guy has taken off | A fat guy wearing a life jacket and short shorts. | An group of young people on a boat prepare to parasail on surfboards. | A family prepares to water ski as one man takes off across the water. | Many people are out there and having some fun.
"
000000328462,Qwen3-VL-4B,"The image depicts a kitchen scene with a man sitting at a table, a woman standing nearby, and a television set in the background. The kitchen features a refrigerator, a stove, and various items on the countertops. The man appears to be engaged in an activity, possibly eating or working, while the woman seems to be interacting with the man or attending to something else. The overall atmosphere suggests a casual, everyday setting.","In the image, there is a kitchen setting with a woman standing on the left side, wearing a floral-patterned shirt and holding a cup. She appears to be in motion, possibly walking. On the right side of the image, an older man is seated at a table, wearing a white shirt and shorts. He is looking at a television that is turned on and placed on a small table. The kitchen features a white refrigerator with a blue light on, a white stove with a pot on one",Lady working in a kitchen while man sits at table watching TV. | A woman sitting next to a stove top oven. | A kitchen room with a lady by the refrigerator and a man seated at a table. | A man watches TV while a woman tends to the kitchen. | A man and a woman in a very small kitchen together.
000000287328,Qwen3-VL-4B,"In the image, there are two dogs on a couch. One dog is lying on its back, while the other dog is sitting up against a pillow. The couch has a patterned fabric, and there is a blanket covering part of the couch. The scene appears to be indoors, possibly in a living room or bedroom.","The image shows two dogs on a couch. One dog is lying on its back on the couch, appearing relaxed and comfortable. The other dog is sitting on a pillow, wearing a red outfit. The couch has a patterned fabric with a floral design and a light blue cover. The scene suggests a cozy and relaxed environment.",two small dogs are laying on a human bed | Two lazy dogs lounging in a dirty bed. | Two small dogs laying down together on a small bed. | Two small dogs lounge on a dirty bed.  | two dogs are laying in a bed together
000000213827,Qwen3-VL-4B,"The image shows a person performing a water ski jump over a ramp in a body of water, likely a lake or a reservoir. The ramp is branded with the name ""Cypress Gardens."" There are several boats in the water, with one boat directly behind the ramp and others further away. The background features a line of trees and a cloudy sky. The scene appears to be part of a water sports event or competition.","The image depicts a water park scene with a person performing a water ski jump over a ramp. The ramp is branded with ""Cypress Gardens."" In the background, there are two boats, one closer to the ramp and another further away. The water appears calm, and the sky is overcast. Trees and buildings are visible in the distance, suggesting a suburban or park setting.",a person jumping over a ramp in the water  | A water skier flipping from a ramp in a lake in Florida | A water skier doing a somersault in the air. | A woman on water ski's in the air. | Person on water skis doing jump tricks off ramp
000000209480,Qwen3-VL-4B,"The image shows a plate of vegetables, including broccoli and cauliflower, arranged on a blue and white patterned plate. There is also a red pepper slice on the plate. The plate is placed on a table, and there is a glass drink container visible in the background. The setting appears to be a dining table with a light-colored surface.","The image shows a plate with a blue and white pattern filled with various vegetables. The plate contains several pieces of broccoli and cauliflower. The broccoli is cut into florets, and the cauliflower is in its natural form, with some florets separated. There is also a slice of red bell pepper on the plate. The plate is placed on a table, and there is a glass container in the background. The table has a light-colored surface with some patterns.",A blue plate with a pile of vegetables on a table. | A blue plate loaded with broccoli and cauliflower | A plate of broccoli and cauliflower with a slice of tomato. | A pile of broccoli and other vegetables sits upon a blue plate. | A blue patterned china plate filled with broccoli and cauliflower. 
000000021779,Qwen3-VL-4B,"A person is lying on a red suitcase, with their head resting on the suitcase and their legs extended. The person is wearing a white tank top and green shorts. There is a tag attached to the suitcase, and the person appears to be smiling. The background includes a tiled floor and some other items, such as a towel and a plastic bag.","A person is lying on their back on a red suitcase. They are wearing a white tank top and green shorts. The person has dark hair and is smiling. There is a tag attached to the suitcase. In the background, there are other items, including a towel and some bags.",A woman is laying on top of a suitcase.  | A young woman lies on top of a gym bag.  | a woman laying on some baggage resting on the floor | A girl lying her body down on a big bag smiling. | A woman looking up smiling while on red item.
000000182162,Qwen3-VL-4B,"The image depicts a living room with a black leather couch, a coffee table, and a side table. There are various items on the tables, including a laptop, a remote control, and a few decorative objects. A green and yellow balloon is hanging from the ceiling, adding a playful touch to the room. The room also features a doorway leading to another area, with a white door and a light-colored floor. The overall atmosphere of the room is cozy and inviting.","The image depicts a cozy living room with a black leather couch adorned with a blue throw pillow and a striped blanket. On the couch, there is a laptop and a remote control. A small black cat is sitting on the couch. In front of the couch, there is a black coffee table with a few items on it, including a remote control and a small object. The room has a hardwood floor with an orange and black area rug. On the wall, there is a framed picture and a green","A living room with hard wood flooring and black furniture. | a messy living room with various items and some celebratory balloons | A bouquet of Mylar balloons in a living room.  | Living room with a black couch, coffee table and bookcase visible. | A living room with a black couch, wood floor and bookcase."
000000374505,Qwen3-VL-4B,"The image shows a person holding a pair of scissors close to their face. The scissors are open, with the blades pointing towards the person's face. The person appears to be looking at the scissors, and the image has a slightly artistic or stylized effect, with some parts of the image being blurred or distorted.","The image shows a close-up of a person's face, with a pair of scissors positioned in such a way that the blades appear to be cutting through the skin. The scissors are open, and the blades are angled towards the person's face, creating a dramatic and somewhat unsettling visual effect. The person's eye is visible, and the image has a dark, moody tone with a black and white color scheme.","A woman holding a pair of scissors up to her face. | Person with pair of scissors in front of face. | A person in the dark, holding a pair of scissors up to their face. | Woman posed looking through the blades of scissors. | a close up of a person with a pair of scissors "
000000308160,Qwen3-VL-4B,"The image shows a group of children standing on a tennis court, holding tennis rackets and wearing hats. They appear to be waiting for a tennis lesson or practice session. The court is surrounded by a fence, and there is a number ""3"" visible on the fence, possibly indicating the court number. The children seem to be of various ages, and they are all engaged in the activity.","The image shows four children standing on a tennis court. They are holding tennis rackets and appear to be waiting or preparing to play. The court is surrounded by a chain-link fence, and there is a green wall with a number ""3"" on it. The children are dressed in casual clothing, and the scene is set outdoors with trees visible in the background.",A group of children stand on a tennis court | Good buddies always give comfort to their best friends. | A group of young kids holding tennis racquets. | Two friends consoling each other after a game of tennis. | Some children are standing on a tennis court.
000000262054,Qwen3-VL-4B,"The image depicts a kitchen with wooden cabinets and countertops. The cabinets are arranged in a U-shape, with the microwave oven placed on the countertop above the oven. There are various kitchen items and appliances, including a kettle, a toaster, and a bowl of fruit. The kitchen also features a window with a view of the outside, and a clock is mounted on the wall above the countertop. The overall atmosphere of the kitchen is warm and inviting, with a cozy and functional design.","The image depicts a kitchen with wooden cabinets and drawers. The cabinets have a warm, reddish-brown finish. The kitchen features a white countertop with various items on it, including a microwave oven, a kettle, a bowl of fruit, and a few other kitchen utensils. There is a window above the sink, which allows natural light to enter the room. The walls are painted in a light color, and there is a decorative border at the top of the wall. The overall appearance is","A large kitchen filled with white appliances with lots of counter space. | Dish towels hang from a stove handle in a kitchen with wooden cabinets. | A kitchen with a stove, a microwave above it and a window. | A clean kitchen is shown with three towels hanging on the cabinet. | A large kitchen with a built-in stove, oven and microwave"
000000064531,Qwen3-VL-4B,The image shows a person wearing a black jacket over a blue shirt. The person is also wearing a tie with a pattern of bolts and nuts. The background appears to be a floral pattern.,The image shows a person wearing a black leather jacket over a light blue shirt. The person is also wearing a tie with a pattern of bolts and nuts. The background appears to be a floral or patterned wall.,A man with a tie that has nuts and bolts on it. | A black jacket and a tie with nuts and bolts on it. | a person wearing a black coat and a tie with bolt designs on it. | A man with a tie made of nuts and bolts. | A person wearing a black jacket and blue shirt along with a tie full of knots and bolts.
000000262404,Qwen3-VL-4B,"The image shows a group of children sitting around a table, with a cake in the center. They are gathered around the cake, possibly preparing to eat it or discussing it. The children appear to be engaged and excited about the cake, with some of them reaching out to touch or interact with it. The setting seems to be a casual gathering, possibly a birthday party or a similar event.","The image shows a group of children sitting around a table, engaged in a baking activity. They are focused on a large, rectangular cake that is covered with green frosting. The cake is placed on a baking tray, which is covered with aluminum foil. The children are using various utensils, including spatulas and bowls, to work on the cake. There are also some decorative elements and possibly some educational materials on the table, including a book or a poster. The setting appears to be a classroom or",A group of children surrounding a table decorating cake. | a number of children at a table with cake | A group of kids cutting into a cake as one boy plays with his utensil. | Kids around a table messily frosting a sheet cake. | A bunch of kids eating a cake with green frosting on it.
000000329957,Qwen3-VL-4B,"The image depicts a kitchen scene with two women standing in front of a counter. One woman is wearing a gray shirt and black pants, while the other is wearing a black shirt and red pants. The kitchen features a sink, a refrigerator, and various kitchen items such as a cutting board, a bowl, and a bottle. There is also a painting on the wall and a mirror above the counter. The overall atmosphere appears to be casual and friendly.","In the image, there are two women standing in a kitchen. The woman in the foreground is wearing a black top and red pants, while the woman in the background is wearing a gray top and black pants. The kitchen features wooden cabinets, a sink with a faucet, a cutting board, and various kitchen items such as a blender, a glass, and a bowl. There is also a painting on the wall and a decorative mirror above the sink. The kitchen appears to be well-lit with natural",A couple of girls are standing in a kitchen | Ladies standing in a kitchen posing for the camera. | Two women preparing a meal in a modern kitchen | There are two woman smiling in the kitchen | Two happy women smiling together in a kitchen.
000000479612,Qwen3-VL-4B,"The image shows a Sharp microwave oven placed on a countertop. The microwave has a digital display on the right side and several buttons for various settings and functions. The date and time stamp in the bottom right corner indicates that the photo was taken on December 24, 2009, at 8:19 PM.","The image shows a white Sharp microwave oven placed on a countertop. The microwave has a digital display on the right side, showing the time ""8:19:00 pm"" and a date ""12/24/2009"". There are two bottles, one of which appears to be a Coca-Cola bottle, next to the microwave on the left side. The microwave has a black control panel with various buttons and a glass door. The background is dark, suggesting the",A microwave oven sitting on top of a table. | There are a microwave in this picture but nothing in it. | A microwave with the power off on a shelf. | A timestamped photograph of a microwave with a dirty door next to a glass coke bottle and glasses shaped like human torsos.  | A Sharp white colored microwave on a tabletop
000000375566,Qwen3-VL-4B,The image shows a person walking down a street while holding an umbrella. The person is wearing a white shirt with a floral pattern and pink pants. They are carrying a handbag and appear to be walking towards a parking area. The street is lined with trees and there are some buildings and a lamp post in the background.,"A person is walking on a street, holding an umbrella to shield themselves from the sun. They are wearing a white shirt with a floral pattern, pink pants, and black shoes. The person is carrying a handbag. The street is lined with green bushes and trees, and there is a building with an air conditioning unit visible in the background. The person is walking towards a blue-painted area on the street, possibly a parking space or a designated area.",Lady walking through a parking lot with an umbrella over her head. | A woman walking in the street with a yellow umbrella. | A woman walks down a road with a yellow umbrella.  | A woman holding an umbrella walking down a street. | A person walking down a road with a sun umbrella.
000000504970,Qwen3-VL-4B,"The image shows a toilet sitting on the sidewalk next to a parking meter. The toilet appears to be an old or discarded one, and it is placed near a brick building and a black fence. The parking meter has a blue ""P"" symbol on it, indicating it is a parking meter. The scene is unusual and unexpected, as it is not common to see a toilet on a sidewalk next to a parking meter.","The image shows a public restroom facility, specifically a toilet, placed on a sidewalk. The toilet is white and appears to be a standard model with a wooden seat. It is positioned next to a black parking meter, which has a blue ""P"" sign indicating it is a parking meter. The background includes a brick wall and some greenery, such as trees and bushes. The scene is set in an urban environment, with a black fence running along the side of the sidewalk.",A toilet that is outside next to a fence. | There is a toilet sitting outside on the sidewalk in front of a fence. | A toilet sitting beside a parking meter station | a toilet sitting outside next to a fence  | a toilet sitting on a sidewalk next to a pole.
000000310622,Qwen3-VL-4B,"The image shows a street corner with multiple street signs. The signs indicate the intersection of West 32nd St and Broadway, as well as Korea Way. There are also one-way signs pointing in different directions. The background features tall buildings, suggesting an urban setting.","The image shows a street corner with several street signs. The signs indicate the names of the streets and directions. There are two blue signs: one for ""West 32nd St"" and another for ""Korea Way."" There are also two black and white signs indicating ""ONE WAY"" directions. The background features tall buildings, suggesting an urban setting. The sky is overcast, and the overall color palette is muted with shades of gray and blue.","Corner of Broadway, West 32nd Street, and Korea Way. | Several one way signs are by street signs. | A cluster of street signs hang on a street pole. | Several street signs stating road names and the right ways to go. | A West 32nd sign under a Korea Way road sign. "
000000025453,Qwen3-VL-4B,"The image features a blue truck parked on a grassy field. The truck is a Chevrolet Apache, and it has a surfboard in the back of the truck bed. There are several people in the background, some of whom are standing near the truck. The setting appears to be an outdoor event or gathering, possibly a car show or a beachside event, given the presence of the surfboard and the casual atmosphere.","The image shows a vintage light blue Chevrolet Apache pickup truck parked on a grassy field. The truck is prominently displayed, with its front facing the viewer. The truck has a chrome grille and fender, and the license plate reads ""KSL 448."" In the background, there are several people gathered, some of whom are standing near tents and other vehicles. The setting appears to be an outdoor event or gathering, possibly a car show or a festival. The sky is clear, indicating",A vintage truck is parked at an outdoor event. | Antique blue truck displayed to crowd at outdoor event. | An antique pickup truck restored and displayed at a fair or car show. | An old blue truck is on a grassy area. | A car at a show with people in background.
000000108982,Qwen3-VL-4B,"The image shows a bird perched on a branch in a lush, green environment. The bird has a striking blue and yellow plumage, with a blue head and back and a yellow belly. The background is filled with green leaves and branches, creating a natural and vibrant setting. The bird appears to be observing its surroundings, possibly looking for food or simply enjoying its environment.","The image shows a bird perched on a branch in a lush, green environment. The bird has a striking blue and yellow plumage, with a blue head and back and a yellow belly. The background is filled with green leaves and some hanging, dried plant material, suggesting a natural, possibly forested setting. The bird appears to be in a resting or observing position, with its beak slightly open.",A blue and yellow colored bird perches on a tree branch. | A bird sitting on a branch of a tree.  | A blue bird is sitting in the branch of a tree.  | A bird sits on a branch in a tree.  | A blue bird sitting on a branch of a tree.
000000245447,Qwen3-VL-4B,"The image shows a group of people sitting at a table in a restaurant. They are engaged in various activities, such as using their cell phones and enjoying drinks. The table is set with cups, glasses, and a pitcher of iced tea. The setting appears to be a casual dining environment, with a booth-style seating arrangement.","In the image, there are three people sitting at a table in what appears to be a restaurant or diner. The person on the left is holding a large, orange thermos, possibly containing a hot beverage. The person in the middle is looking at a smartphone, while the person on the right is also looking at a smartphone. The table has a few items on it, including a glass with a drink and some food items. The setting has a warm, casual atmosphere with wooden booths and large windows",Three woman and a man all sitting at a table on their cell phones. | a family sitting at a table in a restaurant looking at their phones | Women sitting at a table in a restaurant all looking at their phones  | A table with people at it all on their cell phones. | A family sitting a restaurant's dining table on their cellphones.
000000167952,Qwen3-VL-4B,"The image shows a table with various plates of food. There is a plate with a colorful salad made of thinly sliced vegetables, including yellow and orange peppers, and possibly some herbs. Another plate has what appears to be flatbread or a similar type of bread. There is also a plate with a piece of meat, possibly steak or chicken. The table is set outdoors, as indicated by the presence of a white chair and a glass of water in the background. The overall scene suggests a casual meal,","The image shows a table set for a meal. On the table, there are several plates containing various food items. One plate has a colorful salad with thinly sliced yellow and orange vegetables, possibly bell peppers, garnished with green herbs. Another plate contains what appears to be flatbread or a similar type of bread. There is also a plate with a piece of meat, possibly steak, and another plate with a mix of vegetables and possibly a side dish. The table is set with utensils, including","Many different foods on dishes on a table  | Several plates of food are sitting on the table. | A variety of fancy looking dishes on square plates, including some sort of coleslaw and some flat bread. | A white plate topped with a pile of pasta. | There is some food on a table with plates."
000000547041,Qwen3-VL-4B,"The image shows a desk with a keyboard and a laptop. On the desk, there are two containers of food. One container appears to be a salad with lettuce, olives, cheese, and a lemon slice. The other container contains a variety of food items, including what looks like a piece of cake or dessert. The desk also has a pink spoon and a fork.","The image shows two containers of food on a surface. The container on the left contains a dish with chunks of food, possibly a type of hummus or spread, and a small container of sauce. The container on the right is a salad with lettuce, cheese, olives, and a slice of lemon. There is also a small foil-wrapped item, possibly a dessert or snack, placed in the salad container. In the background, there is a keyboard, suggesting the setting might be a workspace","Two plastic containers have a soup and a salad in them. | Two containers, one with a salad, and another with some sort of other food in it. | Two containers with two different salads containing lettuce. | The salad is ready to eat for lunch.  | A tray of salad and a tray of salad toppings to the side."
000000249443,Qwen3-VL-4B,"The image shows a window with white curtains hanging on either side. The window is set in a brick wall, and there is a black bench in front of the window. The curtains are drawn to the sides, allowing a view into the room behind the window. The bench appears to be made of metal and is placed on a concrete surface.","The image shows a window with white lace curtains hanging on either side. The window is set in a brick wall, and there is a black metal bench in front of the window. The bench is positioned on a concrete surface. A white pipe runs vertically along the wall next to the window.",a black bench is in front of a window | a brick building a black bench a window and curtains | A metal bench sitting in front of a window. | A view of a window with a bench underneath it.  | A metal bench outside of a brick building's window.
000000034811,Qwen3-VL-4B,"The image depicts a bathroom scene with a white sink, a mirror above it, and a window with frosted glass. There are three bottles on the windowsill, and a towel hangs on a hook next to the sink. The overall color scheme is neutral, with white and beige tones dominating the space.","The image depicts a bathroom setting. There is a white pedestal sink with a silver faucet. Above the sink, there is a white medicine cabinet with a mirror. The mirror reflects the image of the sink and three clear glass bottles with stoppers, which are placed on the windowsill. The windowsill is part of a window with frosted glass, allowing light to enter but not providing a clear view outside. To the right of the sink, there is a white towel hanging on a towel rack.","A bathroom sink underneath a medicine cabinet next to a window. | A bathroom with empty bottles in the window | A bathroom with a sink, window and medicine cabinet. | A bathroom pedestal sink with a mirrored medicine cabinet. | A white bathroom with bottles sitting on a windowsill. "
000000102478,Qwen3-VL-4B,"The image shows a baseball game in progress. The pitcher is on the mound, throwing the ball towards the batter, who is standing in the batter's box. The catcher is positioned behind the batter, ready to catch the ball if the batter misses. The field is well-maintained, with clear bases and a net to protect the spectators.","The image depicts a baseball game in progress. A pitcher is on the mound, throwing a ball towards the batter, who is standing in the batter's box. The catcher is crouched behind the batter, ready to catch the ball. The home plate is visible on the ground. The field is enclosed by a net, and the grass and dirt areas are clearly marked.",A group of baseball players with a bat and ball at the pitch | There is a baseball player with a baseball bar at the gane | A pitcher throws a pitch during a baseball game. | Three people are on a baseball field in uniform. | An overhead shot of a a pitcher throwing a baseball.
000000561958,Qwen3-VL-4B,"The image depicts a snowy scene at a ski resort, with numerous people gathered in the snow. Many of them are holding skis and ski poles, indicating they are either preparing to ski or have just finished skiing. The area is bustling with activity, and there are several buildings and structures in the background, suggesting a well-developed ski resort. The snow-covered ground and the presence of skiers and ski equipment emphasize the winter sports theme of the location.","The image depicts a snowy scene at a ski resort. There are several people, both adults and children, gathered in the snow. Some are holding skis and ski poles, while others are wearing winter clothing. The background features a building with signs indicating ski and snowboard rentals, ski and snowboard school, and other services. The area is covered in snow, and the sky appears overcast, suggesting a cold, wintry day.",many people holding skis and snow boards on a snowy surface | Many people attend the ski event dressed in warm clothing. | A group of people including small children wearing ski equipment standing in the snow. | People standing outside a ski resort on skies in the snow. | A crowd of people wearing winter cloths are outside in the snow as some people carry snowboards.
000000408746,Qwen3-VL-4B,"The image shows a person surfing on a wave in the ocean. The surfer is riding the wave on a surfboard, and there is another person in the water further back. The scene captures the excitement and thrill of surfing in a beautiful natural setting.","The image shows two individuals in the ocean. One person is riding a wave on a surfboard, while the other person is floating in the water nearby. The wave is breaking, creating a splash of water. The water appears to be a light blue-green color, and the scene is set in a coastal area.",The man is surfing on a wave as another surfer is in the water nearby.  | A man who is on a surfboard in the water. | A couple of men riding surfboards on top of a wave. | People using surfboards in the water with waves. | A surfer is catching a wave while another one is floating
000000324845,Qwen3-VL-4B,"The image shows a plate with two sandwiches. The sandwiches are made with white bread and filled with various ingredients such as chicken, lettuce, cucumber, tomato, and a white sauce. The plate is placed on a table, and there is a fork and a knife visible in the background. The overall presentation is appetizing and well-arranged.","The image shows a plate with two sandwiches. Each sandwich is made with a long, soft roll and contains various ingredients. The visible ingredients include slices of cucumber, tomato, lettuce, and what appears to be chicken or turkey. The sandwiches are topped with a white sauce. There is also a cucumber slice on the plate, separate from the sandwiches. The plate is on a table, and there are some utensils and a green bottle in the background.",Three sandwhiches with toppings on them and a cucumber | a plate with some sandwiches on it  | Two sandwiches sitting on top of a white plate. | a vegetable sandwich with cucumber pickle and tomato  | Sandwich item with meat and vegetables displayed on plate for consumption.
000000295059,Qwen3-VL-4B,"The image features a collection of teddy bears and other stuffed animals arranged on a wooden bench in front of a Christmas tree. The scene is decorated with festive elements, including a Santa hat and various ornaments. The teddy bears are of different sizes and colors, creating a charming and festive atmosphere. The overall setting appears to be a holiday display, possibly in a store or a home during the Christmas season.","The image features a festive scene with a collection of teddy bears and a doll arranged on a wooden bench. The bench is covered with a white blanket, giving the impression of a snowy setting. Behind the bench, there are two Christmas trees adorned with various ornaments, including red and green baubles, stars, and lights. The trees are decorated with red and green ribbons, and the background includes a curtain with a glittery, gold-like pattern. The teddy bears and doll are dressed",Stuffed bears are gathered together in a display for christmas. | A bunch of stuffed bears altogether during Christmas. | Many teddy bears are displayed in front of the trees. | a couple of Christmas trees with some bears next by. | A Christmas decorated area with many teddy bears. 
000000410339,Qwen3-VL-4B,"The image shows a woman walking down a set of stairs in an alleyway. The stairs are made of stone and are flanked by colorful walls. There are traffic lights hanging above the stairs, and a statue can be seen on the left side of the image. The scene has a vibrant and artistic feel, with the woman appearing to be in motion as she descends the stairs.","A woman is walking down a narrow, outdoor staircase between two buildings. The staircase is made of concrete steps with yellow edges. The building on the left has a statue or sculpture on its wall, and the building on the right has a small rectangular opening with a piece of art or decoration inside. There are traffic lights hanging above the staircase, and the walls of the buildings are painted in different colors.",A woman walking down a flight of stairs. | A young woman walking down the steps of a narrow alley | A woman walking down a narrow stone stairway. | A woman is walking down a stairway which is located between two buildings. | A lady is walking down a tall narrow set of steps alongside a building.
000000571437,Qwen3-VL-4B,"The image shows a plate with a yellow pepper, a strawberry, and two pieces of broccoli. The plate is placed on a table, and the background is blurred, making the vegetables stand out.","The image shows a plate with a yellow bell pepper, a strawberry, and two pieces of broccoli. The bell pepper is placed in the center of the plate, with the strawberry to its right and the broccoli pieces below it. The background appears to be a blurred green, suggesting an outdoor setting.","Broccoli, yellow bell pepper, and a strawberry on a plate.  | There is a plate with fruits and veggies on it | A plate topped with a mix of vegetables and fruit. | A pepper, broccoli and a half eaten strawberry on a plate.  | A plate with broccoli, a yellow pepper and a strawberry bitten on it. "
000000481670,Qwen3-VL-4B,"The image shows two people skiing down a snowy slope. One person is wearing a blue jacket and black pants, while the other is wearing a red jacket and camouflage pants. They are both holding ski poles and have skis attached to their feet. The background features a forest with trees and some yellow-leaved trees, indicating a winter or early spring setting.","Two people are skiing on a snow-covered slope. One person is wearing a blue jacket and black pants, while the other is dressed in a red jacket and camouflage-patterned pants. They are both equipped with skis and ski poles. The background features a forest with a mix of evergreen and deciduous trees, some of which have yellow leaves, indicating a transition season. The sky is not visible in the image.",Two skiers are traveling down a snowy mountain. | Two children that are skiing down a hill in the snow. | A couple of kids riding skis down a snow covered slope. | A couple of kids riding skis down a snowy slope. | two kids skiing on a slope of snow near a tree
000000109316,Qwen3-VL-4B,"The image shows a person standing on a street, holding an umbrella to protect themselves from the rain. The person is wearing a blue dress with white polka dots and a blue cardigan. The street appears to be wet, indicating that it has been raining.","A person is standing on a wet, paved surface, likely a road or sidewalk, holding a black umbrella with white dots. The person is wearing a blue cardigan over a dress with a pattern of small white dots. The background includes a curb and a yellow double line on the road, indicating a no-parking zone. The scene suggests it is raining or has recently rained.",A woman walking down a street holding a gray umbrella. | A woman carrying a umbrella walking down a street. | A women walking down the street holding a unbrella . | a woman holding an umbrella on a city street | The woman's face is concealed under her umbrella as she walks down the street.
000000361819,Qwen3-VL-4B,"The image shows a cross-country skiing event with two skiers in the foreground. The skiers are wearing numbered bibs and are actively skiing on a snowy course. There are spectators in the background, watching the event. The scene is set in a winter landscape with trees and a fence visible in the background.","The image depicts a cross-country skiing event. Two skiers are in the foreground, one wearing a cow print outfit and the other in a blue and black outfit. Both are wearing numbered bibs and are actively skiing on a snowy trail. In the background, several spectators are watching the event, some of whom are holding ski poles. The scene is set in a forested area with bare trees, indicating it might be winter. The sky is clear, suggesting it is a sunny day.",A couple of people racing down the side of a ski slope. | Two people cross country skiing racing across a trail. | Competitive cross-country skies in near dead heat with spectators. | Two men skiing on a hill with people watching. | Two cross country skiers race as spectators watch.
000000543215,Qwen3-VL-4B,"The image shows a green street sign with the words ""Greenville Rd"" and ""Greenville Cemetery"" on it. The sign is located on a road, with trees and a grassy area in the background. There are also some cars parked in the distance.","The image shows a green street sign with the text ""GREENVILLE RD"" and ""GREENVILLE CEMETERY"" on it. The sign is mounted on a metal pole and is located on a road. In the background, there are trees with green foliage, and a few cars are parked or moving on the road. The setting appears to be a rural or suburban area with a clear sky.","Signs point the way to a cemetery on a quiet road | A sign with the name of a street and the name of a cemetery posted on a quiet street. | Two green street signs giving direction to a cemetery. | A sign that reads greenville cemetery and greenville rd | Green and white street signs that read ""greenville rd"" and ""greenville cemetery."""
000000179251,Qwen3-VL-4B,"The image shows a bathroom scene with a young boy and a young girl brushing their teeth. The boy is wearing a striped shirt, and the girl is wearing a white shirt. There are various items on the countertop, including toothbrushes, toothpaste, and other bathroom essentials. The reflection in the mirror shows the boy and girl, as well as a person taking a photo. The bathroom has a light blue wall and a sink with a faucet.","In the image, there is a bathroom setting with a countertop that has various items on it. On the left side of the countertop, there is a child wearing a striped shirt, brushing their teeth. On the right side, there is another child wearing a white shirt, also brushing their teeth. Above the countertop, there is a mirror reflecting the scene. On the wall above the mirror, there are three colorful framed pictures. The bathroom has a light blue wall, and there is a",Two kids brushing teeth in the bathroom with man taking a picture. | Man taking photos of young children while brushing their teeth. | Two children brush their teeth while a man takes their picture. | Two young children are brushing their teeth in the bathroom while their father is taking their picture.  | Two young children are brushing their teeth in the bathroom mirror.
000000239252,Qwen3-VL-4B,"The image shows a bathroom scene with a white bathtub and a shower head mounted on the wall above it. The bathtub has a silver faucet and a silver shower head, and there is a silver hose connected to the shower head. A bottle of soap is placed on the edge of the bathtub, and a sponge is hanging on the side of the bathtub. The overall setting appears to be a clean and well-maintained bathroom.","The image shows a bathroom setting with a white bathtub. The bathtub has a classic design with a metal faucet and a showerhead attached to a flexible hose. The faucet has several knobs and a chain, suggesting it is a traditional style. There is a metal rack on the edge of the bathtub containing a sponge and a bottle of liquid soap. The wall behind the bathtub is tiled, and there is a round mirror on the left side of the image. The overall color scheme is white and metallic, giving","An elaborate contraption on a water faucet for a bathtub. | Bath tub with metal shower head, vanity mirror, and small utilities compartment.  | a bath tub with a flexible shower head  | a fancy shower and faucet attachment and a white tub | An intricate shower handle in a bathtub. "
000000040686,Qwen3-VL-4B,"The image shows the interior of a small living space, possibly a camper or a small apartment. The room features a kitchenette area with a white refrigerator, wooden cabinets, and a small stove. There is a bed with blue bedding and a window with a view of the outside. The room is well-lit, and there are various items and decorations scattered throughout, giving it a cozy and lived-in feel.","The image shows the interior of a small, compact living space, possibly a trailer or a small apartment. On the left side, there is a white refrigerator with a chrome handle and a small window. Above the refrigerator, there are wooden cabinets with metal handles. To the right of the refrigerator, there is a bed with blue and white pillows and a blue blanket. The bed is against a wall with a wooden door. Above the bed, there are more wooden cabinets. On the far right, there","A small room with wooden cabinets and two beds. | A motor home has a refrigerator, stove, and two beds. | A refrigerator and bed in a small room. | A motor home that has a small refrigerator and beds on both sides | A refrigerator surrounded by wood cabinets and single beds in a trailer."
000000410068,Qwen3-VL-4B,"The image depicts a woman walking down a cobblestone street holding a green umbrella. She is wearing a red jacket and black boots. The street is lined with parked cars, and there is a graffiti-covered truck parked on the side of the road. The scene appears to be in an urban area, possibly in a city with European architecture.","A person is walking down a cobblestone street holding a neon green umbrella. They are wearing a red jacket, white pants, and black boots. The street is lined with parked cars, and there is a graffiti-covered truck on the right side of the image. The scene appears to be in an urban area, possibly in a city with European architecture.","A person with an umbrella walking across the street. | a woman is crossing the street with an umbrella
 | A woman with a green striped umbrella crosses a street past a brightly painted truck. | A woman walking down the street holding an umbrella. | A woman with a green umbrella crosses the wet street."
000000001425,Qwen3-VL-4B,"The image shows a half-eaten sandwich on a white plate. The sandwich appears to have a filling inside, and there is a small container of sauce or condiment next to it. The setting seems to be a casual dining environment, possibly a café or a restaurant.","The image shows a close-up of a partially eaten sandwich on a white plate. The sandwich appears to have a filling that is dark and possibly meaty, and the bread is light and fluffy. There is a small container of sauce or condiment on the plate, which is partially visible. The background is blurred, focusing attention on the sandwich and the plate.",A meal is lying on a plate on a table. | part of a sandwich sitting on a table | A plate with a burger that is halfway eaten.  | A half eaten meal sitting on a plate. | A sandwich with a bite taken on a plate.
000000489924,Qwen3-VL-4B,"The image shows a person riding a skateboard on a paved surface. The skateboard has a wooden deck with a design on it, and the person is wearing a blue t-shirt with a graphic design, denim shorts, and patterned shoes. The background appears to be an outdoor setting, possibly a parking lot or a street.","A person is skateboarding on a paved surface. The skateboard has a wooden deck with a design on it. The person is wearing a blue t-shirt with a graphic design, light blue denim shorts, and black and white patterned shoes. The person's arms are extended for balance.",A girl on top of skate board on a street. | a young girl riding on a skate board | A child skateboards down the middle of a street | A girl riding a small skateboard on a street. | A girl is skate boarding on a short skateboard.
000000506982,Qwen3-VL-4B,"The image shows a stainless steel refrigerator with a water and ice dispenser on the door. The refrigerator is still in its original packaging, as indicated by the protective film on the doors and the presence of stickers and labels. There is a box labeled ""BROGAN"" next to the refrigerator, which appears to be the packaging for the appliance. The refrigerator is placed on a countertop, and there is a roll of paper towels and a bottle of water on the counter as well. The overall setting suggests","The image shows a stainless steel refrigerator with a water and ice dispenser on the door. The refrigerator is still in its packaging, as indicated by the protective plastic wrap on the front and sides. There are several yellow stickers on the refrigerator, likely indicating safety warnings or installation instructions. To the right of the refrigerator, there is a box labeled ""BROGAN"" with a white and blue design. On the countertop next to the box, there is a roll of paper towels and a can of cleaning",A steel refrigerator with several stickers on it. | A refrigerator with all the stickers still on it. | The new refrigerator still has stickers and tags. | A large metallic refrigerator freezer combo in a kitchen. | A refrigerator that still has its sale tags on it.
000000185622,Qwen3-VL-4B,"The image shows an airplane on a runway at an airport. The airplane is taking off or landing, and it is positioned in front of a large building with the logo ""ANA"" on it. The building appears to be an airport terminal or office building. The sky is clear, and the runway is surrounded by grass and other airport infrastructure.","The image shows an airplane on a runway, taking off or landing. The airplane is painted with a blue and white livery, featuring the logo and name ""ANA"" on its tail and fuselage. The background includes several large buildings with the logos ""ANA"" and ""JAL"" visible on them, indicating that this is likely an airport or an aviation facility. The sky is clear, and the runway is surrounded by grass and a fence.",A large jetliner taking off from a runway. | AN AIR PLANE IS ABOUT TO TAKE OFF THE RUNWAY  | An ANA airline plane taking off from an airstrip. | A large commercial plane about to fly at the airport. | A plane is taking off from an airport
000000342770,Qwen3-VL-4B,A man is standing next to a parked truck on a dirt road. The truck has a license plate and a backpack on the man's back. The surrounding area is filled with trees and foliage.,A man is standing next to a blue pickup truck on a dirt road surrounded by trees and foliage. The truck has a license plate and a backpack on the man's back. The environment appears to be a forested area.,Young man on side of the road pointing at a truck. | A man standing next to a parked truck in a forest. | Man in a white shirt standing next to a green truck.  | A man stands next to a truck on the side of the road. | Man standing next to truck on dirt road with trees
000000405444,Qwen3-VL-4B,"The image shows a young girl making homemade pizzas. She is adding cheese to the pizzas on a baking tray. There are two pizzas on the tray, one with pesto and another with tomato sauce and cheese. The girl is holding a bag of cheese, and there is a chair and a table in the background. The scene appears to be set in a kitchen or dining area.","A child is sitting at a table, holding a bag of cheese. In front of them is a baking tray with two homemade pizzas. One pizza has pesto and cheese, while the other has tomato sauce and cheese. The child appears to be in the process of adding cheese to the pizzas. The table is covered with a tablecloth, and there is a chair visible in the background.",A female child putting cheese on poorly made pizzas. | A young girl preparing two pizzas on the counter. | a small girl wearing a red shirt is making pizza | A little girl is adding cheese to homemade pizzas. | A young girl is making two types of mishaped pizza. | A girl adding toppings to two pizzas on a tray.
000000065057,Qwen3-VL-4B,"The image shows two people playing a game of flag football on a grassy field. One person is holding a football, while the other is chasing them, attempting to catch the flag on their belt.","In the image, there are two individuals playing a game of flag football on a grassy field. One person is wearing an orange jersey and black shorts, holding a football, while the other person is wearing a blue jersey and black shorts, chasing the player with the ball. Both players have white flags attached to their belts, which are used to mark the capture of the opposing team's players. The background includes a chain-link fence and a paved area.",A man with a football being chased by another man. | Woman running with a football with another woman chasing her.  | Two young men running across a soccer field. | A person with a football running with another person behind them. | A touch football player is being persued by an opponent.
000000309836,Qwen3-VL-4B,"The image shows a rocket launch with a visible exhaust trail in the sky, and a jet plane flying in the background.","The image shows a rocket launch with a visible exhaust trail against a cloudy sky. A jet plane is flying in the distance, to the right of the rocket's exhaust trail. The sky is partly cloudy with a mix of white and gray clouds.",A bird seems to be flying high in the air.  | jet plane flying at high altitude in front of a rocket | A rocket that just lifted off and a jet fighter | A small airplane flying high up in the air. | The shuttle launching in the air as a plane flies by.
000000295270,Qwen3-VL-4B,"The image depicts a serene outdoor setting with a white bench placed on a gravel path. The bench is surrounded by lush greenery, including bushes and trees, creating a peaceful and inviting atmosphere. In the background, there is a stone structure, possibly a tower or monument, adding an element of historical or architectural interest to the scene. The overall mood of the image is calm and tranquil, with the natural elements and the bench inviting viewers to sit and enjoy the surroundings.","The image depicts a serene garden setting with a white, ornate bench situated on a gravel path. The bench is made of metal with intricate designs on its armrests and backrest. To the left of the bench, there is a green, cylindrical object, possibly a trash can or a garden ornament. Surrounding the bench are various shrubs and bushes with different colors and textures, including green, yellow, and red foliage. In the background, there is a stone structure with an arched",A white and brown bench sitting on a sidewalk. | A two toned bench sitting in front of grass and bushes.  | A bench that is placed by some bushes. | there is a white and gray bench on the rocky road | The bench next to the building has wooden planks and a metal frame. 
000000117704,Qwen3-VL-4B,"The image shows a large boat with passengers on board, sailing on a body of water. The boat is decorated with various colors and designs, and it appears to be a tourist attraction. In the background, there is a city skyline with numerous tall buildings, including skyscrapers. The sky is clear, and the water is calm. There are also a few other boats visible in the distance.","The image depicts a large, colorful ferry boat on a body of water, likely a river or a bay. The boat is painted in vibrant red and yellow hues and has the name ""Robert Fulton"" on its side. It is carrying a large number of passengers, who are standing on the upper deck. The boat is moving through the water, creating a wake behind it. In the background, there is a city skyline with numerous tall buildings, including skyscrapers. The sky is clear with a","A red people ferry cruises along the pay with a load of passengers.  | A ferry is carrying people across the water. | A red, yellow and blue boat with city in the background. | A boat on the water near a big city. | A boat rides on top of the water."
000000282698,Qwen3-VL-4B,"The image shows a man wearing a plaid shirt and a tie, standing in front of a house with a tree in the background.","The image shows a person standing outdoors in front of a house. The person is wearing a plaid shirt with a tie and glasses. The house has a white exterior with a gray roof. There is a tree and some greenery in the background, and a utility pole is visible in the distance. The sky appears to be clear.","A man with glasses, checkered shirt and dotted tie | a man in glasses wearing a tie stands in front of a house | A man with a tie and glasses is by a house. | A man in glasses wearing a neck tie standing next to a building. | A MAN IN A COLLARED SHIRT AND TIE STANDING IN FRONT OF A HOUSE "
000000477470,Qwen3-VL-4B,"The image shows a street scene at night with a traffic light displaying red and yellow signals. There is a building in the background with a sign that reads ""La Cienega Bl."" The scene is illuminated by streetlights, and there is a car in the foreground with its headlights on. The overall atmosphere is foggy, adding to the dim lighting.","The image depicts a nighttime scene at an intersection. There are traffic lights showing red signals, indicating that vehicles must stop. The streetlights are on, casting a bright light over the scene. In the background, there is a building with a sign that reads ""La Cienega Bl."" The building appears to be a commercial establishment. The sky is dark, suggesting it is late evening or night. There are no visible pedestrians or moving vehicles, and the overall atmosphere is somewhat foggy or misty",A red traffic light with vehicles passing by too fast to capture. | A red stop light with street lights over head on a dark street. | A traffic signal suspended over a street at night. | The red light of a stop light showing through the dark. | The red light is illuminating the dark street.
000000291305,Qwen3-VL-4B,"The image depicts a parade or a similar event where a group of people are riding on horse-drawn carriages. The horses are pulling the carriages, and there are several people dressed in traditional or ceremonial attire, including uniforms and hats. The scene appears to be taking place in an urban area, with buildings and a street visible in the background. The atmosphere suggests a festive or celebratory occasion.","The image depicts a parade scene with a horse-drawn carriage in the foreground. A black horse is pulling a wooden carriage, which contains two men. One man is dressed in a red uniform with a hat, while the other is in a blue jacket and hat. The carriage is moving down a street lined with spectators and buildings. In the background, there are other horses and riders, some of whom are wearing red uniforms and hats, suggesting a military or ceremonial context. The street is bustling with activity",A horse pulls a carriage at the beginning of a parade | A horse and buggy is pulling some people down the road and there are more horses and people behind them.  | A couple of people on a horse pulled carriage. | a horse drawn carriage is coming down the street | Horse pulling carriage with two men followed by mounted guard in uniform.
000000383950,Qwen3-VL-4B,"The image shows a street sign for ""Flaming Lips Alley"" with a green background and white text. The sign is mounted on a pole, and there are trees and some buildings in the background. The street sign also has a logo on it, which appears to be related to the Flaming Lips, a well-known rock band.","The image shows a street sign that reads ""FLAMING LIPS ALLEY."" The sign is green with white text and is mounted on a metal pole. There is a small emblem on the left side of the sign, which appears to be a logo or symbol. Below the main sign, there is a smaller sign with a sticker or label attached to it. The background includes green foliage from trees and some buildings in the distance. There are also a few cars parked along the street.","A green and white street sign reading ""flaming lips alley."" | A street sign that reads flaming lips alley with a symbol on the left.  | This is a street sign for Flaming Lips Alley, which must be somewhere in England because it sounds pretty gay. | a street sign with trees in the background | The street sign is next to a full tree."
000000306303,Qwen3-VL-4B,"The image shows a cityscape with a tall building in the background. There are several traffic lights in the foreground, with one of them showing a red light. The sky is partly cloudy, and the overall scene appears to be taken during the day.","The image shows a cityscape with a prominent building in the background that has a distinctive, pointed roof. In the foreground, there are several traffic lights mounted on poles. The sky is partly cloudy with large, dark clouds on one side and a lighter, clearer sky on the other. The overall scene appears to be taken during the day, with the lighting suggesting it might be either early morning or late afternoon.",A city traffic light is red with a large billow of smoke in the background. | a street post with lights while clouds go by | A traffic light sitting under a blue cloud filled sky. | some clouds a traffic light and some buildings | Traffic lights and a thick cloud in the sky.
000000378244,Qwen3-VL-4B,"The image shows a person skiing down a snowy slope surrounded by trees. The skier is wearing a helmet and goggles, and is in the midst of a turn, with snow flying around them. The scene is set in a forested area with tall evergreen trees covered in snow.","A person is skiing down a snowy slope surrounded by evergreen trees. The skier is wearing a helmet, goggles, and dark clothing, and is holding ski poles. The snow appears deep and powdery, with the skier leaving a trail behind them. The trees are covered in snow, indicating a winter setting.",A person skiing down a slope next to snow covered trees. | A person in a ski suit skiing down a slope | Skier in a black going down the side of a mountain.  | A skier skiing down a snow filled slope. | A person skis through some trees down a hill
000000278627,Qwen3-VL-4B,The image is a collage of six photos from a restaurant. The top left photo shows a man in a green shirt with his arm raised. The top right photo displays a plate of fried prawns. The middle left photo shows a couple sitting at a table with a plate of food in front of them. The middle right photo features a plate of stir-fried vegetables. The bottom left photo shows a woman in a pink shirt with a drink in her hand. The bottom right photo displays a menu from,"The image is a collage of six photos, each depicting different food items and people in a restaurant setting. 

1. The top left photo shows a person in a light blue shirt with their arm raised, possibly in a gesture of excitement or greeting.
2. The top middle photo features a plate of fried seafood, likely shrimp, with a fork and knife on the side.
3. The top right photo shows a close-up of a dish with various vegetables and possibly some meat, garnished with herbs",A series of photos showing people eating food. | there are six different pictures of people either eating or food | many different pictures of people and food and drinks | A man and a woman in front of a variety of food.  | there is a picture collage of two people at a restaurant 
000000522418,Qwen3-VL-4B,"A person in a red shirt is cutting a large, rectangular cake with a knife. The cake is placed on a table, and the person is wearing a hairnet. The setting appears to be a kitchen or a food preparation area, with various kitchen equipment and containers visible in the background.","A person in a red shirt and hairnet is holding a knife and appears to be cutting a large, rectangular block of what looks like butter or cheese. The setting seems to be a kitchen or food preparation area, with stainless steel equipment and a door in the background.",A woman wearing a net on her head cutting a cake.  | A woman cutting a large white sheet cake. | A woman wearing a hair net cutting a large sheet cake. | there is a woman that is cutting a white cake | A woman marking a cake with the back of a chef's knife. 
000000120282,Qwen3-VL-4B,"The image shows a group of birds swimming in a body of water. There are several ducks and a swan, with the swan being the largest and most prominent bird in the scene. The water is calm, and the birds are spread out across the surface, creating a serene and peaceful atmosphere. The lighting suggests that it might be either early morning or late evening, as the sky appears to be dimly lit.","The image depicts a serene water scene with several birds. There is a large bird, likely a swan, with a long neck and a distinctive white body, swimming in the center of the image. Surrounding the swan are several smaller birds, possibly ducks, swimming in a line. The water is calm, with gentle ripples, and the sky reflects a soft, muted light, suggesting either dawn or dusk. The overall mood of the image is peaceful and tranquil.",A family of ducks floating across a lake. | A swan in the water being followed by its babies. | Some small ducks in the water trailing behind a large duck | A mother swan being followed by a bunch of ducklings | There are some baby ducks following their mother
000000180982,Qwen3-VL-4B,"The image depicts a train yard with several trains on the tracks. There are three main trains visible, each with different colors and designs. The train on the left is a steam locomotive with a black and red body, the middle train is a passenger train with a pink and white body, and the train on the right is a freight train with a blue and brown body. The tracks are surrounded by trees and bushes, and the sky is clear with some clouds. The overall scene gives a sense of","The image depicts a railway scene with several trains on different tracks. There are three main trains visible:

1. A steam locomotive with a blue and red engine, pulling a passenger car with a pink and white exterior.
2. A steam locomotive with a black and red engine, pulling a passenger car with a white and red exterior.
3. A steam locomotive with a blue and red engine, pulling a freight car with a brown and white exterior.

The trains are on parallel tracks, with",A group of trains passing by each other on a track. | old fashioned trains sitting on the tracks  | A group of trains sitting on top of train tracks. | Several railroad tracks that have trains on them. | A variety of trains traveling on railroad tracks. 
000000395575,Qwen3-VL-4B,"The image depicts a serene outdoor scene with a body of water in the foreground, reflecting the surrounding landscape. In the background, there is a wooden bench and a statue or sculpture, both of which are also reflected in the water. The setting appears to be a park or garden, with trees and bushes lining the area. The lighting suggests it is either early morning or late afternoon, creating a peaceful and tranquil atmosphere.","The image depicts a serene outdoor scene with a calm body of water in the foreground, reflecting the surrounding landscape. The reflection includes a wooden bench and a statue or sculpture, both of which are positioned on the far side of the water. The background features a variety of trees with green foliage, and the sky is clear with a light blue hue. The overall atmosphere appears peaceful and tranquil.","THERE IS A BENCH IN FRONT OF TE LAKE  | A bench in a green park overlooks a reflecting pool. | a bench sits between a pond and the tree line | View of a pond with reflection of the surrounding scenery, with a bench and statue surrounded with flowers and trees, | A picture full of water and some trees around. "
000000356742,Qwen3-VL-4B,"The image shows a stack of books arranged in a vertical line. The books are of various sizes and appear to be placed on a surface, possibly a table or a shelf. The titles and authors of the books are visible, and the stack includes a mix of different genres and topics. The image is in black and white, giving it a classic and timeless feel.","The image shows a stack of books arranged vertically on a surface. The books are of various sizes and appear to be hardcover editions. The titles and authors of the books are visible, but the text is not legible. The stack is placed against a striped background, possibly a curtain or wall. The books are arranged in a way that the spines are facing outward, making the titles and authors' names visible. The image is in black and white, and the lighting is even, without any","A stack of books sitting on top of a table. | A group of books that are stacked on each other. | Variety of books stacked on table in indoor environment. | a bunch of books are stacked up on a table | Various different types of books, including non-fiction, are piled in one high pile."
000000163296,Qwen3-VL-4B,"The image shows a close-up of a plant with green leaves and a cluster of small, green buds or flowers. The plant appears to be in a natural setting, possibly a garden or a field. The leaves are large and have a slightly wavy edge, while the buds are clustered together and have a somewhat fuzzy appearance. The overall color scheme is green, with varying shades of green in the leaves and buds.","The image shows a close-up of a plant with large, green, and slightly wrinkled leaves. The leaves are arranged around a central, bulbous structure that appears to be a developing flower or fruit. The central structure is composed of numerous small, green, and rounded buds, which are clustered together. The background is blurred, focusing attention on the plant and its central structure.",A close up image of a green plant that looks like lettuce.  | A close up picture of a green budding plant. | A close shot of a unique looking tree.  | Broccoli just beginning to bud open and blossom | A green plant with a lot of leaves growing on it.
000000579231,Qwen3-VL-4B,"The image captures a baseball game in progress, with a batter, catcher, and umpire visible. The batter is holding a baseball bat, while the catcher is wearing a mask and a blue jersey, and the umpire is dressed in a red shirt. The scene is set on a baseball field, with the home plate and the batter's box clearly visible.","A baseball player in a white uniform with blue stripes is holding a bat, preparing to swing. A catcher in a blue uniform with the number 23 is crouched behind him, wearing a helmet and a catcher's mitt. An umpire in a red shirt and black pants is standing behind the catcher, also wearing a helmet. The scene takes place on a baseball field with a dirt infield and a green grass outfield.","A baseball player standing next to home plate. | A group of men on a field playing baseball. | A batter, catcher and umpire in a baseball game. | A batter on the field at a baseball game | A baseball player holding a bat with catcher and umpire."
000000535934,Qwen3-VL-4B,"The image depicts a group of people sitting around a table, engaged in a wine tasting event. There are several wine glasses on the table, with some filled with wine and others empty. The people are focused on the wine, and the atmosphere appears to be social and relaxed. The setting seems to be a wine bar or a similar venue, with a warm and inviting ambiance.","The image depicts a group of people gathered around a long wooden table, engaged in a wine tasting event. The table is adorned with various wine glasses, some filled with wine, and others empty. There are also several bottles of wine and a bowl on the table. The people are dressed in casual to semi-formal attire, and the setting appears to be a cozy, well-lit room with a warm ambiance. In the background, there is a red wall with a wooden door and shelves displaying various",There is no image here to provide a caption for. | Group of people standing in front of a table with wine glasses.  | A group of people sitting around a table with glasses of wine. | A group of people having dinner and drinking wine.  | a group of people sitting at a long table drinking glasses of wine 
000000283168,Qwen3-VL-4B,"The image shows a meal consisting of a sandwich and a side dish, placed on a grassy surface. The sandwich is in a foam container, and the side dish is in a small cup. There is also a fork placed on top of the foam container. The meal appears to be a casual, outdoor setting, possibly a picnic or a quick meal.","The image shows a meal setup on a grassy surface. There is a white foam container with a pulled pork sandwich inside, topped with a bun and a slice of cheese. Next to the sandwich, there is a small container of what appears to be barbecue sauce. A white plastic fork is placed on top of the foam container. The grass is green and appears to be well-maintained.",A large sandwich in a styrofoam container with a fork. | A giant sandwich inside of a foam box next to a container of sauce. | A container with a sandwich and a cup of sauce sitting in the grass. | A barbecue sandwich in a foam container on the grass. | A container with a meat sandwich and fork is sitting on the grass.
000000381895,Qwen3-VL-4B,"The image features a woman with blonde hair and a teddy bear with a flower on its ear. The teddy bear is positioned next to the woman, and there is a blue circular logo with text in the background. The text mentions that the product is ""Phyto defrisant balm"" and has been voted number one by Vogue, Cosmo, and Instyle.","The image shows a poster featuring a woman with curly hair and a teddy bear with a flower on its ear. The poster includes text that mentions ""Phyto defrisant balm"" and states it is ""Voted Number One"" by Vogue, Cosmo, and Instyle. The background is blue with a white circular shape.",a teddy bear next to a picture of a woman | A fluffy teddy bear next to a hair product ad | A woman with a bear in a photo with a sign.  | a woman a sign and a tan teddy bear | A teddy bear posing next to a magazine model.
000000516214,Qwen3-VL-4B,"The image shows a collection of luggage bags and suitcases arranged on a tiled floor. The bags are of various sizes and colors, including orange, brown, and black. Each bag has a tag attached to it, likely for identification purposes. The tags are yellow and white, and they are placed on the handles or straps of the bags. The luggage appears to be in a waiting area, possibly at an airport or a hotel lobby. The floor is made of white tiles, and the overall scene suggests","The image shows a collection of luggage and bags on a tiled floor. There are various suitcases and backpacks, each with tags attached, indicating they are checked or ready for travel. The suitcases come in different colors and sizes, including brown, orange, and black. Some of the bags have visible straps and handles, and there are tags with numbers or letters attached to them, likely for identification purposes. The floor is made of large, light-colored tiles, and the overall setting appears to be",Lots of luggage sitting on the ground at an airport  | Luggage with airport luggage tags on the handles. | A bunch of luggage is sitting and waiting. | Several suitcase on the floor with tags on them. | A row of suitcases is lined up in an airport.
000000000428,Qwen3-VL-4B,The image shows a baby standing in front of a birthday cake with a candle on it. The baby is holding a balloon and appears to be enjoying the celebration.,"A baby is standing in front of a birthday cake with a single candle on it. The baby has a polka-dotted bib around their neck and is holding a small piece of cake in one hand. There are two white balloons in the background, and the baby appears to be in a room with a light-colored wall.",a close up of a child next to a cake with balloons | A baby sitting in front of a cake wearing a tie. | The young boy is dressed in a tie that matches his cake.  | A child eating a birthday cake near some balloons. | A baby eating a cake with a tie around his/her neck with balloons in the background.
000000285961,Qwen3-VL-4B,"The image shows a giraffe with its head and neck visible against a background of green trees. The giraffe appears to be in a natural setting, possibly a zoo or a wildlife reserve.","The image shows a giraffe with a long neck and a pattern of brown patches separated by lighter lines. The giraffe is positioned against a background of green foliage, suggesting it is in a natural setting, possibly a forest or a zoo. The giraffe's head is turned slightly to the left, and it appears to be looking forward. The background is blurred, with the focus on the giraffe, making the green leaves and branches appear out of focus.","A giraffe standing next to leaf filled trees. | The head of a giraffe with trees behind it. | The head of a giraffe surrounded by leaves | A sunlit giraffe's head and neck against a background of trees. | A giraffe is standing near some green, leafy trees."
000000269975,Qwen3-VL-4B,"The image depicts a busy street scene with various vehicles, including buses and cars, navigating through the area. There are also several people walking on the sidewalks and standing near the vehicles. The street is lined with trees and buildings, creating a lively urban atmosphere.","The image depicts a busy urban street scene with several vehicles, including buses and cars. There are two red double-decker buses, one of which is a ""National Express"" bus. A red car is also present, along with a few other vehicles. The street is lined with trees and buildings, and there are pedestrians on the sidewalk. The sky appears overcast.",A London roundabout with double decker buses and taxi cabs. | Cars and buses driving around a traffic circle. | Several double decker buses along with other cars are traveling down a street. | A very wide road filled with people and some vehicles. | A city street with cars and buses and people walking on the sidewalk 
000000197350,Qwen3-VL-4B,"The image shows a female tennis player on a tennis court, holding a tennis racket and preparing to play. She is wearing a red dress and white shoes, and there is a Kia advertisement in the background.","A female tennis player is on a blue tennis court, wearing a red outfit and white shoes. She is holding a tennis racket and appears to be in a ready position, possibly preparing to hit a ball. In the background, there is a large advertisement for Kia.",A woman in a red dress playing a game of tennis. | A tennis player readies herself to receive a serve. | A female tennis player playing tennis during the day. | a tennis player on a court holding a racket | A female tennis player holding her racket. 
000000404462,Qwen3-VL-4B,"The image is a black and white photograph taken with a camera that appears to have a light leak, as evidenced by the light streaks on the left and right sides. The photograph captures a small, enclosed space with a single object hanging on the wall. The object resembles a hat or a similar item. The room has a minimalist design with plain walls and a wooden floor. The overall composition gives a sense of simplicity and quietness.","The image is a black and white photograph taken with a camera that appears to have a light leak, as evidenced by the light streaks on the left and right edges. The photograph captures a small, enclosed space with a single object hanging on the wall. The object resembles a hat or a similar round shape. The room has a minimalist design with plain walls and a wooden floor. There is a small, rectangular object on the floor to the right of the hanging object. The overall lighting is dim,",A black and white photograph of something I cannot quite make out.  | a black and white photo of a something on display | Black and white photograph of a vase in display case. | A weird box with a strange object inside of it; | An unclear photo of some type of plumbing.
000000546639,Qwen3-VL-4B,"The image depicts a cluttered office space with a desk, a chair, and various items scattered around. The desk has a laptop, papers, and a printer on it. There are also bookshelves filled with books and other items. The room appears to be in disarray, with papers and books strewn about.","The image depicts a cluttered home office. On the left, there is a bookshelf filled with books and other items. Below the bookshelf, there is a brown leather office chair. To the right of the chair, there is a desk with a laptop open, several papers, and a printer on top of a wooden cabinet. The desk has drawers with handles. The room appears to be in a state of disarray, with various items scattered around.","A home office with leather desk chair, computer and hutch, and bookshelves, with books scattered on the floor. | A brown chair sitting in front of a laptop computer. | An open laptop sits on a desk in front of an office chair. | a home study with a workstation with a laptop and a bookshelf under a framed diploma | Office chair in front of laptop on small desk in messy office."
000000571835,Qwen3-VL-4B,"A curious kitten is peeking out from a suitcase, which is placed on a couch. The suitcase is filled with various items, and the kitten seems to be exploring its surroundings. The couch has a colorful pattern, and the overall scene gives a sense of a cozy, homey environment.","A small kitten is peeking out from an open suitcase. The suitcase is placed on a surface, possibly a bed or a couch, with a patterned pillow and a blanket nearby. The kitten appears to be curious, with its paw extended forward. The background includes a wall and part of a couch with a floral pattern.",A grey tabby kitten inside a black suit case. | A small kitten sitting inside of a bag. | A cat on a suitcase is reaching for a pillow.  | A cat laying in a suitcase next to a pillow. | a kitten in a suitcase pawing at a pillow
000000302710,Qwen3-VL-4B,"The image shows two police motorcycles parked on a street in front of a building. The motorcycles are white and have the letters ""NYPD"" on them, indicating that they belong to the New York Police Department. The scene appears to be in an urban area, with a brick building in the background and a small awning visible above the entrance. The motorcycles are equipped with various police equipment, such as lights and sirens, and are positioned side by side on the street.","Two NYPD police motorcycles are parked side by side on a street in front of a building with a brick facade. The motorcycles are equipped with radio communication devices and have the ""NYPD"" logo on their sides. The building has large windows and a sign that reads ""Alma."" There is a potted plant visible on the right side of the image.",Two NYPD motorcycles parked along a city street. | Two police motorcycles are parked outside a brick building. | Two NYPD motorcycles are parked in front of a building. | Two NYPD motorcycles are parked at the curb. | Two NYPD motorcycles parked on the street in front of a brick building.
000000437618,Qwen3-VL-4B,"The image depicts a room with a large screen displaying a classroom setting. There are several tables and chairs arranged in rows, and the room appears to be set up for a presentation or lecture. The room has a modern design with a combination of wooden and metal furniture.","The image shows a room with a large flat-screen television mounted on a wall. The television displays an image of a classroom setting with rows of desks and chairs. In front of the television, there are several tables and chairs arranged in a similar manner. The room has a carpet with a colorful pattern, and there is a small table with a fan on it. The overall setting appears to be a training or meeting room.",A large television and some chairs in a room. | some tables chairs a yellow rug and some monitors  | Two tall television monitors are next to chairs and desk. | A room with large desks and chairs with two television monitors. | A table is shown with chairs and televisions.
000000415538,Qwen3-VL-4B,"The image shows a person sitting on a green couch, wearing a black blazer over a red and white checkered shirt. They are also wearing light blue tights and holding a cell phone in their hand. The person appears to be in a relaxed pose, with their legs crossed and one arm resting on the couch. The background includes a shelf with various items on it.",A person is wearing a black blazer over a red and white checkered shirt. They are also wearing light blue tights and holding a small electronic device in their hand. The background includes a shelf with various items on it.,A woman wearing a short skirt and a plaid shirt. | A woman wearing unmatched clothes carrying a phone. | a girl in a blue jacket and red checked shirt holding a cell phone | a person is wearing a red shirt and coat | A young lady wearing a red and white checkered shirt and black suit coat holding a cell phone.
000000415872,Qwen3-VL-4B,"The image shows a person wearing a yellow snowsuit and carrying a snowboard. The person is standing on a snowy surface, and there is a net in the background. The snowboard is held under the person's arm, and they appear to be preparing to snowboard or have just finished snowboarding.",A person in a beige outfit is holding a snowboard. The person is wearing a helmet and goggles. The snowboard has bindings and is attached to the person's feet. The background shows a net and snow-covered ground.,A man in an inflatable sumo suit walking by with a snowboard. | A man in a large padded sumo costume carrying a snowboard across the snow. | A person in a Sumo wrestler suit walking with a snowboard. | A man wearing a sumo wrestler outfit holding a pair of skis. | Someone in an enormous fat puffy suit carrying a snowboard.
000000200717,Qwen3-VL-4B,"The image shows a person playing frisbee on a grassy field. There are several cars parked in the background, and the person is wearing a blue shirt and black shorts. The frisbee is in the air, and the person appears to be in the middle of a throw or catch.","A person is playing frisbee on a grassy field. They are wearing a blue shirt, black shorts, and red shoes. The frisbee is in their hand, and they appear to be in motion, possibly catching or throwing it. In the background, there are several cars parked, and some people are standing or walking around. The sky is clear, and there are trees and tents visible in the distance.",Adult man on grassy field playing disc game. | A man is running in the grass playing with a Frisbee. | a man that is throwing a frizbe around | People playing Frisbee on a large grassy field in front of a parking lot. | A man holding a while frisbee while standing on a field.
000000481413,Qwen3-VL-4B,"A child is standing on the beach, holding a pink frisbee. The child is wearing colorful shorts and appears to be looking towards the ocean. The waves are gently crashing onto the shore, and the sky is clear with a few clouds.","A young child is standing on a sandy beach, holding a pink frisbee. The child is wearing colorful shorts and appears to be looking out towards the ocean. The waves are gently crashing onto the shore, and the sky is clear with a few scattered clouds. The child is barefoot, and the beach appears to be relatively empty.",A small child is holding a frisbee while looking at the beach.  | A toddler boy stands at the ocean's edge | A toddler is standing on the shore holding a Frisbee. | A very small boy on the beach with a disc. | Baby boy with Frisbee on beach near surf watching the waves. 
000000445569,Qwen3-VL-4B,"The image is a black and white photograph of an elephant. The elephant is standing in a natural setting, possibly a savannah or a similar environment. The background features a hill covered with trees and a structure that appears to be a building or a shelter. The elephant is the main subject of the image, occupying a significant portion of the frame.","The image is a black and white photograph featuring an elephant in the foreground. The elephant is positioned with its head lowered, possibly grazing or interacting with the ground. The background includes a grassy area with a few scattered trees and a structure that appears to be a building or shelter. The landscape suggests a natural, possibly savannah-like environment. The sky is clear, and the overall scene is serene.",The elephant appears to have a lot of wrinkles. | A elephant that is standing in the dirt. | A large elephant is very close to the camera. | A large elephant standing in the middle of a field. | A large elephant standing up by some water.
000000159451,Qwen3-VL-4B,"The image shows a large yellow construction vehicle parked in front of a building. The vehicle has the word ""Stobart"" and ""Rail"" written on it, indicating it is likely used for rail-related construction work. The vehicle has large tires and a sturdy build, suggesting it is designed for heavy-duty tasks. The background includes a building with a corrugated metal roof and some greenery, indicating an outdoor setting.","The image shows a large, yellow construction vehicle parked in front of a building. The vehicle has the word ""Stobart"" and ""Rail"" written on its side, indicating it is likely used for rail-related construction work. The vehicle has a robust, heavy-duty design with large, rugged tires and a cabin with a large front window. The building behind the vehicle appears to be industrial, with a corrugated metal roof and brick walls. There is some greenery and dirt around the vehicle",a large dump truck on a dirt road | A yellow dump truck that is near a building. | A large construction dump truck parked by a warehouse | The big truck is waiting for its owner. | A large piece of equipment is parked next to a building.
000000079653,Qwen3-VL-4B,"The image shows a green backpack with a small compartment open, revealing a white object inside. The object appears to be a small electronic device, possibly a camera or a similar gadget. The backpack has a black zipper and is placed on a surface, likely a floor or a table.","The image shows a green backpack with a partially unzipped front pocket. Inside the pocket, there is a white object with a black circular feature, which appears to be a camera or a similar device. The device is connected to a black cable. The backpack has a black zipper and is placed on a surface with a light-colored background.",A mouse is wrapped in its own cord and wrapped in a backpack. | A green backpack with a computer mouse poking out. | A large piece of green luggage sitting on the ground. | A computer mouse is hanging out of a book bag. | A trackball mouse in the pocket of a green backpack.
000000266951,Qwen3-VL-4B,"The image shows two hot dogs on a table. The hot dog in the foreground is topped with chili and shredded cheese, while the one in the background has chili, onions, and mustard. Both hot dogs are placed on aluminum foil and are served on a red tray. The setting appears to be a casual dining environment, possibly at a fast-food restaurant or a picnic.","The image shows two hot dogs on a table. Each hot dog is placed on a piece of tinfoil and is wrapped in a red tray. The hot dog in the foreground is topped with a generous amount of shredded cheese and a dark sauce, possibly chili. The hot dog in the background is topped with diced onions and a similar dark sauce. Both hot dogs are in buns. The table appears to be covered with a white paper or napkin.",Two hot dogs covered in chili and sour kraut. | A hot dog bun stuffed with alot of  sauce. | Two hot dogs in wrappers on a table. | Two hotdogs with chilli an onions on a tray. | Two hot dogs with toppings sit on foil wrappers.
000000485731,Qwen3-VL-4B,"The image depicts a modern kitchen with a clean and organized layout. The kitchen features white cabinets, stainless steel appliances, and a metallic countertop. There are two stools at the island, and the floor is made of light-colored wood. The kitchen also includes a refrigerator, oven, and a microwave, all integrated into the overall design. The overall atmosphere is bright and airy, with a focus on functionality and style.","The image depicts a modern kitchen with a clean and organized layout. The kitchen features white cabinetry with silver handles, stainless steel appliances, and a gray countertop. There are two stools at the island, which has a smooth, shiny surface. The floor is made of light-colored wood. The kitchen includes a refrigerator, an oven with a stovetop, and a microwave above the oven. The backsplash is composed of small, white square tiles. There are also several decorative items and kitchen","A small kitchen with a stove and counters. | A shot of a kitchen with an island, stools and stainless steel appliances. | A kitchen filled with appliances and stools next to food. | A bright kitchen with light cabinets, stove, microwave and refrigerator. | Modern kitchen with counter and cabinet and hardwood floors."
000000314865,Qwen3-VL-4B,"The image shows a room with a white door on the right side, a window on the left side, and a staircase in the middle. There are various items on the floor, including a refrigerator, a bucket, and a paint tray. The room appears to be under construction or renovation.","The image shows an empty room with a red floor. There is a white refrigerator with a black and gray cloth draped over it. A staircase with wooden steps is visible in the background, leading up to a window. On the floor, there are two buckets, a paint tray, and a paintbrush. The room has white walls and a door on the right side. Natural light is coming through the window, illuminating the room.","A refrigerator that is in an otherwise empty room. | Empty room ready for paint and flooring to be updated. | A mostly empty room with paint cans and a refrigerator. | An empty room with a refrigerator, drop cloth, paint buckets and trays. | A house has a small staircase and a disconnected refrigerator. "
000000088094,Qwen3-VL-4B,"The image shows a steam train traveling down a track in a rural area. The train is passing by a row of houses, which appear to be made of stone or brick. The houses have a traditional architectural style, with sloped roofs and chimneys. The scene is set in a countryside environment, with trees and greenery surrounding the tracks. There are also some cars parked near the houses, indicating that this might be a residential area. The steam from the train adds a nostalgic and historical feel to","The image depicts a steam train traveling on a set of tracks through a rural area. The train is emitting steam, indicating it is in operation. Surrounding the tracks are several stone houses with sloped roofs and chimneys. The houses are situated on a hillside, and there are trees and bushes in the foreground. In the background, there are power lines and a telephone pole. A few cars are parked near the houses, and there is a sign with the word ""STOP"" visible on the",A steam train coming through town with houses in the back. | A train is seen passing by some houses | Smoke billows from the train travelling down the track. | a train being operated on a train track  | A steam engine chugs along pulling coal cars behind it past a rural township. 
000000220607,Qwen3-VL-4B,"The image depicts a large conference room filled with people sitting at tables, working on laptops. The room has a modern design with a high ceiling and bright lighting. There are several cameras and microphones set up around the room, indicating that the event is being recorded or broadcasted. The atmosphere appears to be focused and professional, with attendees engaged in their work or discussions.","The image depicts a conference or meeting room with several people seated at tables, each equipped with laptops. The room has a modern design with a high ceiling and a large window. The tables are arranged in rows, and there are multiple cameras and microphones set up, indicating that the event is being recorded or broadcasted. The attendees appear to be engaged in discussions or presentations, with some looking at their laptops and others conversing with each other. The room is well-lit, and there are various",A conference room is packed with people sitting at their laptops. | Several business people sitting with laptops at a conference. | A meeting with people sitting at tables with laptops on.  | People sitting at desk in front of their laptops.  | Long tables filled with people using laptops 
000000292232,Qwen3-VL-4B,"A black cat is sitting inside an open suitcase, peeking out from the top. The suitcase is placed on a surface, possibly a bed or a table, and there are some items around it, including a tag and a strap. The image is in black and white, giving it a classic and timeless feel.","A black cat is sitting inside an open suitcase. The suitcase is black and appears to be made of a soft material. The cat is looking directly at the camera with its eyes wide open. The suitcase is on a surface, possibly a bed or a table, and there are some items around it, including a strap and a tag. The image is in black and white.",A cat that is in a piece of luggage. | A black cat laying inside of a black piece of luggage. | The cat is laying down in the suitcase.  | A black cat peering out of a suit case with a scared look. | a black cat lying in an empty suitcase peers out over the edge of the suitcase
000000210980,Qwen3-VL-4B,"The image shows a man riding an elephant down a street. The elephant is carrying a blanket on its back, and there are several people and vehicles in the background. The scene appears to be in a busy area with various modes of transportation and a lot of activity.","An elephant is walking down a street, carrying a person on its back. The person is wearing a light-colored shirt and dark pants. The elephant is covered with a blanket and has a saddle on its back. In the background, there are several people walking and riding bicycles, a van, and a truck. There are also trees and a billboard in the scene. The street appears to be busy with various modes of transportation and pedestrians.",A large elephant carrying a man down the street | a man riding an elephant down a street | A man rides an elephant down a crowded street. | A man riding an elephant down a street. | Large grey elephant carrying a man down a city street. 
000000187352,Qwen3-VL-4B,"The image shows a person playing tennis on a court at night. The person is wearing a yellow shirt and blue shorts, and is in the middle of a serve. The court is surrounded by a green fence, and there are tall buildings in the background.","A person is playing tennis on an outdoor court at night. The person is wearing a yellow shirt, blue shorts, and black shoes. They are in the middle of a serve, with their racket raised above their head. The court is surrounded by a green fence, and there are tall buildings with lights in the background. The court is well-lit by several streetlights.",The young man tennis player is serving the ball. | a man is getting ready to serve a tennis ball | A man about to hit a tennis ball in the air. | A man gets ready to swing a tennis racket. | a man holding a tennis racquet on a tennis court.
